{'left': 43211, 'right': 82663}, 0.001533981, {'header': {'stamp': {'sec': 1650618931, 'nanosec': 549966959}, 'frame_id': 'imu_link'}, 'orientation': {'x': 0.014521677047014236, 'y': 0.004823657684028149, 'z': 0.5927457213401794, 'w': 0.8052389621734619}, 'orientation_covariance': [0.0, 0.0, 0.0, 0.0, 0.0, 0.0, 0.0, 0.0, 0.0], 'angular_velocity': {'x': 0.0, 'y': 0.0, 'z': 0.0}, 'angular_velocity_covariance': [0.0, 0.0, 0.0, 0.0, 0.0, 0.0, 0.0, 0.0, 0.0], 'linear_acceleration': {'x': 0.04249707981944084, 'y': 0.3190273642539978, 'z': 10.018536567687988}, 'linear_acceleration_covariance': [0.0, 0.0, 0.0, 0.0, 0.0, 0.0, 0.0, 0.0, 0.0]}, 72.70608093118021, 0.0
{'left': 43211, 'right': 82663}, 0.001533981, {'header': {'stamp': {'sec': 1650618931, 'nanosec': 549966959}, 'frame_id': 'imu_link'}, 'orientation': {'x': 0.014521677047014236, 'y': 0.004823657684028149, 'z': 0.5927457213401794, 'w': 0.8052389621734619}, 'orientation_covariance': [0.0, 0.0, 0.0, 0.0, 0.0, 0.0, 0.0, 0.0, 0.0], 'angular_velocity': {'x': 0.0, 'y': 0.0, 'z': 0.0}, 'angular_velocity_covariance': [0.0, 0.0, 0.0, 0.0, 0.0, 0.0, 0.0, 0.0, 0.0], 'linear_acceleration': {'x': 0.04249707981944084, 'y': 0.3190273642539978, 'z': 10.018536567687988}, 'linear_acceleration_covariance': [0.0, 0.0, 0.0, 0.0, 0.0, 0.0, 0.0, 0.0, 0.0]}, 72.70074097932327, 0.047829627990722656
{'left': 43211, 'right': 82663}, 0.001533981, {'header': {'stamp': {'sec': 1650618931, 'nanosec': 599983886}, 'frame_id': 'imu_link'}, 'orientation': {'x': 0.016325319185853004, 'y': 0.0062307436019182205, 'z': 0.5926949381828308, 'w': 0.8052319884300232}, 'orientation_covariance': [0.0, 0.0, 0.0, 0.0, 0.0, 0.0, 0.0, 0.0, 0.0], 'angular_velocity': {'x': 0.0, 'y': 0.0, 'z': 0.0}, 'angular_velocity_covariance': [0.0, 0.0, 0.0, 0.0, 0.0, 0.0, 0.0, 0.0, 0.0], 'linear_acceleration': {'x': 0.09876082092523575, 'y': 0.3315969407558441, 'z': 10.078392028808594}, 'linear_acceleration_covariance': [0.0, 0.0, 0.0, 0.0, 0.0, 0.0, 0.0, 0.0, 0.0]}, 72.70140928231591, 0.09333038330078125
{'left': 43211, 'right': 82663}, 0.001533981, {'header': {'stamp': {'sec': 1650618931, 'nanosec': 649970240}, 'frame_id': 'imu_link'}, 'orientation': {'x': 0.015875505283474922, 'y': 0.006256827153265476, 'z': 0.5926986932754517, 'w': 0.8052381277084351}, 'orientation_covariance': [0.0, 0.0, 0.0, 0.0, 0.0, 0.0, 0.0, 0.0, 0.0], 'angular_velocity': {'x': 0.0, 'y': 0.0, 'z': 0.0}, 'angular_velocity_covariance': [0.0, 0.0, 0.0, 0.0, 0.0, 0.0, 0.0, 0.0, 0.0], 'linear_acceleration': {'x': 0.10235211998224258, 'y': 0.3537432849407196, 'z': 10.102932929992676}, 'linear_acceleration_covariance': [0.0, 0.0, 0.0, 0.0, 0.0, 0.0, 0.0, 0.0, 0.0]}, 73.22976066474317, 0.14035558700561523
{'left': 43175, 'right': 82696}, 0.001533981, {'header': {'stamp': {'sec': 1650618931, 'nanosec': 700052740}, 'frame_id': 'imu_link'}, 'orientation': {'x': 0.014652669429779053, 'y': 0.004169813822954893, 'z': 0.5964265465736389, 'w': 0.8025177717208862}, 'orientation_covariance': [0.0, 0.0, 0.0, 0.0, 0.0, 0.0, 0.0, 0.0, 0.0], 'angular_velocity': {'x': 0.0, 'y': 0.007449400145560503, 'z': 0.5033665895462036}, 'angular_velocity_covariance': [0.0, 0.0, 0.0, 0.0, 0.0, 0.0, 0.0, 0.0, 0.0], 'linear_acceleration': {'x': 0.23104046285152435, 'y': -0.8708908557891846, 'z': 10.466851234436035}, 'linear_acceleration_covariance': [0.0, 0.0, 0.0, 0.0, 0.0, 0.0, 0.0, 0.0, 0.0]}, 73.22976066474317, 0.18639302253723145
{'left': 43175, 'right': 82696}, 0.001533981, {'header': {'stamp': {'sec': 1650618931, 'nanosec': 749981438}, 'frame_id': 'imu_link'}, 'orientation': {'x': 0.014639350585639477, 'y': -0.0013372717658057809, 'z': 0.6261574625968933, 'w': 0.7795524597167969}, 'orientation_covariance': [0.0, 0.0, 0.0, 0.0, 0.0, 0.0, 0.0, 0.0, 0.0], 'angular_velocity': {'x': -0.06385199725627899, 'y': 0.012770400382578373, 'z': 1.4696601629257202}, 'angular_velocity_covariance': [0.0, 0.0, 0.0, 0.0, 0.0, 0.0, 0.0, 0.0, 0.0], 'linear_acceleration': {'x': 0.6751648783683777, 'y': 0.2579752206802368, 'z': 9.420584678649902}, 'linear_acceleration_covariance': [0.0, 0.0, 0.0, 0.0, 0.0, 0.0, 0.0, 0.0, 0.0]}, 77.5318677277156, 0.2327566146850586
{'left': 43036, 'right': 82835}, 0.001533981, {'header': {'stamp': {'sec': 1650618931, 'nanosec': 799982636}, 'frame_id': 'imu_link'}, 'orientation': {'x': 0.012613557279109955, 'y': -0.0012438144767656922, 'z': 0.6537816524505615, 'w': 0.7565714120864868}, 'orientation_covariance': [0.0, 0.0, 0.0, 0.0, 0.0, 0.0, 0.0, 0.0, 0.0], 'angular_velocity': {'x': 0.10748419910669327, 'y': 0.009577799588441849, 'z': 1.8261672258377075}, 'angular_velocity_covariance': [0.0, 0.0, 0.0, 0.0, 0.0, 0.0, 0.0, 0.0, 0.0], 'linear_acceleration': {'x': -0.7080851197242737, 'y': -0.7326257228851318, 'z': 10.679336547851562}, 'linear_acceleration_covariance': [0.0, 0.0, 0.0, 0.0, 0.0, 0.0, 0.0, 0.0, 0.0]}, 81.65336374912853, 0.27971792221069336
{'left': 42904, 'right': 82965}, 0.001533981, {'header': {'stamp': {'sec': 1650618931, 'nanosec': 849989094}, 'frame_id': 'imu_link'}, 'orientation': {'x': 0.014845048077404499, 'y': -0.002146384445950389, 'z': 0.6852922439575195, 'w': 0.7281078696250916}, 'orientation_covariance': [0.0, 0.0, 0.0, 0.0, 0.0, 0.0, 0.0, 0.0, 0.0], 'angular_velocity': {'x': -0.07981500029563904, 'y': 0.01809139922261238, 'z': 2.0815751552581787}, 'angular_velocity_covariance': [0.0, 0.0, 0.0, 0.0, 0.0, 0.0, 0.0, 0.0, 0.0], 'linear_acceleration': {'x': 1.2198457717895508, 'y': -0.08978256583213806, 'z': 10.674548149108887}, 'linear_acceleration_covariance': [0.0, 0.0, 0.0, 0.0, 0.0, 0.0, 0.0, 0.0, 0.0]}, 86.51672987095691, 0.3255631923675537
{'left': 42752, 'right': 83110}, 0.001533981, {'header': {'stamp': {'sec': 1650618931, 'nanosec': 900048938}, 'frame_id': 'imu_link'}, 'orientation': {'x': 0.01651499792933464, 'y': -0.005223282612860203, 'z': 0.7365630865097046, 'w': 0.6761407256126404}, 'orientation_covariance': [0.0, 0.0, 0.0, 0.0, 0.0, 0.0, 0.0, 0.0, 0.0], 'angular_velocity': {'x': -0.07449399679899216, 'y': -0.03724699839949608, 'z': 2.3635880947113037}, 'angular_velocity_covariance': [0.0, 0.0, 0.0, 0.0, 0.0, 0.0, 0.0, 0.0, 0.0], 'linear_acceleration': {'x': 0.652419924736023, 'y': 0.9917980432510376, 'z': 9.14585018157959}, 'linear_acceleration_covariance': [0.0, 0.0, 0.0, 0.0, 0.0, 0.0, 0.0, 0.0, 0.0]}, 94.88451698561744, 0.3710670471191406
{'left': 42501, 'right': 83354}, 0.001533981, {'header': {'stamp': {'sec': 1650618931, 'nanosec': 949976230}, 'frame_id': 'imu_link'}, 'orientation': {'x': 0.016390370205044746, 'y': -0.007643088232725859, 'z': 0.7693122625350952, 'w': 0.638610303401947}, 'orientation_covariance': [0.0, 0.0, 0.0, 0.0, 0.0, 0.0, 0.0, 0.0, 0.0], 'angular_velocity': {'x': 0.01383460033684969, 'y': -0.02766920067369938, 'z': 2.3657166957855225}, 'angular_velocity_covariance': [0.0, 0.0, 0.0, 0.0, 0.0, 0.0, 0.0, 0.0, 0.0], 'linear_acceleration': {'x': 0.8655039072036743, 'y': -0.32860419154167175, 'z': 8.774150848388672}, 'linear_acceleration_covariance': [0.0, 0.0, 0.0, 0.0, 0.0, 0.0, 0.0, 0.0, 0.0]}, 100.59781979839227, 0.4165043830871582
{'left': 42331, 'right': 83525}, 0.001533981, {'header': {'stamp': {'sec': 1650618931, 'nanosec': 999974771}, 'frame_id': 'imu_link'}, 'orientation': {'x': 0.01769093982875347, 'y': -0.006684180349111557, 'z': 0.802029013633728, 'w': 0.5969783663749695}, 'orientation_covariance': [0.0, 0.0, 0.0, 0.0, 0.0, 0.0, 0.0, 0.0, 0.0], 'angular_velocity': {'x': 0.05427420139312744, 'y': 0.02766920067369938, 'z': 2.383807897567749}, 'angular_velocity_covariance': [0.0, 0.0, 0.0, 0.0, 0.0, 0.0, 0.0, 0.0, 0.0], 'linear_acceleration': {'x': -0.04189852997660637, 'y': 0.23343466222286224, 'z': 10.984597206115723}, 'linear_acceleration_covariance': [0.0, 0.0, 0.0, 0.0, 0.0, 0.0, 0.0, 0.0, 0.0]}, 106.66547077025872, 0.4633917808532715
{'left': 42157, 'right': 83696}, 0.001533981, {'header': {'stamp': {'sec': 1650618931, 'nanosec': 999974771}, 'frame_id': 'imu_link'}, 'orientation': {'x': 0.01769093982875347, 'y': -0.006684180349111557, 'z': 0.802029013633728, 'w': 0.5969783663749695}, 'orientation_covariance': [0.0, 0.0, 0.0, 0.0, 0.0, 0.0, 0.0, 0.0, 0.0], 'angular_velocity': {'x': 0.05427420139312744, 'y': 0.02766920067369938, 'z': 2.383807897567749}, 'angular_velocity_covariance': [0.0, 0.0, 0.0, 0.0, 0.0, 0.0, 0.0, 0.0, 0.0], 'linear_acceleration': {'x': -0.04189852997660637, 'y': 0.23343466222286224, 'z': 10.984597206115723}, 'linear_acceleration_covariance': [0.0, 0.0, 0.0, 0.0, 0.0, 0.0, 0.0, 0.0, 0.0]}, 115.69418854907846, 0.5086491107940674
{'left': 42157, 'right': 83696}, 0.001533981, {'header': {'stamp': {'sec': 1650618932, 'nanosec': 99998365}, 'frame_id': 'imu_link'}, 'orientation': {'x': 0.017071858048439026, 'y': -0.0072198850102722645, 'z': 0.873417317867279, 'w': 0.48661088943481445}, 'orientation_covariance': [0.0, 0.0, 0.0, 0.0, 0.0, 0.0, 0.0, 0.0, 0.0], 'angular_velocity': {'x': -0.08620020002126694, 'y': -0.007449400145560503, 'z': 2.546630620956421}, 'angular_velocity_covariance': [0.0, 0.0, 0.0, 0.0, 0.0, 0.0, 0.0, 0.0, 0.0], 'linear_acceleration': {'x': 0.29867666959762573, 'y': 0.5847837328910828, 'z': 10.248978614807129}, 'linear_acceleration_covariance': [0.0, 0.0, 0.0, 0.0, 0.0, 0.0, 0.0, 0.0, 0.0]}, 121.74798485695283, 0.5553770065307617
{'left': 41727, 'right': 84124}, 0.001533981, {'header': {'stamp': {'sec': 1650618932, 'nanosec': 99998365}, 'frame_id': 'imu_link'}, 'orientation': {'x': 0.017071858048439026, 'y': -0.0072198850102722645, 'z': 0.873417317867279, 'w': 0.48661088943481445}, 'orientation_covariance': [0.0, 0.0, 0.0, 0.0, 0.0, 0.0, 0.0, 0.0, 0.0], 'angular_velocity': {'x': -0.08620020002126694, 'y': -0.007449400145560503, 'z': 2.546630620956421}, 'angular_velocity_covariance': [0.0, 0.0, 0.0, 0.0, 0.0, 0.0, 0.0, 0.0, 0.0], 'linear_acceleration': {'x': 0.29867666959762573, 'y': 0.5847837328910828, 'z': 10.248978614807129}, 'linear_acceleration_covariance': [0.0, 0.0, 0.0, 0.0, 0.0, 0.0, 0.0, 0.0, 0.0]}, 127.71885001141504, 0.6022987365722656
{'left': 41556, 'right': 84296}, 0.001533981, {'header': {'stamp': {'sec': 1650618932, 'nanosec': 199944251}, 'frame_id': 'imu_link'}, 'orientation': {'x': 0.016979267820715904, 'y': -0.0059129404835402966, 'z': 0.9194181561470032, 'w': 0.3928593397140503}, 'orientation_covariance': [0.0, 0.0, 0.0, 0.0, 0.0, 0.0, 0.0, 0.0, 0.0], 'angular_velocity': {'x': 0.06704460084438324, 'y': 0.01809139922261238, 'z': 2.306121349334717}, 'angular_velocity_covariance': [0.0, 0.0, 0.0, 0.0, 0.0, 0.0, 0.0, 0.0, 0.0], 'linear_acceleration': {'x': 0.7032967209815979, 'y': 0.01735796220600605, 'z': 9.197325706481934}, 'linear_acceleration_covariance': [0.0, 0.0, 0.0, 0.0, 0.0, 0.0, 0.0, 0.0, 0.0]}, 133.72391783718166, 0.6494908332824707
{'left': 41383, 'right': 84465}, 0.001533981, {'header': {'stamp': {'sec': 1650618932, 'nanosec': 199944251}, 'frame_id': 'imu_link'}, 'orientation': {'x': 0.016979267820715904, 'y': -0.0059129404835402966, 'z': 0.9194181561470032, 'w': 0.3928593397140503}, 'orientation_covariance': [0.0, 0.0, 0.0, 0.0, 0.0, 0.0, 0.0, 0.0, 0.0], 'angular_velocity': {'x': 0.06704460084438324, 'y': 0.01809139922261238, 'z': 2.306121349334717}, 'angular_velocity_covariance': [0.0, 0.0, 0.0, 0.0, 0.0, 0.0, 0.0, 0.0, 0.0], 'linear_acceleration': {'x': 0.7032967209815979, 'y': 0.01735796220600605, 'z': 9.197325706481934}, 'linear_acceleration_covariance': [0.0, 0.0, 0.0, 0.0, 0.0, 0.0, 0.0, 0.0, 0.0]}, 142.48445696044945, 0.6956140995025635
{'left': 41133, 'right': 84719}, 0.001533981, {'header': {'stamp': {'sec': 1650618932, 'nanosec': 249957740}, 'frame_id': 'imu_link'}, 'orientation': {'x': 0.015477965585887432, 'y': -0.007058660499751568, 'z': 0.9467370510101318, 'w': 0.32154494524002075}, 'orientation_covariance': [0.0, 0.0, 0.0, 0.0, 0.0, 0.0, 0.0, 0.0, 0.0], 'angular_velocity': {'x': 0.07555820047855377, 'y': 0.04576060175895691, 'z': 2.3210201263427734}, 'angular_velocity_covariance': [0.0, 0.0, 0.0, 0.0, 0.0, 0.0, 0.0, 0.0, 0.0], 'linear_acceleration': {'x': -0.31364041566848755, 'y': -0.42616790533065796, 'z': 9.780912399291992}, 'linear_acceleration_covariance': [0.0, 0.0, 0.0, 0.0, 0.0, 0.0, 0.0, 0.0, 0.0]}, 142.48445696044945, 0.741649866104126
{'left': 41133, 'right': 84719}, 0.001533981, {'header': {'stamp': {'sec': 1650618932, 'nanosec': 299979563}, 'frame_id': 'imu_link'}, 'orientation': {'x': 0.015325196087360382, 'y': -0.007763565983623266, 'z': 0.962103545665741, 'w': 0.27212658524513245}, 'orientation_covariance': [0.0, 0.0, 0.0, 0.0, 0.0, 0.0, 0.0, 0.0, 0.0], 'angular_velocity': {'x': -0.07875079661607742, 'y': -0.020219799131155014, 'z': 2.4806501865386963}, 'angular_velocity_covariance': [0.0, 0.0, 0.0, 0.0, 0.0, 0.0, 0.0, 0.0, 0.0], 'linear_acceleration': {'x': 1.415571689605713, 'y': 0.1496376097202301, 'z': 8.78312873840332}, 'linear_acceleration_covariance': [0.0, 0.0, 0.0, 0.0, 0.0, 0.0, 0.0, 0.0, 0.0]}, 154.24566728203618, 0.7876579761505127
{'left': 40796, 'right': 85063}, 0.001533981, {'header': {'stamp': {'sec': 1650618932, 'nanosec': 349962219}, 'frame_id': 'imu_link'}, 'orientation': {'x': 0.01429091114550829, 'y': -0.007703461684286594, 'z': 0.974702775478363, 'w': 0.22289548814296722}, 'orientation_covariance': [0.0, 0.0, 0.0, 0.0, 0.0, 0.0, 0.0, 0.0, 0.0], 'angular_velocity': {'x': 0.008513599634170532, 'y': -0.019155599176883698, 'z': 2.396578311920166}, 'angular_velocity_covariance': [0.0, 0.0, 0.0, 0.0, 0.0, 0.0, 0.0, 0.0, 0.0], 'linear_acceleration': {'x': 0.5883750319480896, 'y': 0.10175357013940811, 'z': 9.136872291564941}, 'linear_acceleration_covariance': [0.0, 0.0, 0.0, 0.0, 0.0, 0.0, 0.0, 0.0, 0.0]}, 154.24566728203618, 0.8347885608673096
{'left': 40796, 'right': 85063}, 0.001533981, {'header': {'stamp': {'sec': 1650618932, 'nanosec': 400083625}, 'frame_id': 'imu_link'}, 'orientation': {'x': 0.01519879698753357, 'y': -0.006863380782306194, 'z': 0.9890472292900085, 'w': 0.1466248780488968}, 'orientation_covariance': [0.0, 0.0, 0.0, 0.0, 0.0, 0.0, 0.0, 0.0, 0.0], 'angular_velocity': {'x': 0.020219799131155014, 'y': -0.020219799131155014, 'z': 2.3784871101379395}, 'angular_velocity_covariance': [0.0, 0.0, 0.0, 0.0, 0.0, 0.0, 0.0, 0.0, 0.0], 'linear_acceleration': {'x': 1.4460978507995605, 'y': -0.17896656692028046, 'z': 9.065046310424805}, 'linear_acceleration_covariance': [0.0, 0.0, 0.0, 0.0, 0.0, 0.0, 0.0, 0.0, 0.0]}, 163.14304098505372, 0.8820128440856934
{'left': 40543, 'right': 85320}, 0.001533981, {'header': {'stamp': {'sec': 1650618932, 'nanosec': 449983000}, 'frame_id': 'imu_link'}, 'orientation': {'x': 0.014621715992689133, 'y': -0.005224916618317366, 'z': 0.9954304695129395, 'w': 0.09417262673377991}, 'orientation_covariance': [0.0, 0.0, 0.0, 0.0, 0.0, 0.0, 0.0, 0.0, 0.0], 'angular_velocity': {'x': 0.05427420139312744, 'y': 0.056402601301670074, 'z': 2.3987069129943848}, 'angular_velocity_covariance': [0.0, 0.0, 0.0, 0.0, 0.0, 0.0, 0.0, 0.0, 0.0], 'linear_acceleration': {'x': -0.040701426565647125, 'y': 0.26815059781074524, 'z': 9.384073257446289}, 'linear_acceleration_covariance': [0.0, 0.0, 0.0, 0.0, 0.0, 0.0, 0.0, 0.0, 0.0]}, 175.2874823216954, 0.9285004138946533
{'left': 40194, 'right': 85660}, 0.001533981, {'header': {'stamp': {'sec': 1650618932, 'nanosec': 500012844}, 'frame_id': 'imu_link'}, 'orientation': {'x': 0.013055125251412392, 'y': -0.004765133373439312, 'z': 0.9990514516830444, 'w': 0.041164275258779526}, 'orientation_covariance': [0.0, 0.0, 0.0, 0.0, 0.0, 0.0, 0.0, 0.0, 0.0], 'angular_velocity': {'x': -0.0904569998383522, 'y': -0.02128399908542633, 'z': 2.530667543411255}, 'angular_velocity_covariance': [0.0, 0.0, 0.0, 0.0, 0.0, 0.0, 0.0, 0.0, 0.0], 'linear_acceleration': {'x': 0.6560112833976746, 'y': 0.13527239859104156, 'z': 10.25975227355957}, 'linear_acceleration_covariance': [0.0, 0.0, 0.0, 0.0, 0.0, 0.0, 0.0, 0.0, 0.0]}, 175.2874823216954, 0.9751019477844238
{'left': 40194, 'right': 85660}, 0.001533981, {'header': {'stamp': {'sec': 1650618932, 'nanosec': 550000761}, 'frame_id': 'imu_link'}, 'orientation': {'x': 0.012282207608222961, 'y': -0.005136121530085802, 'z': 0.9992689490318298, 'w': -0.035719793289899826}, 'orientation_covariance': [0.0, 0.0, 0.0, 0.0, 0.0, 0.0, 0.0, 0.0, 0.0], 'angular_velocity': {'x': -0.10003480315208435, 'y': 0.015962999314069748, 'z': 2.514704704284668}, 'angular_velocity_covariance': [0.0, 0.0, 0.0, 0.0, 0.0, 0.0, 0.0, 0.0, 0.0], 'linear_acceleration': {'x': 0.49559974670410156, 'y': 0.06224924325942993, 'z': 9.153033256530762}, 'linear_acceleration_covariance': [0.0, 0.0, 0.0, 0.0, 0.0, 0.0, 0.0, 0.0, 0.0]}, -175.89780558260207, 1.0215306282043457
{'left': 39939, 'right': 85916}, 0.001533981, {'header': {'stamp': {'sec': 1650618932, 'nanosec': 599985917}, 'frame_id': 'imu_link'}, 'orientation': {'x': 0.010948962531983852, 'y': -0.004992937669157982, 'z': 0.9960927963256836, 'w': -0.0874396413564682}, 'orientation_covariance': [0.0, 0.0, 0.0, 0.0, 0.0, 0.0, 0.0, 0.0, 0.0], 'angular_velocity': {'x': 0.03618279844522476, 'y': -0.03405439853668213, 'z': 2.3827438354492188}, 'angular_velocity_covariance': [0.0, 0.0, 0.0, 0.0, 0.0, 0.0, 0.0, 0.0, 0.0], 'linear_acceleration': {'x': 1.0474631786346436, 'y': -1.6633715629577637, 'z': 10.177751541137695}, 'linear_acceleration_covariance': [0.0, 0.0, 0.0, 0.0, 0.0, 0.0, 0.0, 0.0, 0.0]}, -169.9593667193255, 1.0676031112670898
{'left': 39775, 'right': 86087}, 0.001533981, {'header': {'stamp': {'sec': 1650618932, 'nanosec': 649991802}, 'frame_id': 'imu_link'}, 'orientation': {'x': 0.01078645046800375, 'y': -0.00369053496979177, 'z': 0.9902186989784241, 'w': -0.13902653753757477}, 'orientation_covariance': [0.0, 0.0, 0.0, 0.0, 0.0, 0.0, 0.0, 0.0, 0.0], 'angular_velocity': {'x': 0.03086180053651333, 'y': 0.0776866003870964, 'z': 2.3721017837524414}, 'angular_velocity_covariance': [0.0, 0.0, 0.0, 0.0, 0.0, 0.0, 0.0, 0.0, 0.0], 'linear_acceleration': {'x': -0.35494038462638855, 'y': 0.09935937076807022, 'z': 10.970830917358398}, 'linear_acceleration_covariance': [0.0, 0.0, 0.0, 0.0, 0.0, 0.0, 0.0, 0.0, 0.0]}, -164.00970237686852, 1.1131072044372559
{'left': 39609, 'right': 86260}, 0.001533981, {'header': {'stamp': {'sec': 1650618932, 'nanosec': 699944563}, 'frame_id': 'imu_link'}, 'orientation': {'x': 0.009993995539844036, 'y': -0.0030461649876087904, 'z': 0.9760875105857849, 'w': -0.2171074002981186}, 'orientation_covariance': [0.0, 0.0, 0.0, 0.0, 0.0, 0.0, 0.0, 0.0, 0.0], 'angular_velocity': {'x': 0.026605000719428062, 'y': 0.07236559689044952, 'z': 2.3540103435516357}, 'angular_velocity_covariance': [0.0, 0.0, 0.0, 0.0, 0.0, 0.0, 0.0, 0.0, 0.0], 'linear_acceleration': {'x': -0.0005985504249110818, 'y': 0.21428105235099792, 'z': 10.099939346313477}, 'linear_acceleration_covariance': [0.0, 0.0, 0.0, 0.0, 0.0, 0.0, 0.0, 0.0, 0.0]}, -154.9145505590801, 1.159421682357788
{'left': 39609, 'right': 86260}, 0.001533981, {'header': {'stamp': {'sec': 1650618932, 'nanosec': 699944563}, 'frame_id': 'imu_link'}, 'orientation': {'x': 0.009993995539844036, 'y': -0.0030461649876087904, 'z': 0.9760875105857849, 'w': -0.2171074002981186}, 'orientation_covariance': [0.0, 0.0, 0.0, 0.0, 0.0, 0.0, 0.0, 0.0, 0.0], 'angular_velocity': {'x': 0.026605000719428062, 'y': 0.07236559689044952, 'z': 2.3540103435516357}, 'angular_velocity_covariance': [0.0, 0.0, 0.0, 0.0, 0.0, 0.0, 0.0, 0.0, 0.0], 'linear_acceleration': {'x': -0.0005985504249110818, 'y': 0.21428105235099792, 'z': 10.099939346313477}, 'linear_acceleration_covariance': [0.0, 0.0, 0.0, 0.0, 0.0, 0.0, 0.0, 0.0, 0.0]}, -148.9619272398256, 1.2068297863006592
{'left': 39179, 'right': 86684}, 0.001533981, {'header': {'stamp': {'sec': 1650618932, 'nanosec': 799964146}, 'frame_id': 'imu_link'}, 'orientation': {'x': 0.010504141449928284, 'y': -0.004629856441169977, 'z': 0.9485313296318054, 'w': -0.3164617121219635}, 'orientation_covariance': [0.0, 0.0, 0.0, 0.0, 0.0, 0.0, 0.0, 0.0, 0.0], 'angular_velocity': {'x': 0.0, 'y': -0.026605000719428062, 'z': 2.3912572860717773}, 'angular_velocity_covariance': [0.0, 0.0, 0.0, 0.0, 0.0, 0.0, 0.0, 0.0, 0.0], 'linear_acceleration': {'x': 0.3034650683403015, 'y': -0.22206220030784607, 'z': 8.813654899597168}, 'linear_acceleration_covariance': [0.0, 0.0, 0.0, 0.0, 0.0, 0.0, 0.0, 0.0, 0.0]}, -143.09135118529483, 1.252704381942749
{'left': 39012, 'right': 86853}, 0.001533981, {'header': {'stamp': {'sec': 1650618932, 'nanosec': 799964146}, 'frame_id': 'imu_link'}, 'orientation': {'x': 0.010504141449928284, 'y': -0.004629856441169977, 'z': 0.9485313296318054, 'w': -0.3164617121219635}, 'orientation_covariance': [0.0, 0.0, 0.0, 0.0, 0.0, 0.0, 0.0, 0.0, 0.0], 'angular_velocity': {'x': 0.0, 'y': -0.026605000719428062, 'z': 2.3912572860717773}, 'angular_velocity_covariance': [0.0, 0.0, 0.0, 0.0, 0.0, 0.0, 0.0, 0.0, 0.0], 'linear_acceleration': {'x': 0.3034650683403015, 'y': -0.22206220030784607, 'z': 8.813654899597168}, 'linear_acceleration_covariance': [0.0, 0.0, 0.0, 0.0, 0.0, 0.0, 0.0, 0.0, 0.0]}, -134.74333426419366, 1.2986047267913818
{'left': 38760, 'right': 87096}, 0.001533981, {'header': {'stamp': {'sec': 1650618932, 'nanosec': 850064407}, 'frame_id': 'imu_link'}, 'orientation': {'x': 0.011205295100808144, 'y': -0.0045587425120174885, 'z': 0.922977864742279, 'w': -0.3846516013145447}, 'orientation_covariance': [0.0, 0.0, 0.0, 0.0, 0.0, 0.0, 0.0, 0.0, 0.0], 'angular_velocity': {'x': 0.06172360107302666, 'y': -0.015962999314069748, 'z': 2.322084426879883}, 'angular_velocity_covariance': [0.0, 0.0, 0.0, 0.0, 0.0, 0.0, 0.0, 0.0, 0.0], 'linear_acceleration': {'x': 0.3842693567276001, 'y': -1.6950948238372803, 'z': 11.826159477233887}, 'linear_acceleration_covariance': [0.0, 0.0, 0.0, 0.0, 0.0, 0.0, 0.0, 0.0, 0.0]}, -128.9371469363375, 1.3464879989624023
{'left': 38591, 'right': 87266}, 0.001533981, {'header': {'stamp': {'sec': 1650618932, 'nanosec': 899998052}, 'frame_id': 'imu_link'}, 'orientation': {'x': 0.00870283879339695, 'y': -0.003947888035327196, 'z': 0.9023247361183167, 'w': -0.4309408962726593}, 'orientation_covariance': [0.0, 0.0, 0.0, 0.0, 0.0, 0.0, 0.0, 0.0, 0.0], 'angular_velocity': {'x': 0.008513599634170532, 'y': 0.041503798216581345, 'z': 2.351881980895996}, 'angular_velocity_covariance': [0.0, 0.0, 0.0, 0.0, 0.0, 0.0, 0.0, 0.0, 0.0], 'linear_acceleration': {'x': 0.11312603205442429, 'y': -0.3884592056274414, 'z': 11.51730728149414}, 'linear_acceleration_covariance': [0.0, 0.0, 0.0, 0.0, 0.0, 0.0, 0.0, 0.0, 0.0]}, -120.32662419842113, 1.393329381942749
{'left': 38591, 'right': 87266}, 0.001533981, {'header': {'stamp': {'sec': 1650618932, 'nanosec': 949946021}, 'frame_id': 'imu_link'}, 'orientation': {'x': 0.007869207300245762, 'y': -0.0030972815584391356, 'z': 0.8674315214157104, 'w': -0.49747613072395325}, 'orientation_covariance': [0.0, 0.0, 0.0, 0.0, 0.0, 0.0, 0.0, 0.0, 0.0], 'angular_velocity': {'x': -0.03086180053651333, 'y': 0.07236559689044952, 'z': 2.387000560760498}, 'angular_velocity_covariance': [0.0, 0.0, 0.0, 0.0, 0.0, 0.0, 0.0, 0.0, 0.0], 'linear_acceleration': {'x': 0.5925649404525757, 'y': 0.2106897532939911, 'z': 11.2467622756958}, 'linear_acceleration_covariance': [0.0, 0.0, 0.0, 0.0, 0.0, 0.0, 0.0, 0.0, 0.0]}, -114.35512501233367, 1.43821120262146
{'left': 38184, 'right': 87677}, 0.001533981, {'header': {'stamp': {'sec': 1650618932, 'nanosec': 999975292}, 'frame_id': 'imu_link'}, 'orientation': {'x': 0.006898718420416117, 'y': -0.002791971666738391, 'z': 0.8403437733650208, 'w': -0.5419948101043701}, 'orientation_covariance': [0.0, 0.0, 0.0, 0.0, 0.0, 0.0, 0.0, 0.0, 0.0], 'angular_velocity': {'x': -0.03937539830803871, 'y': -0.009577799588441849, 'z': 2.521089792251587}, 'angular_velocity_covariance': [0.0, 0.0, 0.0, 0.0, 0.0, 0.0, 0.0, 0.0, 0.0], 'linear_acceleration': {'x': 0.2735375463962555, 'y': 1.6944962739944458, 'z': 10.579977035522461}, 'linear_acceleration_covariance': [0.0, 0.0, 0.0, 0.0, 0.0, 0.0, 0.0, 0.0, 0.0]}, -114.35512501233367, 1.484086036682129
{'left': 38184, 'right': 87677}, 0.001533981, {'header': {'stamp': {'sec': 1650618933, 'nanosec': 49963052}, 'frame_id': 'imu_link'}, 'orientation': {'x': 0.006742889992892742, 'y': -0.004089469090104103, 'z': 0.8129059076309204, 'w': -0.5823341608047485}, 'orientation_covariance': [0.0, 0.0, 0.0, 0.0, 0.0, 0.0, 0.0, 0.0, 0.0], 'angular_velocity': {'x': 0.06065940111875534, 'y': 0.041503798216581345, 'z': 2.3348548412323}, 'angular_velocity_covariance': [0.0, 0.0, 0.0, 0.0, 0.0, 0.0, 0.0, 0.0, 0.0], 'linear_acceleration': {'x': 0.08499415963888168, 'y': -1.2437877655029297, 'z': 10.745177268981934}, 'linear_acceleration_covariance': [0.0, 0.0, 0.0, 0.0, 0.0, 0.0, 0.0, 0.0, 0.0]}, -108.76427424950542, 1.5310282707214355
{'left': 38018, 'right': 87845}, 0.001533981, {'header': {'stamp': {'sec': 1650618933, 'nanosec': 99949979}, 'frame_id': 'imu_link'}, 'orientation': {'x': 0.007649009115993977, 'y': -0.00281734112650156, 'z': 0.7647364139556885, 'w': -0.6442852020263672}, 'orientation_covariance': [0.0, 0.0, 0.0, 0.0, 0.0, 0.0, 0.0, 0.0, 0.0], 'angular_velocity': {'x': 0.09258539974689484, 'y': 0.04788900166749954, 'z': 2.323148488998413}, 'angular_velocity_covariance': [0.0, 0.0, 0.0, 0.0, 0.0, 0.0, 0.0, 0.0, 0.0], 'linear_acceleration': {'x': -0.20470423996448517, 'y': -1.2312182188034058, 'z': 11.318588256835938}, 'linear_acceleration_covariance': [0.0, 0.0, 0.0, 0.0, 0.0, 0.0, 0.0, 0.0, 0.0]}, -99.76843625416149, 1.5788991451263428
{'left': 37771, 'right': 88087}, 0.001533981, {'header': {'stamp': {'sec': 1650618933, 'nanosec': 149971281}, 'frame_id': 'imu_link'}, 'orientation': {'x': 0.008860332891345024, 'y': -0.0013130251318216324, 'z': 0.729718804359436, 'w': -0.6836824417114258}, 'orientation_covariance': [0.0, 0.0, 0.0, 0.0, 0.0, 0.0, 0.0, 0.0, 0.0], 'angular_velocity': {'x': -0.038311198353767395, 'y': 0.028733400627970695, 'z': 2.4295685291290283}, 'angular_velocity_covariance': [0.0, 0.0, 0.0, 0.0, 0.0, 0.0, 0.0, 0.0, 0.0], 'linear_acceleration': {'x': 0.05925649031996727, 'y': -0.507570743560791, 'z': 11.473612785339355}, 'linear_acceleration_covariance': [0.0, 0.0, 0.0, 0.0, 0.0, 0.0, 0.0, 0.0, 0.0]}, -93.72611456251785, 1.6247782707214355
{'left': 37601, 'right': 88254}, 0.001533981, {'header': {'stamp': {'sec': 1650618933, 'nanosec': 199993677}, 'frame_id': 'imu_link'}, 'orientation': {'x': 0.008967157453298569, 'y': 0.0010292608058080077, 'z': 0.6762813925743103, 'w': -0.736582338809967}, 'orientation_covariance': [0.0, 0.0, 0.0, 0.0, 0.0, 0.0, 0.0, 0.0, 0.0], 'angular_velocity': {'x': -0.07449399679899216, 'y': -0.020219799131155014, 'z': 2.41892671585083}, 'angular_velocity_covariance': [0.0, 0.0, 0.0, 0.0, 0.0, 0.0, 0.0, 0.0, 0.0], 'linear_acceleration': {'x': 0.6955155730247498, 'y': 0.5452794432640076, 'z': 8.741230010986328}, 'linear_acceleration_covariance': [0.0, 0.0, 0.0, 0.0, 0.0, 0.0, 0.0, 0.0, 0.0]}, -85.10710106332019, 1.6720561981201172
{'left': 37355, 'right': 88501}, 0.001533981, {'header': {'stamp': {'sec': 1650618933, 'nanosec': 249976229}, 'frame_id': 'imu_link'}, 'orientation': {'x': 0.011289520189166069, 'y': -6.230876897461712e-05, 'z': 0.6410596966743469, 'w': -0.7674024105072021}, 'orientation_covariance': [0.0, 0.0, 0.0, 0.0, 0.0, 0.0, 0.0, 0.0, 0.0], 'angular_velocity': {'x': -0.02766920067369938, 'y': -0.0649162009358406, 'z': 2.3763585090637207}, 'angular_velocity_covariance': [0.0, 0.0, 0.0, 0.0, 0.0, 0.0, 0.0, 0.0, 0.0], 'linear_acceleration': {'x': 1.1103110313415527, 'y': 0.4818330705165863, 'z': 8.134899139404297}, 'linear_acceleration_covariance': [0.0, 0.0, 0.0, 0.0, 0.0, 0.0, 0.0, 0.0, 0.0]}, -79.74062321280697, 1.7189624309539795
{'left': 37191, 'right': 88671}, 0.001533981, {'header': {'stamp': {'sec': 1650618933, 'nanosec': 300006490}, 'frame_id': 'imu_link'}, 'orientation': {'x': 0.011208068579435349, 'y': -0.0012313645565882325, 'z': 0.6004498600959778, 'w': -0.799577534198761}, 'orientation_covariance': [0.0, 0.0, 0.0, 0.0, 0.0, 0.0, 0.0, 0.0, 0.0], 'angular_velocity': {'x': 0.08087919652462006, 'y': 0.043632201850414276, 'z': 2.3784871101379395}, 'angular_velocity_covariance': [0.0, 0.0, 0.0, 0.0, 0.0, 0.0, 0.0, 0.0, 0.0], 'linear_acceleration': {'x': 0.07541735470294952, 'y': -0.606930136680603, 'z': 9.08838939666748}, 'linear_acceleration_covariance': [0.0, 0.0, 0.0, 0.0, 0.0, 0.0, 0.0, 0.0, 0.0]}, -73.80322565468074, 1.7658073902130127
{'left': 37034, 'right': 88835}, 0.001533981, {'header': {'stamp': {'sec': 1650618933, 'nanosec': 349951281}, 'frame_id': 'imu_link'}, 'orientation': {'x': 0.007604531012475491, 'y': 0.00025084795197471976, 'z': 0.5388062000274658, 'w': -0.8423902988433838}, 'orientation_covariance': [0.0, 0.0, 0.0, 0.0, 0.0, 0.0, 0.0, 0.0, 0.0], 'angular_velocity': {'x': 0.05746680125594139, 'y': 0.06598039716482162, 'z': 2.2443978786468506}, 'angular_velocity_covariance': [0.0, 0.0, 0.0, 0.0, 0.0, 0.0, 0.0, 0.0, 0.0], 'linear_acceleration': {'x': -0.43754035234451294, 'y': -0.19871874153614044, 'z': 10.259154319763184}, 'linear_acceleration_covariance': [0.0, 0.0, 0.0, 0.0, 0.0, 0.0, 0.0, 0.0, 0.0]}, -65.2037106440683, 1.8136770725250244
{'left': 36788, 'right': 89077}, 0.001533981, {'header': {'stamp': {'sec': 1650618933, 'nanosec': 399954511}, 'frame_id': 'imu_link'}, 'orientation': {'x': 0.007541676517575979, 'y': -0.0003270583401899785, 'z': 0.4951245188713074, 'w': -0.8687843680381775}, 'orientation_covariance': [0.0, 0.0, 0.0, 0.0, 0.0, 0.0, 0.0, 0.0, 0.0], 'angular_velocity': {'x': -0.06917300075292587, 'y': -0.01383460033684969, 'z': 2.5072553157806396}, 'angular_velocity_covariance': [0.0, 0.0, 0.0, 0.0, 0.0, 0.0, 0.0, 0.0, 0.0], 'linear_acceleration': {'x': 0.03232172131538391, 'y': 0.6356605291366577, 'z': 9.467870712280273}, 'linear_acceleration_covariance': [0.0, 0.0, 0.0, 0.0, 0.0, 0.0, 0.0, 0.0, 0.0]}, -59.35498876040479, 1.8615491390228271
{'left': 36615, 'right': 89246}, 0.001533981, {'header': {'stamp': {'sec': 1650618933, 'nanosec': 449978781}, 'frame_id': 'imu_link'}, 'orientation': {'x': 0.007438295055180788, 'y': -0.0005108050536364317, 'z': 0.4523150622844696, 'w': -0.891822338104248}, 'orientation_covariance': [0.0, 0.0, 0.0, 0.0, 0.0, 0.0, 0.0, 0.0, 0.0], 'angular_velocity': {'x': 0.019155599176883698, 'y': -0.017027199268341064, 'z': 2.3827438354492188}, 'angular_velocity_covariance': [0.0, 0.0, 0.0, 0.0, 0.0, 0.0, 0.0, 0.0, 0.0], 'linear_acceleration': {'x': -0.48602294921875, 'y': -0.8427590131759644, 'z': 10.113107681274414}, 'linear_acceleration_covariance': [0.0, 0.0, 0.0, 0.0, 0.0, 0.0, 0.0, 0.0, 0.0]}, -53.783809003978, 1.9074268341064453
{'left': 36443, 'right': 89415}, 0.001533981, {'header': {'stamp': {'sec': 1650618933, 'nanosec': 449978781}, 'frame_id': 'imu_link'}, 'orientation': {'x': 0.007438295055180788, 'y': -0.0005108050536364317, 'z': 0.4523150622844696, 'w': -0.891822338104248}, 'orientation_covariance': [0.0, 0.0, 0.0, 0.0, 0.0, 0.0, 0.0, 0.0, 0.0], 'angular_velocity': {'x': 0.019155599176883698, 'y': -0.017027199268341064, 'z': 2.3827438354492188}, 'angular_velocity_covariance': [0.0, 0.0, 0.0, 0.0, 0.0, 0.0, 0.0, 0.0, 0.0], 'linear_acceleration': {'x': -0.48602294921875, 'y': -0.8427590131759644, 'z': 10.113107681274414}, 'linear_acceleration_covariance': [0.0, 0.0, 0.0, 0.0, 0.0, 0.0, 0.0, 0.0, 0.0]}, -44.92601899451031, 1.9546804428100586
{'left': 36187, 'right': 89668}, 0.001533981, {'header': {'stamp': {'sec': 1650618933, 'nanosec': 549978625}, 'frame_id': 'imu_link'}, 'orientation': {'x': 0.004525791388005018, 'y': 0.0028135119937360287, 'z': 0.3322717249393463, 'w': -0.9431641101837158}, 'orientation_covariance': [0.0, 0.0, 0.0, 0.0, 0.0, 0.0, 0.0, 0.0, 0.0], 'angular_velocity': {'x': 0.05746680125594139, 'y': 0.011706200428307056, 'z': 2.3561387062072754}, 'angular_velocity_covariance': [0.0, 0.0, 0.0, 0.0, 0.0, 0.0, 0.0, 0.0, 0.0], 'linear_acceleration': {'x': 0.8295908570289612, 'y': 0.12449848651885986, 'z': 9.946710586547852}, 'linear_acceleration_covariance': [0.0, 0.0, 0.0, 0.0, 0.0, 0.0, 0.0, 0.0, 0.0]}, -38.812286393208616, 1.9995603561401367
{'left': 36016, 'right': 89841}, 0.001533981, {'header': {'stamp': {'sec': 1650618933, 'nanosec': 549978625}, 'frame_id': 'imu_link'}, 'orientation': {'x': 0.004525791388005018, 'y': 0.0028135119937360287, 'z': 0.3322717249393463, 'w': -0.9431641101837158}, 'orientation_covariance': [0.0, 0.0, 0.0, 0.0, 0.0, 0.0, 0.0, 0.0, 0.0], 'angular_velocity': {'x': 0.05746680125594139, 'y': 0.011706200428307056, 'z': 2.3561387062072754}, 'angular_velocity_covariance': [0.0, 0.0, 0.0, 0.0, 0.0, 0.0, 0.0, 0.0, 0.0], 'linear_acceleration': {'x': 0.8295908570289612, 'y': 0.12449848651885986, 'z': 9.946710586547852}, 'linear_acceleration_covariance': [0.0, 0.0, 0.0, 0.0, 0.0, 0.0, 0.0, 0.0, 0.0]}, -30.272342447420915, 2.046435832977295
{'left': 35858, 'right': 90003}, 0.001533981, {'header': {'stamp': {'sec': 1650618933, 'nanosec': 599970604}, 'frame_id': 'imu_link'}, 'orientation': {'x': 0.005664053373038769, 'y': 0.00302866124548018, 'z': 0.2611294388771057, 'w': -0.965277910232544}, 'orientation_covariance': [0.0, 0.0, 0.0, 0.0, 0.0, 0.0, 0.0, 0.0, 0.0], 'angular_velocity': {'x': 0.01809139922261238, 'y': 0.06917300075292587, 'z': 2.3976426124572754}, 'angular_velocity_covariance': [0.0, 0.0, 0.0, 0.0, 0.0, 0.0, 0.0, 0.0, 0.0], 'linear_acceleration': {'x': -0.14664484560489655, 'y': 0.8523358106613159, 'z': 11.446678161621094}, 'linear_acceleration_covariance': [0.0, 0.0, 0.0, 0.0, 0.0, 0.0, 0.0, 0.0, 0.0]}, -24.313218758358513, 2.093312978744507
{'left': 35604, 'right': 90261}, 0.001533981, {'header': {'stamp': {'sec': 1650618933, 'nanosec': 649948052}, 'frame_id': 'imu_link'}, 'orientation': {'x': 0.004390337970107794, 'y': 0.0010617983061820269, 'z': 0.21059101819992065, 'w': -0.9775593876838684}, 'orientation_covariance': [0.0, 0.0, 0.0, 0.0, 0.0, 0.0, 0.0, 0.0, 0.0], 'angular_velocity': {'x': -0.07449399679899216, 'y': -0.005320999771356583, 'z': 2.438082218170166}, 'angular_velocity_covariance': [0.0, 0.0, 0.0, 0.0, 0.0, 0.0, 0.0, 0.0, 0.0], 'linear_acceleration': {'x': -1.2431892156600952, 'y': 3.092710018157959, 'z': 11.15697956085205}, 'linear_acceleration_covariance': [0.0, 0.0, 0.0, 0.0, 0.0, 0.0, 0.0, 0.0, 0.0]}, -18.451447137581614, 2.138193368911743
{'left': 35604, 'right': 90261}, 0.001533981, {'header': {'stamp': {'sec': 1650618933, 'nanosec': 699953365}, 'frame_id': 'imu_link'}, 'orientation': {'x': 0.006074901670217514, 'y': -0.0005666802753694355, 'z': 0.16032451391220093, 'w': -0.987041175365448}, 'orientation_covariance': [0.0, 0.0, 0.0, 0.0, 0.0, 0.0, 0.0, 0.0, 0.0], 'angular_velocity': {'x': 0.08194340020418167, 'y': 0.026605000719428062, 'z': 2.3635880947113037}, 'angular_velocity_covariance': [0.0, 0.0, 0.0, 0.0, 0.0, 0.0, 0.0, 0.0, 0.0], 'linear_acceleration': {'x': -0.3016694188117981, 'y': -1.0672154426574707, 'z': 11.442488670349121}, 'linear_acceleration_covariance': [0.0, 0.0, 0.0, 0.0, 0.0, 0.0, 0.0, 0.0, 0.0]}, -18.451447137581614, 2.186063051223755
{'left': 35604, 'right': 90261}, 0.001533981, {'header': {'stamp': {'sec': 1650618933, 'nanosec': 749957844}, 'frame_id': 'imu_link'}, 'orientation': {'x': 0.00478360103443265, 'y': 0.0005214175907894969, 'z': 0.08599713444709778, 'w': -0.9962794780731201}, 'orientation_covariance': [0.0, 0.0, 0.0, 0.0, 0.0, 0.0, 0.0, 0.0, 0.0], 'angular_velocity': {'x': 0.11919040232896805, 'y': 0.04469640180468559, 'z': 2.3146350383758545}, 'angular_velocity_covariance': [0.0, 0.0, 0.0, 0.0, 0.0, 0.0, 0.0, 0.0, 0.0], 'linear_acceleration': {'x': -0.1346738487482071, 'y': -0.7565677165985107, 'z': 12.49174690246582}, 'linear_acceleration_covariance': [0.0, 0.0, 0.0, 0.0, 0.0, 0.0, 0.0, 0.0, 0.0]}, -9.866302185255487, 2.230943441390991
{'left': 35197, 'right': 90662}, 0.001533981, {'header': {'stamp': {'sec': 1650618933, 'nanosec': 799961854}, 'frame_id': 'imu_link'}, 'orientation': {'x': 0.004192356951534748, 'y': 0.0033660263288766146, 'z': 0.03438510373234749, 'w': -0.9993899464607239}, 'orientation_covariance': [0.0, 0.0, 0.0, 0.0, 0.0, 0.0, 0.0, 0.0, 0.0], 'angular_velocity': {'x': -0.03299019858241081, 'y': 0.06065940111875534, 'z': 2.396578311920166}, 'angular_velocity_covariance': [0.0, 0.0, 0.0, 0.0, 0.0, 0.0, 0.0, 0.0, 0.0], 'linear_acceleration': {'x': 0.9672574996948242, 'y': -0.06763619929552078, 'z': 10.985794067382812}, 'linear_acceleration_covariance': [0.0, 0.0, 0.0, 0.0, 0.0, 0.0, 0.0, 0.0, 0.0]}, -3.9394219040210983, 2.276829242706299
{'left': 34857, 'right': 91003}, 0.001533981, {'header': {'stamp': {'sec': 1650618933, 'nanosec': 849953990}, 'frame_id': 'imu_link'}, 'orientation': {'x': 0.003268500557169318, 'y': 0.004064034204930067, 'z': -0.014653431251645088, 'w': -0.9998748302459717}, 'orientation_covariance': [0.0, 0.0, 0.0, 0.0, 0.0, 0.0, 0.0, 0.0, 0.0], 'angular_velocity': {'x': -0.031925998628139496, 'y': 0.0, 'z': 2.4657514095306396}, 'angular_velocity_covariance': [0.0, 0.0, 0.0, 0.0, 0.0, 0.0, 0.0, 0.0, 0.0], 'linear_acceleration': {'x': -0.3621230125427246, 'y': 2.867655038833618, 'z': 9.755773544311523}, 'linear_acceleration_covariance': [0.0, 0.0, 0.0, 0.0, 0.0, 0.0, 0.0, 0.0, 0.0]}, 1.6807667613998352, 2.321700096130371
{'left': 34857, 'right': 91003}, 0.001533981, {'header': {'stamp': {'sec': 1650618933, 'nanosec': 900015135}, 'frame_id': 'imu_link'}, 'orientation': {'x': 0.0028995564207434654, 'y': 0.002296618651598692, 'z': -0.09201037138700485, 'w': -0.995746910572052}, 'orientation_covariance': [0.0, 0.0, 0.0, 0.0, 0.0, 0.0, 0.0, 0.0, 0.0], 'angular_velocity': {'x': -0.03405439853668213, 'y': -0.02766920067369938, 'z': 2.3721017837524414}, 'angular_velocity_covariance': [0.0, 0.0, 0.0, 0.0, 0.0, 0.0, 0.0, 0.0, 0.0], 'linear_acceleration': {'x': -0.8780734539031982, 'y': 2.739565134048462, 'z': 9.489418029785156}, 'linear_acceleration_covariance': [0.0, 0.0, 0.0, 0.0, 0.0, 0.0, 0.0, 0.0, 0.0]}, 10.559291217583691, 2.3696045875549316
{'left': 34612, 'right': 91249}, 0.001533981, {'header': {'stamp': {'sec': 1650618933, 'nanosec': 949963833}, 'frame_id': 'imu_link'}, 'orientation': {'x': 0.0029824755620211363, 'y': 0.0021981182508170605, 'z': -0.1428428590297699, 'w': -0.9897341132164001}, 'orientation_covariance': [0.0, 0.0, 0.0, 0.0, 0.0, 0.0, 0.0, 0.0, 0.0], 'angular_velocity': {'x': 0.09471379965543747, 'y': 0.056402601301670074, 'z': 2.3784871101379395}, 'angular_velocity_covariance': [0.0, 0.0, 0.0, 0.0, 0.0, 0.0, 0.0, 0.0, 0.0], 'linear_acceleration': {'x': -0.6111199855804443, 'y': -0.5500678420066833, 'z': 9.926959037780762}, 'linear_acceleration_covariance': [0.0, 0.0, 0.0, 0.0, 0.0, 0.0, 0.0, 0.0, 0.0]}, 16.42546788427957, 2.4174766540527344
{'left': 34441, 'right': 91421}, 0.001533981, {'header': {'stamp': {'sec': 1650618934, 'nanosec': 20812}, 'frame_id': 'imu_link'}, 'orientation': {'x': 0.004952621646225452, 'y': 0.0040688966400921345, 'z': -0.19451023638248444, 'w': -0.9808751940727234}, 'orientation_covariance': [0.0, 0.0, 0.0, 0.0, 0.0, 0.0, 0.0, 0.0, 0.0], 'angular_velocity': {'x': -0.0649162009358406, 'y': 0.05533840134739876, 'z': 2.434889554977417}, 'angular_velocity_covariance': [0.0, 0.0, 0.0, 0.0, 0.0, 0.0, 0.0, 0.0, 0.0], 'linear_acceleration': {'x': 0.7416039705276489, 'y': -0.6272808313369751, 'z': 10.869675636291504}, 'linear_acceleration_covariance': [0.0, 0.0, 0.0, 0.0, 0.0, 0.0, 0.0, 0.0, 0.0]}, 22.43456612223317, 2.463320255279541
{'left': 34270, 'right': 91589}, 0.001533981, {'header': {'stamp': {'sec': 1650618934, 'nanosec': 20812}, 'frame_id': 'imu_link'}, 'orientation': {'x': 0.004952621646225452, 'y': 0.0040688966400921345, 'z': -0.19451023638248444, 'w': -0.9808751940727234}, 'orientation_covariance': [0.0, 0.0, 0.0, 0.0, 0.0, 0.0, 0.0, 0.0, 0.0], 'angular_velocity': {'x': -0.0649162009358406, 'y': 0.05533840134739876, 'z': 2.434889554977417}, 'angular_velocity_covariance': [0.0, 0.0, 0.0, 0.0, 0.0, 0.0, 0.0, 0.0, 0.0], 'linear_acceleration': {'x': 0.7416039705276489, 'y': -0.6272808313369751, 'z': 10.869675636291504}, 'linear_acceleration_covariance': [0.0, 0.0, 0.0, 0.0, 0.0, 0.0, 0.0, 0.0, 0.0]}, 31.26828059895875, 2.5092012882232666
{'left': 34018, 'right': 91834}, 0.001533981, {'header': {'stamp': {'sec': 1650618934, 'nanosec': 99982323}, 'frame_id': 'imu_link'}, 'orientation': {'x': 0.0041319141164422035, 'y': 0.004309608601033688, 'z': -0.31753283739089966, 'w': -0.9482240080833435}, 'orientation_covariance': [0.0, 0.0, 0.0, 0.0, 0.0, 0.0, 0.0, 0.0, 0.0], 'angular_velocity': {'x': -0.038311198353767395, 'y': -0.015962999314069748, 'z': 2.4082846641540527}, 'angular_velocity_covariance': [0.0, 0.0, 0.0, 0.0, 0.0, 0.0, 0.0, 0.0, 0.0], 'linear_acceleration': {'x': 0.3357867896556854, 'y': 1.844732403755188, 'z': 8.746617317199707}, 'linear_acceleration_covariance': [0.0, 0.0, 0.0, 0.0, 0.0, 0.0, 0.0, 0.0, 0.0]}, 37.029808375731434, 2.5570733547210693
{'left': 33852, 'right': 92003}, 0.001533981, {'header': {'stamp': {'sec': 1650618934, 'nanosec': 149955135}, 'frame_id': 'imu_link'}, 'orientation': {'x': 0.0025368693750351667, 'y': 0.0034435682464390993, 'z': -0.3667714297771454, 'w': -0.9302967190742493}, 'orientation_covariance': [0.0, 0.0, 0.0, 0.0, 0.0, 0.0, 0.0, 0.0, 0.0], 'angular_velocity': {'x': 0.09471379965543747, 'y': 0.06172360107302666, 'z': 2.371037483215332}, 'angular_velocity_covariance': [0.0, 0.0, 0.0, 0.0, 0.0, 0.0, 0.0, 0.0, 0.0], 'linear_acceleration': {'x': -0.03411737456917763, 'y': -0.7523778676986694, 'z': 9.800664901733398}, 'linear_acceleration_covariance': [0.0, 0.0, 0.0, 0.0, 0.0, 0.0, 0.0, 0.0, 0.0]}, 43.034498155486, 2.604942798614502
{'left': 33852, 'right': 92003}, 0.001533981, {'header': {'stamp': {'sec': 1650618934, 'nanosec': 149955135}, 'frame_id': 'imu_link'}, 'orientation': {'x': 0.0025368693750351667, 'y': 0.0034435682464390993, 'z': -0.3667714297771454, 'w': -0.9302967190742493}, 'orientation_covariance': [0.0, 0.0, 0.0, 0.0, 0.0, 0.0, 0.0, 0.0, 0.0], 'angular_velocity': {'x': 0.09471379965543747, 'y': 0.06172360107302666, 'z': 2.371037483215332}, 'angular_velocity_covariance': [0.0, 0.0, 0.0, 0.0, 0.0, 0.0, 0.0, 0.0, 0.0], 'linear_acceleration': {'x': -0.03411737456917763, 'y': -0.7523778676986694, 'z': 9.800664901733398}, 'linear_acceleration_covariance': [0.0, 0.0, 0.0, 0.0, 0.0, 0.0, 0.0, 0.0, 0.0]}, 51.70972013376598, 2.650820732116699
{'left': 33441, 'right': 92418}, 0.001533981, {'header': {'stamp': {'sec': 1650618934, 'nanosec': 199968260}, 'frame_id': 'imu_link'}, 'orientation': {'x': -3.2488867873325944e-05, 'y': 0.005453996825963259, 'z': -0.43607720732688904, 'w': -0.8998879790306091}, 'orientation_covariance': [0.0, 0.0, 0.0, 0.0, 0.0, 0.0, 0.0, 0.0, 0.0], 'angular_velocity': {'x': 0.0776866003870964, 'y': 0.05746680125594139, 'z': 2.306121349334717}, 'angular_velocity_covariance': [0.0, 0.0, 0.0, 0.0, 0.0, 0.0, 0.0, 0.0, 0.0], 'linear_acceleration': {'x': 0.42616790533065796, 'y': -0.5339069962501526, 'z': 9.246406555175781}, 'linear_acceleration_covariance': [0.0, 0.0, 0.0, 0.0, 0.0, 0.0, 0.0, 0.0, 0.0]}, 51.70972013376598, 2.6966962814331055
{'left': 33274, 'right': 92588}, 0.001533981, {'header': {'stamp': {'sec': 1650618934, 'nanosec': 199968260}, 'frame_id': 'imu_link'}, 'orientation': {'x': -3.2488867873325944e-05, 'y': 0.005453996825963259, 'z': -0.43607720732688904, 'w': -0.8998879790306091}, 'orientation_covariance': [0.0, 0.0, 0.0, 0.0, 0.0, 0.0, 0.0, 0.0, 0.0], 'angular_velocity': {'x': 0.0776866003870964, 'y': 0.05746680125594139, 'z': 2.306121349334717}, 'angular_velocity_covariance': [0.0, 0.0, 0.0, 0.0, 0.0, 0.0, 0.0, 0.0, 0.0], 'linear_acceleration': {'x': 0.42616790533065796, 'y': -0.5339069962501526, 'z': 9.246406555175781}, 'linear_acceleration_covariance': [0.0, 0.0, 0.0, 0.0, 0.0, 0.0, 0.0, 0.0, 0.0]}, 51.70972013376598, 2.7425742149353027
{'left': 33274, 'right': 92588}, 0.001533981, {'header': {'stamp': {'sec': 1650618934, 'nanosec': 300003625}, 'frame_id': 'imu_link'}, 'orientation': {'x': -0.0017238304717466235, 'y': 0.0073227244429290295, 'z': -0.5499305129051208, 'w': -0.8351713418960571}, 'orientation_covariance': [0.0, 0.0, 0.0, 0.0, 0.0, 0.0, 0.0, 0.0, 0.0], 'angular_velocity': {'x': -0.07449399679899216, 'y': -0.005320999771356583, 'z': 2.514704704284668}, 'angular_velocity_covariance': [0.0, 0.0, 0.0, 0.0, 0.0, 0.0, 0.0, 0.0, 0.0], 'linear_acceleration': {'x': 1.7561469078063965, 'y': 0.41120412945747375, 'z': 8.838793754577637}, 'linear_acceleration_covariance': [0.0, 0.0, 0.0, 0.0, 0.0, 0.0, 0.0, 0.0, 0.0]}, 72.69887715451287, 2.7874560356140137
{'left': 33020, 'right': 92845}, 0.001533981, {'header': {'stamp': {'sec': 1650618934, 'nanosec': 349960448}, 'frame_id': 'imu_link'}, 'orientation': {'x': -0.003679454093798995, 'y': 0.005497525911778212, 'z': -0.5926945805549622, 'w': -0.8053948283195496}, 'orientation_covariance': [0.0, 0.0, 0.0, 0.0, 0.0, 0.0, 0.0, 0.0, 0.0], 'angular_velocity': {'x': -0.010641999542713165, 'y': -0.04788900166749954, 'z': 2.505126714706421}, 'angular_velocity_covariance': [0.0, 0.0, 0.0, 0.0, 0.0, 0.0, 0.0, 0.0, 0.0], 'linear_acceleration': {'x': -0.7422025203704834, 'y': 1.0684125423431396, 'z': 8.833407402038574}, 'linear_acceleration_covariance': [0.0, 0.0, 0.0, 0.0, 0.0, 0.0, 0.0, 0.0, 0.0]}, 72.69887715451287, 2.8333325386047363
{'left': 32850, 'right': 93015}, 0.001533981, {'header': {'stamp': {'sec': 1650618934, 'nanosec': 399952062}, 'frame_id': 'imu_link'}, 'orientation': {'x': -0.005837607197463512, 'y': 0.007032954134047031, 'z': -0.634307861328125, 'w': -0.7730209231376648}, 'orientation_covariance': [0.0, 0.0, 0.0, 0.0, 0.0, 0.0, 0.0, 0.0, 0.0], 'angular_velocity': {'x': 0.05746680125594139, 'y': 0.031925998628139496, 'z': 2.309314012527466}, 'angular_velocity_covariance': [0.0, 0.0, 0.0, 0.0, 0.0, 0.0, 0.0, 0.0, 0.0], 'linear_acceleration': {'x': 0.7679401636123657, 'y': -0.5626373887062073, 'z': 9.031527519226074}, 'linear_acceleration_covariance': [0.0, 0.0, 0.0, 0.0, 0.0, 0.0, 0.0, 0.0, 0.0]}, 78.74113160296403, 2.87821102142334
{'left': 32677, 'right': 93180}, 0.001533981, {'header': {'stamp': {'sec': 1650618934, 'nanosec': 450007375}, 'frame_id': 'imu_link'}, 'orientation': {'x': -0.006909758783876896, 'y': 0.008306906558573246, 'z': -0.6735178828239441, 'w': -0.7390860915184021}, 'orientation_covariance': [0.0, 0.0, 0.0, 0.0, 0.0, 0.0, 0.0, 0.0, 0.0], 'angular_velocity': {'x': -0.0840718001127243, 'y': -0.022348200902342796, 'z': 2.4966132640838623}, 'angular_velocity_covariance': [0.0, 0.0, 0.0, 0.0, 0.0, 0.0, 0.0, 0.0, 0.0], 'linear_acceleration': {'x': 0.760757565498352, 'y': 0.3693056106567383, 'z': 8.945934295654297}, 'linear_acceleration_covariance': [0.0, 0.0, 0.0, 0.0, 0.0, 0.0, 0.0, 0.0, 0.0]}, 84.68497913992536, 2.924088716506958
{'left': 32252, 'right': 93602}, 0.001533981, {'header': {'stamp': {'sec': 1650618934, 'nanosec': 499982531}, 'frame_id': 'imu_link'}, 'orientation': {'x': -0.007802529260516167, 'y': 0.009380343370139599, 'z': -0.7290969491004944, 'w': -0.6842954158782959}, 'orientation_covariance': [0.0, 0.0, 0.0, 0.0, 0.0, 0.0, 0.0, 0.0, 0.0], 'angular_velocity': {'x': -0.07875079661607742, 'y': -0.05214580148458481, 'z': 2.4785218238830566}, 'angular_velocity_covariance': [0.0, 0.0, 0.0, 0.0, 0.0, 0.0, 0.0, 0.0, 0.0], 'linear_acceleration': {'x': 1.0396820306777954, 'y': 0.0867898091673851, 'z': 8.586804389953613}, 'linear_acceleration_covariance': [0.0, 0.0, 0.0, 0.0, 0.0, 0.0, 0.0, 0.0, 0.0]}, 93.6326858848458, 2.9719605445861816
{'left': 32252, 'right': 93602}, 0.001533981, {'header': {'stamp': {'sec': 1650618934, 'nanosec': 549956437}, 'frame_id': 'imu_link'}, 'orientation': {'x': -0.007077238522469997, 'y': 0.010595977306365967, 'z': -0.7614228129386902, 'w': -0.6481237411499023}, 'orientation_covariance': [0.0, 0.0, 0.0, 0.0, 0.0, 0.0, 0.0, 0.0, 0.0], 'angular_velocity': {'x': -0.009577799588441849, 'y': -0.05853100121021271, 'z': 2.3976426124572754}, 'angular_velocity_covariance': [0.0, 0.0, 0.0, 0.0, 0.0, 0.0, 0.0, 0.0, 0.0], 'linear_acceleration': {'x': 0.11312603205442429, 'y': -0.21428105235099792, 'z': 9.570820808410645}, 'linear_acceleration_covariance': [0.0, 0.0, 0.0, 0.0, 0.0, 0.0, 0.0, 0.0, 0.0]}, 99.19549391354552, 3.019834518432617
{'left': 32093, 'right': 93765}, 0.001533981, {'header': {'stamp': {'sec': 1650618934, 'nanosec': 600021385}, 'frame_id': 'imu_link'}, 'orientation': {'x': -0.006316027138382196, 'y': 0.010437789373099804, 'z': -0.8099786639213562, 'w': -0.5863251090049744}, 'orientation_covariance': [0.0, 0.0, 0.0, 0.0, 0.0, 0.0, 0.0, 0.0, 0.0], 'angular_velocity': {'x': 0.020219799131155014, 'y': -0.04576060175895691, 'z': 2.431696891784668}, 'angular_velocity_covariance': [0.0, 0.0, 0.0, 0.0, 0.0, 0.0, 0.0, 0.0, 0.0], 'linear_acceleration': {'x': 0.061052143573760986, 'y': -0.6925228238105774, 'z': 9.66539192199707}, 'linear_acceleration_covariance': [0.0, 0.0, 0.0, 0.0, 0.0, 0.0, 0.0, 0.0, 0.0]}, 108.20580620658095, 3.0677058696746826
{'left': 31837, 'right': 94026}, 0.001533981, {'header': {'stamp': {'sec': 1650618934, 'nanosec': 649956593}, 'frame_id': 'imu_link'}, 'orientation': {'x': -0.008462322875857353, 'y': 0.008760771714150906, 'z': -0.840082585811615, 'w': -0.5423138737678528}, 'orientation_covariance': [0.0, 0.0, 0.0, 0.0, 0.0, 0.0, 0.0, 0.0, 0.0], 'angular_velocity': {'x': 0.05853100121021271, 'y': 0.0, 'z': 2.3721017837524414}, 'angular_velocity_covariance': [0.0, 0.0, 0.0, 0.0, 0.0, 0.0, 0.0, 0.0, 0.0], 'linear_acceleration': {'x': 0.41778817772865295, 'y': 0.8571242094039917, 'z': 8.67479133605957}, 'linear_acceleration_covariance': [0.0, 0.0, 0.0, 0.0, 0.0, 0.0, 0.0, 0.0, 0.0]}, 114.31492947062083, 3.114579916000366
{'left': 31666, 'right': 94194}, 0.001533981, {'header': {'stamp': {'sec': 1650618934, 'nanosec': 699948260}, 'frame_id': 'imu_link'}, 'orientation': {'x': -0.007865801453590393, 'y': 0.009016589261591434, 'z': -0.8667460680007935, 'w': -0.49859750270843506}, 'orientation_covariance': [0.0, 0.0, 0.0, 0.0, 0.0, 0.0, 0.0, 0.0, 0.0], 'angular_velocity': {'x': -0.09577800333499908, 'y': -0.009577799588441849, 'z': 2.4242475032806396}, 'angular_velocity_covariance': [0.0, 0.0, 0.0, 0.0, 0.0, 0.0, 0.0, 0.0, 0.0], 'linear_acceleration': {'x': 0.7068880200386047, 'y': 0.6757634282112122, 'z': 10.267534255981445}, 'linear_acceleration_covariance': [0.0, 0.0, 0.0, 0.0, 0.0, 0.0, 0.0, 0.0, 0.0]}, 120.18511006868286, 3.159494161605835
{'left': 31496, 'right': 94362}, 0.001533981, {'header': {'stamp': {'sec': 1650618934, 'nanosec': 699948260}, 'frame_id': 'imu_link'}, 'orientation': {'x': -0.007865801453590393, 'y': 0.009016589261591434, 'z': -0.8667460680007935, 'w': -0.49859750270843506}, 'orientation_covariance': [0.0, 0.0, 0.0, 0.0, 0.0, 0.0, 0.0, 0.0, 0.0], 'angular_velocity': {'x': -0.09577800333499908, 'y': -0.009577799588441849, 'z': 2.4242475032806396}, 'angular_velocity_covariance': [0.0, 0.0, 0.0, 0.0, 0.0, 0.0, 0.0, 0.0, 0.0], 'linear_acceleration': {'x': 0.7068880200386047, 'y': 0.6757634282112122, 'z': 10.267534255981445}, 'linear_acceleration_covariance': [0.0, 0.0, 0.0, 0.0, 0.0, 0.0, 0.0, 0.0, 0.0]}, 129.1485513918993, 3.207364082336426
{'left': 31239, 'right': 94615}, 0.001533981, {'header': {'stamp': {'sec': 1650618934, 'nanosec': 749989145}, 'frame_id': 'imu_link'}, 'orientation': {'x': -0.007497264072299004, 'y': 0.008880265057086945, 'z': -0.903057336807251, 'w': -0.42935267090797424}, 'orientation_covariance': [0.0, 0.0, 0.0, 0.0, 0.0, 0.0, 0.0, 0.0, 0.0], 'angular_velocity': {'x': -0.07662239670753479, 'y': -0.035118598490953445, 'z': 2.5189614295959473}, 'angular_velocity_covariance': [0.0, 0.0, 0.0, 0.0, 0.0, 0.0, 0.0, 0.0, 0.0], 'linear_acceleration': {'x': 0.5829880833625793, 'y': 0.416591078042984, 'z': 9.427168846130371}, 'linear_acceleration_covariance': [0.0, 0.0, 0.0, 0.0, 0.0, 0.0, 0.0, 0.0, 0.0]}, 134.86858292695413, 3.25520920753479
{'left': 31072, 'right': 94783}, 0.001533981, {'header': {'stamp': {'sec': 1650618934, 'nanosec': 799983052}, 'frame_id': 'imu_link'}, 'orientation': {'x': -0.008273770101368427, 'y': 0.008731380105018616, 'z': -0.9233498573303223, 'w': -0.38376015424728394}, 'orientation_covariance': [0.0, 0.0, 0.0, 0.0, 0.0, 0.0, 0.0, 0.0, 0.0], 'angular_velocity': {'x': 0.03724699839949608, 'y': -0.029797600582242012, 'z': 2.3082497119903564}, 'angular_velocity_covariance': [0.0, 0.0, 0.0, 0.0, 0.0, 0.0, 0.0, 0.0, 0.0], 'linear_acceleration': {'x': 0.17058686912059784, 'y': -1.7178397178649902, 'z': 10.94150161743164}, 'linear_acceleration_covariance': [0.0, 0.0, 0.0, 0.0, 0.0, 0.0, 0.0, 0.0, 0.0]}, 140.77905431126032, 3.303107738494873
{'left': 30905, 'right': 94956}, 0.001533981, {'header': {'stamp': {'sec': 1650618934, 'nanosec': 849967427}, 'frame_id': 'imu_link'}, 'orientation': {'x': -0.0076108667999506, 'y': 0.00904770102351904, 'z': -0.941906750202179, 'w': -0.33565375208854675}, 'orientation_covariance': [0.0, 0.0, 0.0, 0.0, 0.0, 0.0, 0.0, 0.0, 0.0], 'angular_velocity': {'x': 0.059595201164484024, 'y': 0.05533840134739876, 'z': 2.360395669937134}, 'angular_velocity_covariance': [0.0, 0.0, 0.0, 0.0, 0.0, 0.0, 0.0, 0.0, 0.0], 'linear_acceleration': {'x': -0.20231004059314728, 'y': -0.08918400853872299, 'z': 10.797849655151367}, 'linear_acceleration_covariance': [0.0, 0.0, 0.0, 0.0, 0.0, 0.0, 0.0, 0.0, 0.0]}, 149.48474555758855, 3.348557949066162
{'left': 30661, 'right': 95205}, 0.001533981, {'header': {'stamp': {'sec': 1650618934, 'nanosec': 899999562}, 'frame_id': 'imu_link'}, 'orientation': {'x': -0.007181714288890362, 'y': 0.008624481037259102, 'z': -0.9646724462509155, 'w': -0.2631969451904297}, 'orientation_covariance': [0.0, 0.0, 0.0, 0.0, 0.0, 0.0, 0.0, 0.0, 0.0], 'angular_velocity': {'x': 0.0, 'y': 0.05214580148458481, 'z': 2.355074644088745}, 'angular_velocity_covariance': [0.0, 0.0, 0.0, 0.0, 0.0, 0.0, 0.0, 0.0, 0.0], 'linear_acceleration': {'x': 0.3836708068847656, 'y': 0.47884032130241394, 'z': 11.361085891723633}, 'linear_acceleration_covariance': [0.0, 0.0, 0.0, 0.0, 0.0, 0.0, 0.0, 0.0, 0.0]}, 155.23905487309978, 3.3931896686553955
{'left': 30485, 'right': 95372}, 0.001533981, {'header': {'stamp': {'sec': 1650618934, 'nanosec': 949966489}, 'frame_id': 'imu_link'}, 'orientation': {'x': -0.004975068382918835, 'y': 0.0080086849629879, 'z': -0.9766886830329895, 'w': -0.21443365514278412}, 'orientation_covariance': [0.0, 0.0, 0.0, 0.0, 0.0, 0.0, 0.0, 0.0, 0.0], 'angular_velocity': {'x': -0.08194340020418167, 'y': -0.01383460033684969, 'z': 2.347625255584717}, 'angular_velocity_covariance': [0.0, 0.0, 0.0, 0.0, 0.0, 0.0, 0.0, 0.0, 0.0], 'linear_acceleration': {'x': -0.6416460275650024, 'y': 1.303642749786377, 'z': 10.977415084838867}, 'linear_acceleration_covariance': [0.0, 0.0, 0.0, 0.0, 0.0, 0.0, 0.0, 0.0, 0.0]}, 161.05131910748895, 3.439366579055786
{'left': 30315, 'right': 95543}, 0.001533981, {'header': {'stamp': {'sec': 1650618934, 'nanosec': 999954510}, 'frame_id': 'imu_link'}, 'orientation': {'x': -0.0038361884653568268, 'y': 0.008562542498111725, 'z': -0.9863053560256958, 'w': -0.16463661193847656}, 'orientation_covariance': [0.0, 0.0, 0.0, 0.0, 0.0, 0.0, 0.0, 0.0, 0.0], 'angular_velocity': {'x': 0.08194340020418167, 'y': 0.0, 'z': 2.3827438354492188}, 'angular_velocity_covariance': [0.0, 0.0, 0.0, 0.0, 0.0, 0.0, 0.0, 0.0, 0.0], 'linear_acceleration': {'x': -0.07781155407428741, 'y': -0.9864110946655273, 'z': 12.033856391906738}, 'linear_acceleration_covariance': [0.0, 0.0, 0.0, 0.0, 0.0, 0.0, 0.0, 0.0, 0.0]}, 161.05131910748895, 3.4862074851989746
{'left': 30315, 'right': 95543}, 0.001533981, {'header': {'stamp': {'sec': 1650618935, 'nanosec': 49960083}, 'frame_id': 'imu_link'}, 'orientation': {'x': -0.002925991313531995, 'y': 0.007670815102756023, 'z': -0.9960641264915466, 'w': -0.08820666372776031}, 'orientation_covariance': [0.0, 0.0, 0.0, 0.0, 0.0, 0.0, 0.0, 0.0, 0.0], 'angular_velocity': {'x': 0.08087919652462006, 'y': 0.03724699839949608, 'z': 2.3465609550476074}, 'angular_velocity_covariance': [0.0, 0.0, 0.0, 0.0, 0.0, 0.0, 0.0, 0.0, 0.0], 'linear_acceleration': {'x': -0.6021417379379272, 'y': -1.0133458375930786, 'z': 12.143989562988281}, 'linear_acceleration_covariance': [0.0, 0.0, 0.0, 0.0, 0.0, 0.0, 0.0, 0.0, 0.0]}, 175.8784393631933, 3.5329580307006836
{'left': 30058, 'right': 95796}, 0.001533981, {'header': {'stamp': {'sec': 1650618935, 'nanosec': 99976385}, 'frame_id': 'imu_link'}, 'orientation': {'x': -0.00345256133005023, 'y': 0.006061757914721966, 'z': -0.999323844909668, 'w': -0.03598006069660187}, 'orientation_covariance': [0.0, 0.0, 0.0, 0.0, 0.0, 0.0, 0.0, 0.0, 0.0], 'angular_velocity': {'x': -0.02128399908542633, 'y': 0.06065940111875534, 'z': 2.3540103435516357}, 'angular_velocity_covariance': [0.0, 0.0, 0.0, 0.0, 0.0, 0.0, 0.0, 0.0, 0.0], 'linear_acceleration': {'x': 0.9133879542350769, 'y': 0.8978255987167358, 'z': 10.623671531677246}, 'linear_acceleration_covariance': [0.0, 0.0, 0.0, 0.0, 0.0, 0.0, 0.0, 0.0, 0.0]}, 175.8784393631933, 3.579176902770996
{'left': 29717, 'right': 96132}, 0.001533981, {'header': {'stamp': {'sec': 1650618935, 'nanosec': 150088468}, 'frame_id': 'imu_link'}, 'orientation': {'x': -0.003209394635632634, 'y': 0.005908802151679993, 'z': -0.9998618364334106, 'w': 0.014916379936039448}, 'orientation_covariance': [0.0, 0.0, 0.0, 0.0, 0.0, 0.0, 0.0, 0.0, 0.0], 'angular_velocity': {'x': -0.07023719698190689, 'y': 0.012770400382578373, 'z': 2.4625587463378906}, 'angular_velocity_covariance': [0.0, 0.0, 0.0, 0.0, 0.0, 0.0, 0.0, 0.0, 0.0], 'linear_acceleration': {'x': -0.30047231912612915, 'y': 1.646013617515564, 'z': 11.198878288269043}, 'linear_acceleration_covariance': [0.0, 0.0, 0.0, 0.0, 0.0, 0.0, 0.0, 0.0, 0.0]}, -178.28845456935605, 3.6253480911254883
{'left': 29717, 'right': 96132}, 0.001533981, {'header': {'stamp': {'sec': 1650618935, 'nanosec': 199980864}, 'frame_id': 'imu_link'}, 'orientation': {'x': -0.002830237615853548, 'y': 0.0051614041440188885, 'z': -0.9956921339035034, 'w': 0.09248753637075424}, 'orientation_covariance': [0.0, 0.0, 0.0, 0.0, 0.0, 0.0, 0.0, 0.0, 0.0], 'angular_velocity': {'x': -0.05746680125594139, 'y': 0.0, 'z': 2.50831937789917}, 'angular_velocity_covariance': [0.0, 0.0, 0.0, 0.0, 0.0, 0.0, 0.0, 0.0, 0.0], 'linear_acceleration': {'x': 0.4171896278858185, 'y': 1.48081374168396, 'z': 10.697891235351562}, 'linear_acceleration_covariance': [0.0, 0.0, 0.0, 0.0, 0.0, 0.0, 0.0, 0.0, 0.0]}, -169.3847716520236, 3.6722421646118164
{'left': 29469, 'right': 96389}, 0.001533981, {'header': {'stamp': {'sec': 1650618935, 'nanosec': 249957895}, 'frame_id': 'imu_link'}, 'orientation': {'x': -0.002306016394868493, 'y': 0.00609901687130332, 'z': -0.989508867263794, 'w': 0.1442956030368805}, 'orientation_covariance': [0.0, 0.0, 0.0, 0.0, 0.0, 0.0, 0.0, 0.0, 0.0], 'angular_velocity': {'x': 0.06172360107302666, 'y': 0.053210001438856125, 'z': 2.371037483215332}, 'angular_velocity_covariance': [0.0, 0.0, 0.0, 0.0, 0.0, 0.0, 0.0, 0.0, 0.0], 'linear_acceleration': {'x': -0.5841851830482483, 'y': -2.0422539710998535, 'z': 11.89499282836914}, 'linear_acceleration_covariance': [0.0, 0.0, 0.0, 0.0, 0.0, 0.0, 0.0, 0.0, 0.0]}, -163.4054300912373, 3.717834711074829
{'left': 29302, 'right': 96562}, 0.001533981, {'header': {'stamp': {'sec': 1650618935, 'nanosec': 299961541}, 'frame_id': 'imu_link'}, 'orientation': {'x': -0.003184498753398657, 'y': 0.004217043053358793, 'z': -0.9803851842880249, 'w': 0.19699835777282715}, 'orientation_covariance': [0.0, 0.0, 0.0, 0.0, 0.0, 0.0, 0.0, 0.0, 0.0], 'angular_velocity': {'x': -0.03405439853668213, 'y': 0.06278780102729797, 'z': 2.434889554977417}, 'angular_velocity_covariance': [0.0, 0.0, 0.0, 0.0, 0.0, 0.0, 0.0, 0.0, 0.0], 'linear_acceleration': {'x': 0.7846996188163757, 'y': 0.790086567401886, 'z': 11.555015563964844}, 'linear_acceleration_covariance': [0.0, 0.0, 0.0, 0.0, 0.0, 0.0, 0.0, 0.0, 0.0]}, -157.27516681056218, 3.763150453567505
{'left': 29302, 'right': 96562}, 0.001533981, {'header': {'stamp': {'sec': 1650618935, 'nanosec': 349969562}, 'frame_id': 'imu_link'}, 'orientation': {'x': -0.004548176191747189, 'y': 0.003448398085311055, 'z': -0.9620455503463745, 'w': 0.272813618183136}, 'orientation_covariance': [0.0, 0.0, 0.0, 0.0, 0.0, 0.0, 0.0, 0.0, 0.0], 'angular_velocity': {'x': -0.015962999314069748, 'y': 0.05746680125594139, 'z': 2.431696891784668}, 'angular_velocity_covariance': [0.0, 0.0, 0.0, 0.0, 0.0, 0.0, 0.0, 0.0, 0.0], 'linear_acceleration': {'x': 0.6619967818260193, 'y': 0.41120412945747375, 'z': 10.94030475616455}, 'linear_acceleration_covariance': [0.0, 0.0, 0.0, 0.0, 0.0, 0.0, 0.0, 0.0, 0.0]}, -148.33375738083885, 3.8098526000976562
{'left': 28876, 'right': 96984}, 0.001533981, {'header': {'stamp': {'sec': 1650618935, 'nanosec': 399995812}, 'frame_id': 'imu_link'}, 'orientation': {'x': -0.0016438525635749102, 'y': 0.003197477664798498, 'z': -0.9466426372528076, 'w': 0.32225167751312256}, 'orientation_covariance': [0.0, 0.0, 0.0, 0.0, 0.0, 0.0, 0.0, 0.0, 0.0], 'angular_velocity': {'x': -0.06810879707336426, 'y': -0.015962999314069748, 'z': 2.511512041091919}, 'angular_velocity_covariance': [0.0, 0.0, 0.0, 0.0, 0.0, 0.0, 0.0, 0.0, 0.0], 'linear_acceleration': {'x': -0.39564183354377747, 'y': 1.3102269172668457, 'z': 10.627263069152832}, 'linear_acceleration_covariance': [0.0, 0.0, 0.0, 0.0, 0.0, 0.0, 0.0, 0.0, 0.0]}, -142.400759468412, 3.8558332920074463
{'left': 28705, 'right': 97151}, 0.001533981, {'header': {'stamp': {'sec': 1650618935, 'nanosec': 449952374}, 'frame_id': 'imu_link'}, 'orientation': {'x': -0.0028182377573102713, 'y': 0.004004739224910736, 'z': -0.9288375973701477, 'w': 0.3704434633255005}, 'orientation_covariance': [0.0, 0.0, 0.0, 0.0, 0.0, 0.0, 0.0, 0.0, 0.0], 'angular_velocity': {'x': 0.08939280360937119, 'y': 0.04469640180468559, 'z': 2.3029286861419678}, 'angular_velocity_covariance': [0.0, 0.0, 0.0, 0.0, 0.0, 0.0, 0.0, 0.0, 0.0], 'linear_acceleration': {'x': -0.3076549172401428, 'y': -1.7220295667648315, 'z': 12.737153053283691}, 'linear_acceleration_covariance': [0.0, 0.0, 0.0, 0.0, 0.0, 0.0, 0.0, 0.0, 0.0]}, -136.5123722673562, 3.9026031494140625
{'left': 28537, 'right': 97318}, 0.001533981, {'header': {'stamp': {'sec': 1650618935, 'nanosec': 449952374}, 'frame_id': 'imu_link'}, 'orientation': {'x': -0.0028182377573102713, 'y': 0.004004739224910736, 'z': -0.9288375973701477, 'w': 0.3704434633255005}, 'orientation_covariance': [0.0, 0.0, 0.0, 0.0, 0.0, 0.0, 0.0, 0.0, 0.0], 'angular_velocity': {'x': 0.08939280360937119, 'y': 0.04469640180468559, 'z': 2.3029286861419678}, 'angular_velocity_covariance': [0.0, 0.0, 0.0, 0.0, 0.0, 0.0, 0.0, 0.0, 0.0], 'linear_acceleration': {'x': -0.3076549172401428, 'y': -1.7220295667648315, 'z': 12.737153053283691}, 'linear_acceleration_covariance': [0.0, 0.0, 0.0, 0.0, 0.0, 0.0, 0.0, 0.0, 0.0]}, -127.47958334373578, 3.949387788772583
{'left': 28286, 'right': 97575}, 0.001533981, {'header': {'stamp': {'sec': 1650618935, 'nanosec': 499982843}, 'frame_id': 'imu_link'}, 'orientation': {'x': -0.004193367902189493, 'y': 0.0040165758691728115, 'z': -0.8967812657356262, 'w': 0.4424263834953308}, 'orientation_covariance': [0.0, 0.0, 0.0, 0.0, 0.0, 0.0, 0.0, 0.0, 0.0], 'angular_velocity': {'x': 0.0776866003870964, 'y': 0.01809139922261238, 'z': 2.355074644088745}, 'angular_velocity_covariance': [0.0, 0.0, 0.0, 0.0, 0.0, 0.0, 0.0, 0.0, 0.0], 'linear_acceleration': {'x': -0.2124854028224945, 'y': -1.9494787454605103, 'z': 12.188880920410156}, 'linear_acceleration_covariance': [0.0, 0.0, 0.0, 0.0, 0.0, 0.0, 0.0, 0.0, 0.0]}, -121.43123627479224, 3.9963786602020264
{'left': 28286, 'right': 97575}, 0.001533981, {'header': {'stamp': {'sec': 1650618935, 'nanosec': 549965864}, 'frame_id': 'imu_link'}, 'orientation': {'x': -0.004394924268126488, 'y': 0.0017816275358200073, 'z': -0.8721962571144104, 'w': 0.4891243875026703}, 'orientation_covariance': [0.0, 0.0, 0.0, 0.0, 0.0, 0.0, 0.0, 0.0, 0.0], 'angular_velocity': {'x': -0.035118598490953445, 'y': 0.04576060175895691, 'z': 2.412541389465332}, 'angular_velocity_covariance': [0.0, 0.0, 0.0, 0.0, 0.0, 0.0, 0.0, 0.0, 0.0], 'linear_acceleration': {'x': 0.090979665517807, 'y': 0.6165069341659546, 'z': 11.377245903015137}, 'linear_acceleration_covariance': [0.0, 0.0, 0.0, 0.0, 0.0, 0.0, 0.0, 0.0, 0.0]}, -121.43123627479224, 4.042377948760986
{'left': 28118, 'right': 97747}, 0.001533981, {'header': {'stamp': {'sec': 1650618935, 'nanosec': 599962218}, 'frame_id': 'imu_link'}, 'orientation': {'x': -0.0034934047143906355, 'y': 0.0014614432584494352, 'z': -0.8450520634651184, 'w': 0.534662663936615}, 'orientation_covariance': [0.0, 0.0, 0.0, 0.0, 0.0, 0.0, 0.0, 0.0, 0.0], 'angular_velocity': {'x': -0.04256799817085266, 'y': -0.029797600582242012, 'z': 2.5700430870056152}, 'angular_velocity_covariance': [0.0, 0.0, 0.0, 0.0, 0.0, 0.0, 0.0, 0.0, 0.0], 'linear_acceleration': {'x': -0.7499836683273315, 'y': 1.6980875730514526, 'z': 10.80323600769043}, 'linear_acceleration_covariance': [0.0, 0.0, 0.0, 0.0, 0.0, 0.0, 0.0, 0.0, 0.0]}, -115.35588553877518, 4.087342977523804
{'left': 27943, 'right': 97921}, 0.001533981, {'header': {'stamp': {'sec': 1650618935, 'nanosec': 649959822}, 'frame_id': 'imu_link'}, 'orientation': {'x': -0.005394495092332363, 'y': 0.0011559282429516315, 'z': -0.8161026835441589, 'w': 0.5778733491897583}, 'orientation_covariance': [0.0, 0.0, 0.0, 0.0, 0.0, 0.0, 0.0, 0.0, 0.0], 'angular_velocity': {'x': 0.08513599634170532, 'y': 0.015962999314069748, 'z': 2.323148488998413}, 'angular_velocity_covariance': [0.0, 0.0, 0.0, 0.0, 0.0, 0.0, 0.0, 0.0, 0.0], 'linear_acceleration': {'x': 0.10474631935358047, 'y': -1.5879542827606201, 'z': 11.488576889038086}, 'linear_acceleration_covariance': [0.0, 0.0, 0.0, 0.0, 0.0, 0.0, 0.0, 0.0, 0.0]}, -109.39402788866653, 4.133440732955933
{'left': 27775, 'right': 98086}, 0.001533981, {'header': {'stamp': {'sec': 1650618935, 'nanosec': 699959770}, 'frame_id': 'imu_link'}, 'orientation': {'x': -0.004597777500748634, 'y': -0.0023970832116901875, 'z': -0.7687013745307922, 'w': 0.6395801901817322}, 'orientation_covariance': [0.0, 0.0, 0.0, 0.0, 0.0, 0.0, 0.0, 0.0, 0.0], 'angular_velocity': {'x': 0.12770399451255798, 'y': 0.03937539830803871, 'z': 2.3529462814331055}, 'angular_velocity_covariance': [0.0, 0.0, 0.0, 0.0, 0.0, 0.0, 0.0, 0.0, 0.0], 'linear_acceleration': {'x': -0.7547720670700073, 'y': -1.0432733297348022, 'z': 12.341510772705078}, 'linear_acceleration_covariance': [0.0, 0.0, 0.0, 0.0, 0.0, 0.0, 0.0, 0.0, 0.0]}, -100.47615248749733, 4.180433034896851
{'left': 27519, 'right': 98340}, 0.001533981, {'header': {'stamp': {'sec': 1650618935, 'nanosec': 749978624}, 'frame_id': 'imu_link'}, 'orientation': {'x': -0.005986010655760765, 'y': -0.0038294470869004726, 'z': -0.7344675064086914, 'w': 0.6786003708839417}, 'orientation_covariance': [0.0, 0.0, 0.0, 0.0, 0.0, 0.0, 0.0, 0.0, 0.0], 'angular_velocity': {'x': -0.038311198353767395, 'y': 0.023412400856614113, 'z': 2.3955142498016357}, 'angular_velocity_covariance': [0.0, 0.0, 0.0, 0.0, 0.0, 0.0, 0.0, 0.0, 0.0], 'linear_acceleration': {'x': 0.6859387755393982, 'y': 0.11312603205442429, 'z': 11.514912605285645}, 'linear_acceleration_covariance': [0.0, 0.0, 0.0, 0.0, 0.0, 0.0, 0.0, 0.0, 0.0]}, -94.52665181297361, 4.226423501968384
{'left': 27349, 'right': 98509}, 0.001533981, {'header': {'stamp': {'sec': 1650618935, 'nanosec': 799994458}, 'frame_id': 'imu_link'}, 'orientation': {'x': -0.004472523927688599, 'y': -0.0038295392878353596, 'z': -0.6980482935905457, 'w': 0.7160205245018005}, 'orientation_covariance': [0.0, 0.0, 0.0, 0.0, 0.0, 0.0, 0.0, 0.0, 0.0], 'angular_velocity': {'x': -0.043632201850414276, 'y': -0.03937539830803871, 'z': 2.5232181549072266}, 'angular_velocity_covariance': [0.0, 0.0, 0.0, 0.0, 0.0, 0.0, 0.0, 0.0, 0.0], 'linear_acceleration': {'x': -1.2904746532440186, 'y': 2.759916067123413, 'z': 10.861295700073242}, 'linear_acceleration_covariance': [0.0, 0.0, 0.0, 0.0, 0.0, 0.0, 0.0, 0.0, 0.0]}, -88.54282333305919, 4.2734551429748535
{'left': 27178, 'right': 98679}, 0.001533981, {'header': {'stamp': {'sec': 1650618935, 'nanosec': 799994458}, 'frame_id': 'imu_link'}, 'orientation': {'x': -0.004472523927688599, 'y': -0.0038295392878353596, 'z': -0.6980482935905457, 'w': 0.7160205245018005}, 'orientation_covariance': [0.0, 0.0, 0.0, 0.0, 0.0, 0.0, 0.0, 0.0, 0.0], 'angular_velocity': {'x': -0.043632201850414276, 'y': -0.03937539830803871, 'z': 2.5232181549072266}, 'angular_velocity_covariance': [0.0, 0.0, 0.0, 0.0, 0.0, 0.0, 0.0, 0.0, 0.0], 'linear_acceleration': {'x': -1.2904746532440186, 'y': 2.759916067123413, 'z': 10.861295700073242}, 'linear_acceleration_covariance': [0.0, 0.0, 0.0, 0.0, 0.0, 0.0, 0.0, 0.0, 0.0]}, -79.77523406340484, 4.319406270980835
{'left': 26930, 'right': 98938}, 0.001533981, {'header': {'stamp': {'sec': 1650618935, 'nanosec': 899970707}, 'frame_id': 'imu_link'}, 'orientation': {'x': -0.00867040641605854, 'y': -0.0034735461231321096, 'z': -0.6005133390426636, 'w': 0.7995548248291016}, 'orientation_covariance': [0.0, 0.0, 0.0, 0.0, 0.0, 0.0, 0.0, 0.0, 0.0], 'angular_velocity': {'x': 0.1298324018716812, 'y': 0.025540800765156746, 'z': 2.4402105808258057}, 'angular_velocity_covariance': [0.0, 0.0, 0.0, 0.0, 0.0, 0.0, 0.0, 0.0, 0.0], 'linear_acceleration': {'x': -0.6476315259933472, 'y': -1.4766238927841187, 'z': 11.983577728271484}, 'linear_acceleration_covariance': [0.0, 0.0, 0.0, 0.0, 0.0, 0.0, 0.0, 0.0, 0.0]}, -73.81255970140931, 4.36625599861145
{'left': 26761, 'right': 99108}, 0.001533981, {'header': {'stamp': {'sec': 1650618935, 'nanosec': 949949249}, 'frame_id': 'imu_link'}, 'orientation': {'x': -0.005807147826999426, 'y': -0.004985774867236614, 'z': -0.5396018624305725, 'w': 0.8418805003166199}, 'orientation_covariance': [0.0, 0.0, 0.0, 0.0, 0.0, 0.0, 0.0, 0.0, 0.0], 'angular_velocity': {'x': 0.10109899938106537, 'y': 0.056402601301670074, 'z': 2.2731311321258545}, 'angular_velocity_covariance': [0.0, 0.0, 0.0, 0.0, 0.0, 0.0, 0.0, 0.0, 0.0], 'linear_acceleration': {'x': 0.9421183466911316, 'y': 0.10055647045373917, 'z': 9.64564037322998}, 'linear_acceleration_covariance': [0.0, 0.0, 0.0, 0.0, 0.0, 0.0, 0.0, 0.0, 0.0]}, -65.31325406473962, 4.4123289585113525
{'left': 26510, 'right': 99347}, 0.001533981, {'header': {'stamp': {'sec': 1650618935, 'nanosec': 999975864}, 'frame_id': 'imu_link'}, 'orientation': {'x': -0.00817547831684351, 'y': -0.006201690062880516, 'z': -0.4974178969860077, 'w': 0.8674454092979431}, 'orientation_covariance': [0.0, 0.0, 0.0, 0.0, 0.0, 0.0, 0.0, 0.0, 0.0], 'angular_velocity': {'x': -0.056402601301670074, 'y': 0.043632201850414276, 'z': 2.331662178039551}, 'angular_velocity_covariance': [0.0, 0.0, 0.0, 0.0, 0.0, 0.0, 0.0, 0.0, 0.0], 'linear_acceleration': {'x': 1.1851298809051514, 'y': -0.8678981065750122, 'z': 9.127893447875977}, 'linear_acceleration_covariance': [0.0, 0.0, 0.0, 0.0, 0.0, 0.0, 0.0, 0.0, 0.0]}, -59.65761020559319, 4.458581447601318
{'left': 26337, 'right': 99515}, 0.001533981, {'header': {'stamp': {'sec': 1650618935, 'nanosec': 999975864}, 'frame_id': 'imu_link'}, 'orientation': {'x': -0.00817547831684351, 'y': -0.006201690062880516, 'z': -0.4974178969860077, 'w': 0.8674454092979431}, 'orientation_covariance': [0.0, 0.0, 0.0, 0.0, 0.0, 0.0, 0.0, 0.0, 0.0], 'angular_velocity': {'x': -0.056402601301670074, 'y': 0.043632201850414276, 'z': 2.331662178039551}, 'angular_velocity_covariance': [0.0, 0.0, 0.0, 0.0, 0.0, 0.0, 0.0, 0.0, 0.0], 'linear_acceleration': {'x': 1.1851298809051514, 'y': -0.8678981065750122, 'z': 9.127893447875977}, 'linear_acceleration_covariance': [0.0, 0.0, 0.0, 0.0, 0.0, 0.0, 0.0, 0.0, 0.0]}, -53.815320003096474, 4.504734039306641
{'left': 26166, 'right': 99684}, 0.001533981, {'header': {'stamp': {'sec': 1650618936, 'nanosec': 49961697}, 'frame_id': 'imu_link'}, 'orientation': {'x': -0.007903159596025944, 'y': -0.004983111284673214, 'z': -0.4525696337223053, 'w': 0.8916751742362976}, 'orientation_covariance': [0.0, 0.0, 0.0, 0.0, 0.0, 0.0, 0.0, 0.0, 0.0], 'angular_velocity': {'x': -0.014898800291121006, 'y': -0.038311198353767395, 'z': 2.4136056900024414}, 'angular_velocity_covariance': [0.0, 0.0, 0.0, 0.0, 0.0, 0.0, 0.0, 0.0, 0.0], 'linear_acceleration': {'x': -0.6853402256965637, 'y': 2.1966800689697266, 'z': 9.560047149658203}, 'linear_acceleration_covariance': [0.0, 0.0, 0.0, 0.0, 0.0, 0.0, 0.0, 0.0, 0.0]}, -45.19488825067668, 4.551452398300171
{'left': 25919, 'right': 99932}, 0.001533981, {'header': {'stamp': {'sec': 1650618936, 'nanosec': 100008155}, 'frame_id': 'imu_link'}, 'orientation': {'x': -0.009772908873856068, 'y': -0.00566096929833293, 'z': -0.384287565946579, 'w': 0.923139750957489}, 'orientation_covariance': [0.0, 0.0, 0.0, 0.0, 0.0, 0.0, 0.0, 0.0, 0.0], 'angular_velocity': {'x': -0.026605000719428062, 'y': -0.050017401576042175, 'z': 2.4465959072113037}, 'angular_velocity_covariance': [0.0, 0.0, 0.0, 0.0, 0.0, 0.0, 0.0, 0.0, 0.0], 'linear_acceleration': {'x': 1.403002142906189, 'y': 1.2030863761901855, 'z': 8.310872077941895}, 'linear_acceleration_covariance': [0.0, 0.0, 0.0, 0.0, 0.0, 0.0, 0.0, 0.0, 0.0]}, -45.19488825067668, 4.598037242889404
{'left': 25919, 'right': 99932}, 0.001533981, {'header': {'stamp': {'sec': 1650618936, 'nanosec': 100008155}, 'frame_id': 'imu_link'}, 'orientation': {'x': -0.009772908873856068, 'y': -0.00566096929833293, 'z': -0.384287565946579, 'w': 0.923139750957489}, 'orientation_covariance': [0.0, 0.0, 0.0, 0.0, 0.0, 0.0, 0.0, 0.0, 0.0], 'angular_velocity': {'x': -0.026605000719428062, 'y': -0.050017401576042175, 'z': 2.4465959072113037}, 'angular_velocity_covariance': [0.0, 0.0, 0.0, 0.0, 0.0, 0.0, 0.0, 0.0, 0.0], 'linear_acceleration': {'x': 1.403002142906189, 'y': 1.2030863761901855, 'z': 8.310872077941895}, 'linear_acceleration_covariance': [0.0, 0.0, 0.0, 0.0, 0.0, 0.0, 0.0, 0.0, 0.0]}, -45.19488825067668, 4.644035577774048
{'left': 25919, 'right': 99932}, 0.001533981, {'header': {'stamp': {'sec': 1650618936, 'nanosec': 199964093}, 'frame_id': 'imu_link'}, 'orientation': {'x': -0.009580175392329693, 'y': -0.0061927661299705505, 'z': -0.2880557179450989, 'w': 0.957541286945343}, 'orientation_covariance': [0.0, 0.0, 0.0, 0.0, 0.0, 0.0, 0.0, 0.0, 0.0], 'angular_velocity': {'x': -0.046824801713228226, 'y': 0.026605000719428062, 'z': 2.412541389465332}, 'angular_velocity_covariance': [0.0, 0.0, 0.0, 0.0, 0.0, 0.0, 0.0, 0.0, 0.0], 'linear_acceleration': {'x': 0.7326257228851318, 'y': -0.11671733111143112, 'z': 9.232640266418457}, 'linear_acceleration_covariance': [0.0, 0.0, 0.0, 0.0, 0.0, 0.0, 0.0, 0.0, 0.0]}, -33.47794208854398, 4.6905272006988525
{'left': 25337, 'right': 100520}, 0.001533981, {'header': {'stamp': {'sec': 1650618936, 'nanosec': 249989562}, 'frame_id': 'imu_link'}, 'orientation': {'x': -0.004926417954266071, 'y': -0.004880079999566078, 'z': -0.21711190044879913, 'w': 0.9761176705360413}, 'orientation_covariance': [0.0, 0.0, 0.0, 0.0, 0.0, 0.0, 0.0, 0.0, 0.0], 'angular_velocity': {'x': -0.08513599634170532, 'y': 0.0, 'z': 2.4529809951782227}, 'angular_velocity_covariance': [0.0, 0.0, 0.0, 0.0, 0.0, 0.0, 0.0, 0.0, 0.0], 'linear_acceleration': {'x': 0.22625206410884857, 'y': 0.8110358119010925, 'z': 9.821613311767578}, 'linear_acceleration_covariance': [0.0, 0.0, 0.0, 0.0, 0.0, 0.0, 0.0, 0.0, 0.0]}, -19.388701978596984, 4.736677408218384
{'left': 25337, 'right': 100520}, 0.001533981, {'header': {'stamp': {'sec': 1650618936, 'nanosec': 299977895}, 'frame_id': 'imu_link'}, 'orientation': {'x': -0.005114328116178513, 'y': -0.004141416400671005, 'z': -0.16841040551662445, 'w': 0.9856905937194824}, 'orientation_covariance': [0.0, 0.0, 0.0, 0.0, 0.0, 0.0, 0.0, 0.0, 0.0], 'angular_velocity': {'x': -0.019155599176883698, 'y': -0.01383460033684969, 'z': 2.345496892929077}, 'angular_velocity_covariance': [0.0, 0.0, 0.0, 0.0, 0.0, 0.0, 0.0, 0.0, 0.0], 'linear_acceleration': {'x': 0.5051765441894531, 'y': -0.5063736438751221, 'z': 9.312247276306152}, 'linear_acceleration_covariance': [0.0, 0.0, 0.0, 0.0, 0.0, 0.0, 0.0, 0.0, 0.0]}, -19.388701978596984, 4.782463788986206
{'left': 25171, 'right': 100691}, 0.001533981, {'header': {'stamp': {'sec': 1650618936, 'nanosec': 349963364}, 'frame_id': 'imu_link'}, 'orientation': {'x': -0.0033969543874263763, 'y': -0.0038692625239491463, 'z': -0.11628729104995728, 'w': 0.993198037147522}, 'orientation_covariance': [0.0, 0.0, 0.0, 0.0, 0.0, 0.0, 0.0, 0.0, 0.0], 'angular_velocity': {'x': 0.05746680125594139, 'y': 0.043632201850414276, 'z': 2.348689317703247}, 'angular_velocity_covariance': [0.0, 0.0, 0.0, 0.0, 0.0, 0.0, 0.0, 0.0, 0.0], 'linear_acceleration': {'x': -0.1628057062625885, 'y': -0.17537526786327362, 'z': 9.276334762573242}, 'linear_acceleration_covariance': [0.0, 0.0, 0.0, 0.0, 0.0, 0.0, 0.0, 0.0, 0.0]}, -13.354462047956673, 4.828566074371338
{'left': 25001, 'right': 100860}, 0.001533981, {'header': {'stamp': {'sec': 1650618936, 'nanosec': 399959770}, 'frame_id': 'imu_link'}, 'orientation': {'x': -0.0028083231300115585, 'y': -0.0041256258264184, 'z': -0.0398554801940918, 'w': 0.9991887211799622}, 'orientation_covariance': [0.0, 0.0, 0.0, 0.0, 0.0, 0.0, 0.0, 0.0, 0.0], 'angular_velocity': {'x': 0.04469640180468559, 'y': 0.04256799817085266, 'z': 2.342304229736328}, 'angular_velocity_covariance': [0.0, 0.0, 0.0, 0.0, 0.0, 0.0, 0.0, 0.0, 0.0], 'linear_acceleration': {'x': 0.0017956512747332454, 'y': -0.6027402877807617, 'z': 10.689512252807617}, 'linear_acceleration_covariance': [0.0, 0.0, 0.0, 0.0, 0.0, 0.0, 0.0, 0.0, 0.0]}, -4.567067257448087, 4.874590635299683
{'left': 24747, 'right': 101112}, 0.001533981, {'header': {'stamp': {'sec': 1650618936, 'nanosec': 449974561}, 'frame_id': 'imu_link'}, 'orientation': {'x': -0.0023446278646588326, 'y': -0.0028024751227349043, 'z': 0.01237089280039072, 'w': 0.9999125003814697}, 'orientation_covariance': [0.0, 0.0, 0.0, 0.0, 0.0, 0.0, 0.0, 0.0, 0.0], 'angular_velocity': {'x': -0.08087919652462006, 'y': 0.0, 'z': 2.4934206008911133}, 'angular_velocity_covariance': [0.0, 0.0, 0.0, 0.0, 0.0, 0.0, 0.0, 0.0, 0.0], 'linear_acceleration': {'x': 0.33758243918418884, 'y': 0.37229835987091064, 'z': 9.255983352661133}, 'linear_acceleration_covariance': [0.0, 0.0, 0.0, 0.0, 0.0, 0.0, 0.0, 0.0, 0.0]}, 1.418395497107968, 4.920817613601685
{'left': 24577, 'right': 101281}, 0.001533981, {'header': {'stamp': {'sec': 1650618936, 'nanosec': 499974405}, 'frame_id': 'imu_link'}, 'orientation': {'x': -0.0016883714124560356, 'y': -0.00150407908950001, 'z': 0.06339985132217407, 'w': 0.9979814291000366}, 'orientation_covariance': [0.0, 0.0, 0.0, 0.0, 0.0, 0.0, 0.0, 0.0, 0.0], 'angular_velocity': {'x': 0.0, 'y': -0.015962999314069748, 'z': 2.3891289234161377}, 'angular_velocity_covariance': [0.0, 0.0, 0.0, 0.0, 0.0, 0.0, 0.0, 0.0, 0.0], 'linear_acceleration': {'x': 0.19213467836380005, 'y': 0.2621650695800781, 'z': 9.981427192687988}, 'linear_acceleration_covariance': [0.0, 0.0, 0.0, 0.0, 0.0, 0.0, 0.0, 0.0, 0.0]}, 7.270236310973028, 4.967731952667236
{'left': 24411, 'right': 101453}, 0.001533981, {'header': {'stamp': {'sec': 1650618936, 'nanosec': 549977947}, 'frame_id': 'imu_link'}, 'orientation': {'x': -0.00030477961990982294, 'y': 0.0003227950364816934, 'z': 0.14157088100910187, 'w': 0.9899236559867859}, 'orientation_covariance': [0.0, 0.0, 0.0, 0.0, 0.0, 0.0, 0.0, 0.0, 0.0], 'angular_velocity': {'x': 0.014898800291121006, 'y': 0.004256799817085266, 'z': 2.4104130268096924}, 'angular_velocity_covariance': [0.0, 0.0, 0.0, 0.0, 0.0, 0.0, 0.0, 0.0, 0.0], 'linear_acceleration': {'x': -0.15562310814857483, 'y': -0.6853402256965637, 'z': 10.244190216064453}, 'linear_acceleration_covariance': [0.0, 0.0, 0.0, 0.0, 0.0, 0.0, 0.0, 0.0, 0.0]}, 16.27743611448296, 5.014658451080322
