{'left': 3518, 'right': 2789}, 0.001533981, {'header': {'stamp': {'sec': 1650618645, 'nanosec': 249960141}, 'frame_id': 'imu_link'}, 'orientation': {'x': 0.09942419826984406, 'y': -0.01939946599304676, 'z': -0.5021284818649292, 'w': 0.8588345646858215}, 'orientation_covariance': [0.0, 0.0, 0.0, 0.0, 0.0, 0.0, 0.0, 0.0, 0.0], 'angular_velocity': {'x': 0.03618279844522476, 'y': 0.06598039716482162, 'z': 0.0}, 'angular_velocity_covariance': [0.0, 0.0, 0.0, 0.0, 0.0, 0.0, 0.0, 0.0, 0.0], 'linear_acceleration': {'x': -0.7248445749282837, 'y': 1.9357120990753174, 'z': 9.88506031036377}, 'linear_acceleration_covariance': [0.0, 0.0, 0.0, 0.0, 0.0, 0.0, 0.0, 0.0, 0.0]}, -60.18306768530265, 0.0
{'left': 3518, 'right': 2789}, 0.001533981, {'header': {'stamp': {'sec': 1650618645, 'nanosec': 300001287}, 'frame_id': 'imu_link'}, 'orientation': {'x': 0.10147339850664139, 'y': -0.017977869138121605, 'z': -0.5016860961914062, 'w': 0.8588843941688538}, 'orientation_covariance': [0.0, 0.0, 0.0, 0.0, 0.0, 0.0, 0.0, 0.0, 0.0], 'angular_velocity': {'x': -0.020219799131155014, 'y': 0.05427420139312744, 'z': 0.019155599176883698}, 'angular_velocity_covariance': [0.0, 0.0, 0.0, 0.0, 0.0, 0.0, 0.0, 0.0, 0.0], 'linear_acceleration': {'x': -0.7068880200386047, 'y': 1.933916449546814, 'z': 9.955689430236816}, 'linear_acceleration_covariance': [0.0, 0.0, 0.0, 0.0, 0.0, 0.0, 0.0, 0.0, 0.0]}, -60.205153746626195, 0.04550433158874512
{'left': 3518, 'right': 2789}, 0.001533981, {'header': {'stamp': {'sec': 1650618645, 'nanosec': 349992537}, 'frame_id': 'imu_link'}, 'orientation': {'x': 0.09667856991291046, 'y': -0.01998678781092167, 'z': -0.5016388893127441, 'w': 0.8594205379486084}, 'orientation_covariance': [0.0, 0.0, 0.0, 0.0, 0.0, 0.0, 0.0, 0.0, 0.0], 'angular_velocity': {'x': -0.004256799817085266, 'y': -0.025540800765156746, 'z': -0.02128399908542633}, 'angular_velocity_covariance': [0.0, 0.0, 0.0, 0.0, 0.0, 0.0, 0.0, 0.0, 0.0], 'linear_acceleration': {'x': -0.6314706802368164, 'y': 1.9099743366241455, 'z': 9.920374870300293}, 'linear_acceleration_covariance': [0.0, 0.0, 0.0, 0.0, 0.0, 0.0, 0.0, 0.0, 0.0]}, -60.205153746626195, 0.09197330474853516
{'left': 3518, 'right': 2789}, 0.001533981, {'header': {'stamp': {'sec': 1650618645, 'nanosec': 349992537}, 'frame_id': 'imu_link'}, 'orientation': {'x': 0.09667856991291046, 'y': -0.01998678781092167, 'z': -0.5016388893127441, 'w': 0.8594205379486084}, 'orientation_covariance': [0.0, 0.0, 0.0, 0.0, 0.0, 0.0, 0.0, 0.0, 0.0], 'angular_velocity': {'x': -0.004256799817085266, 'y': -0.025540800765156746, 'z': -0.02128399908542633}, 'angular_velocity_covariance': [0.0, 0.0, 0.0, 0.0, 0.0, 0.0, 0.0, 0.0, 0.0], 'linear_acceleration': {'x': -0.6314706802368164, 'y': 1.9099743366241455, 'z': 9.920374870300293}, 'linear_acceleration_covariance': [0.0, 0.0, 0.0, 0.0, 0.0, 0.0, 0.0, 0.0, 0.0]}, -60.205153746626195, 0.13782858848571777
{'left': 3518, 'right': 2789}, 0.001533981, {'header': {'stamp': {'sec': 1650618645, 'nanosec': 349992537}, 'frame_id': 'imu_link'}, 'orientation': {'x': 0.09667856991291046, 'y': -0.01998678781092167, 'z': -0.5016388893127441, 'w': 0.8594205379486084}, 'orientation_covariance': [0.0, 0.0, 0.0, 0.0, 0.0, 0.0, 0.0, 0.0, 0.0], 'angular_velocity': {'x': -0.004256799817085266, 'y': -0.025540800765156746, 'z': -0.02128399908542633}, 'angular_velocity_covariance': [0.0, 0.0, 0.0, 0.0, 0.0, 0.0, 0.0, 0.0, 0.0], 'linear_acceleration': {'x': -0.6314706802368164, 'y': 1.9099743366241455, 'z': 9.920374870300293}, 'linear_acceleration_covariance': [0.0, 0.0, 0.0, 0.0, 0.0, 0.0, 0.0, 0.0, 0.0]}, -60.27902601439142, 0.18395733833312988
{'left': 3541, 'right': 2814}, 0.001533981, {'header': {'stamp': {'sec': 1650618645, 'nanosec': 500068891}, 'frame_id': 'imu_link'}, 'orientation': {'x': 0.0981336459517479, 'y': -0.01885387860238552, 'z': -0.5032580494880676, 'w': 0.8583340048789978}, 'orientation_covariance': [0.0, 0.0, 0.0, 0.0, 0.0, 0.0, 0.0, 0.0, 0.0], 'angular_velocity': {'x': 0.0, 'y': -0.029797600582242012, 'z': -0.011706200428307056}, 'angular_velocity_covariance': [0.0, 0.0, 0.0, 0.0, 0.0, 0.0, 0.0, 0.0, 0.0], 'linear_acceleration': {'x': -0.6715735793113708, 'y': 1.8920178413391113, 'z': 9.958083152770996}, 'linear_acceleration_covariance': [0.0, 0.0, 0.0, 0.0, 0.0, 0.0, 0.0, 0.0, 0.0]}, -60.406452047803086, 0.22986674308776855
{'left': 3667, 'right': 2939}, 0.001533981, {'header': {'stamp': {'sec': 1650618645, 'nanosec': 549981235}, 'frame_id': 'imu_link'}, 'orientation': {'x': 0.10000387579202652, 'y': -0.017343955114483833, 'z': -0.5032336711883545, 'w': 0.8581641316413879}, 'orientation_covariance': [0.0, 0.0, 0.0, 0.0, 0.0, 0.0, 0.0, 0.0, 0.0], 'angular_velocity': {'x': 0.029797600582242012, 'y': 0.0713014006614685, 'z': 0.0}, 'angular_velocity_covariance': [0.0, 0.0, 0.0, 0.0, 0.0, 0.0, 0.0, 0.0, 0.0], 'linear_acceleration': {'x': -0.9684545993804932, 'y': 1.7932569980621338, 'z': 9.946710586547852}, 'linear_acceleration_covariance': [0.0, 0.0, 0.0, 0.0, 0.0, 0.0, 0.0, 0.0, 0.0]}, -60.350050489894855, 0.276261568069458
{'left': 3790, 'right': 3060}, 0.001533981, {'header': {'stamp': {'sec': 1650618645, 'nanosec': 599990662}, 'frame_id': 'imu_link'}, 'orientation': {'x': 0.10019592940807343, 'y': -0.01603887416422367, 'z': -0.5030496120452881, 'w': 0.8582751154899597}, 'orientation_covariance': [0.0, 0.0, 0.0, 0.0, 0.0, 0.0, 0.0, 0.0, 0.0], 'angular_velocity': {'x': 0.0, 'y': 0.05853100121021271, 'z': 0.004256799817085266}, 'angular_velocity_covariance': [0.0, 0.0, 0.0, 0.0, 0.0, 0.0, 0.0, 0.0, 0.0], 'linear_acceleration': {'x': -0.3974374830722809, 'y': 2.5306711196899414, 'z': 10.672752380371094}, 'linear_acceleration_covariance': [0.0, 0.0, 0.0, 0.0, 0.0, 0.0, 0.0, 0.0, 0.0]}, -60.350050489894855, 0.32257795333862305
{'left': 4173, 'right': 3448}, 0.001533981, {'header': {'stamp': {'sec': 1650618645, 'nanosec': 649955870}, 'frame_id': 'imu_link'}, 'orientation': {'x': 0.10042400658130646, 'y': -0.016334138810634613, 'z': -0.5036413073539734, 'w': 0.8578957319259644}, 'orientation_covariance': [0.0, 0.0, 0.0, 0.0, 0.0, 0.0, 0.0, 0.0, 0.0], 'angular_velocity': {'x': 0.04469640180468559, 'y': 0.0, 'z': -0.03299019858241081}, 'angular_velocity_covariance': [0.0, 0.0, 0.0, 0.0, 0.0, 0.0, 0.0, 0.0, 0.0], 'linear_acceleration': {'x': -0.27413609623908997, 'y': 1.3940238952636719, 'z': 10.396821022033691}, 'linear_acceleration_covariance': [0.0, 0.0, 0.0, 0.0, 0.0, 0.0, 0.0, 0.0, 0.0]}, -60.430382667899515, 0.37002134323120117
{'left': 4173, 'right': 3448}, 0.001533981, {'header': {'stamp': {'sec': 1650618645, 'nanosec': 699998631}, 'frame_id': 'imu_link'}, 'orientation': {'x': 0.10103907436132431, 'y': -0.01834242418408394, 'z': -0.5033025145530701, 'w': 0.85798180103302}, 'orientation_covariance': [0.0, 0.0, 0.0, 0.0, 0.0, 0.0, 0.0, 0.0, 0.0], 'angular_velocity': {'x': 0.05533840134739876, 'y': 0.014898800291121006, 'z': 0.014898800291121006}, 'angular_velocity_covariance': [0.0, 0.0, 0.0, 0.0, 0.0, 0.0, 0.0, 0.0, 0.0], 'linear_acceleration': {'x': -1.5538368225097656, 'y': 1.446696400642395, 'z': 10.564414978027344}, 'linear_acceleration_covariance': [0.0, 0.0, 0.0, 0.0, 0.0, 0.0, 0.0, 0.0, 0.0]}, -60.40130725050854, 0.41689634323120117
{'left': 4343, 'right': 3618}, 0.001533981, {'header': {'stamp': {'sec': 1650618645, 'nanosec': 750009360}, 'frame_id': 'imu_link'}, 'orientation': {'x': 0.10116906464099884, 'y': -0.01890859566628933, 'z': -0.503578782081604, 'w': 0.8577919006347656}, 'orientation_covariance': [0.0, 0.0, 0.0, 0.0, 0.0, 0.0, 0.0, 0.0, 0.0], 'angular_velocity': {'x': -0.029797600582242012, 'y': -0.02766920067369938, 'z': -0.03299019858241081}, 'angular_velocity_covariance': [0.0, 0.0, 0.0, 0.0, 0.0, 0.0, 0.0, 0.0, 0.0], 'linear_acceleration': {'x': -0.6368576288223267, 'y': 1.4431051015853882, 'z': 10.713454246520996}, 'linear_acceleration_covariance': [0.0, 0.0, 0.0, 0.0, 0.0, 0.0, 0.0, 0.0, 0.0]}, -60.44260496028401, 0.4637720584869385
{'left': 4515, 'right': 3795}, 0.001533981, {'header': {'stamp': {'sec': 1650618645, 'nanosec': 799944151}, 'frame_id': 'imu_link'}, 'orientation': {'x': 0.10131458193063736, 'y': -0.020753934979438782, 'z': -0.5036095380783081, 'w': 0.8577141165733337}, 'orientation_covariance': [0.0, 0.0, 0.0, 0.0, 0.0, 0.0, 0.0, 0.0, 0.0], 'angular_velocity': {'x': 0.0, 'y': -0.02128399908542633, 'z': 0.010641999542713165}, 'angular_velocity_covariance': [0.0, 0.0, 0.0, 0.0, 0.0, 0.0, 0.0, 0.0, 0.0], 'linear_acceleration': {'x': -0.690727174282074, 'y': 2.1948843002319336, 'z': 9.044096946716309}, 'linear_acceleration_covariance': [0.0, 0.0, 0.0, 0.0, 0.0, 0.0, 0.0, 0.0, 0.0]}, -60.46303441373189, 0.511643648147583
{'left': 4777, 'right': 4050}, 0.001533981, {'header': {'stamp': {'sec': 1650618645, 'nanosec': 849965922}, 'frame_id': 'imu_link'}, 'orientation': {'x': 0.10004189610481262, 'y': -0.018744511529803276, 'z': -0.5040383338928223, 'w': 0.8576578497886658}, 'orientation_covariance': [0.0, 0.0, 0.0, 0.0, 0.0, 0.0, 0.0, 0.0, 0.0], 'angular_velocity': {'x': 0.0, 'y': 0.0, 'z': -0.019155599176883698}, 'angular_velocity_covariance': [0.0, 0.0, 0.0, 0.0, 0.0, 0.0, 0.0, 0.0, 0.0], 'linear_acceleration': {'x': -0.5853822827339172, 'y': 1.6962919235229492, 'z': 10.944494247436523}, 'linear_acceleration_covariance': [0.0, 0.0, 0.0, 0.0, 0.0, 0.0, 0.0, 0.0, 0.0]}, -60.50462347426647, 0.5595154762268066
{'left': 4948, 'right': 4220}, 0.001533981, {'header': {'stamp': {'sec': 1650618645, 'nanosec': 899999672}, 'frame_id': 'imu_link'}, 'orientation': {'x': 0.10061392933130264, 'y': -0.019218843430280685, 'z': -0.5039104223251343, 'w': 0.8576555848121643}, 'orientation_covariance': [0.0, 0.0, 0.0, 0.0, 0.0, 0.0, 0.0, 0.0, 0.0], 'angular_velocity': {'x': -0.07875079661607742, 'y': -0.07342980057001114, 'z': 0.043632201850414276}, 'angular_velocity_covariance': [0.0, 0.0, 0.0, 0.0, 0.0, 0.0, 0.0, 0.0, 0.0], 'linear_acceleration': {'x': -1.270722508430481, 'y': 2.0829553604125977, 'z': 9.64683723449707}, 'linear_acceleration_covariance': [0.0, 0.0, 0.0, 0.0, 0.0, 0.0, 0.0, 0.0, 0.0]}, -60.49057088534731, 0.6045799255371094
{'left': 5117, 'right': 4386}, 0.001533981, {'header': {'stamp': {'sec': 1650618645, 'nanosec': 949954568}, 'frame_id': 'imu_link'}, 'orientation': {'x': 0.09622162580490112, 'y': -0.01865517906844616, 'z': -0.5034762620925903, 'w': 0.8584267497062683}, 'orientation_covariance': [0.0, 0.0, 0.0, 0.0, 0.0, 0.0, 0.0, 0.0, 0.0], 'angular_velocity': {'x': 0.020219799131155014, 'y': -0.043632201850414276, 'z': 0.004256799817085266}, 'angular_velocity_covariance': [0.0, 0.0, 0.0, 0.0, 0.0, 0.0, 0.0, 0.0, 0.0], 'linear_acceleration': {'x': -0.5614402890205383, 'y': 2.118269920349121, 'z': 10.023324966430664}, 'linear_acceleration_covariance': [0.0, 0.0, 0.0, 0.0, 0.0, 0.0, 0.0, 0.0, 0.0]}, -60.437785163071, 0.6519503593444824
{'left': 5117, 'right': 4386}, 0.001533981, {'header': {'stamp': {'sec': 1650618645, 'nanosec': 949954568}, 'frame_id': 'imu_link'}, 'orientation': {'x': 0.09622162580490112, 'y': -0.01865517906844616, 'z': -0.5034762620925903, 'w': 0.8584267497062683}, 'orientation_covariance': [0.0, 0.0, 0.0, 0.0, 0.0, 0.0, 0.0, 0.0, 0.0], 'angular_velocity': {'x': 0.020219799131155014, 'y': -0.043632201850414276, 'z': 0.004256799817085266}, 'angular_velocity_covariance': [0.0, 0.0, 0.0, 0.0, 0.0, 0.0, 0.0, 0.0, 0.0], 'linear_acceleration': {'x': -0.5614402890205383, 'y': 2.118269920349121, 'z': 10.023324966430664}, 'linear_acceleration_covariance': [0.0, 0.0, 0.0, 0.0, 0.0, 0.0, 0.0, 0.0, 0.0]}, -60.37090987826452, 0.6970663070678711
{'left': 5368, 'right': 4644}, 0.001533981, {'header': {'stamp': {'sec': 1650618646, 'nanosec': 49990089}, 'frame_id': 'imu_link'}, 'orientation': {'x': 0.09676634520292282, 'y': -0.0177305880934, 'z': -0.5025562047958374, 'w': 0.8589240312576294}, 'orientation_covariance': [0.0, 0.0, 0.0, 0.0, 0.0, 0.0, 0.0, 0.0, 0.0], 'angular_velocity': {'x': -0.005320999771356583, 'y': 0.02128399908542633, 'z': 0.03405439853668213}, 'angular_velocity_covariance': [0.0, 0.0, 0.0, 0.0, 0.0, 0.0, 0.0, 0.0, 0.0], 'linear_acceleration': {'x': -0.6817489266395569, 'y': 1.7052701711654663, 'z': 11.295245170593262}, 'linear_acceleration_covariance': [0.0, 0.0, 0.0, 0.0, 0.0, 0.0, 0.0, 0.0, 0.0]}, -60.30687288538775, 0.743506908416748
{'left': 5707, 'right': 4985}, 0.001533981, {'header': {'stamp': {'sec': 1650618646, 'nanosec': 99951808}, 'frame_id': 'imu_link'}, 'orientation': {'x': 0.09879565984010696, 'y': -0.01825021579861641, 'z': -0.5021023154258728, 'w': 0.85894775390625}, 'orientation_covariance': [0.0, 0.0, 0.0, 0.0, 0.0, 0.0, 0.0, 0.0, 0.0], 'angular_velocity': {'x': 0.041503798216581345, 'y': 0.017027199268341064, 'z': 0.0}, 'angular_velocity_covariance': [0.0, 0.0, 0.0, 0.0, 0.0, 0.0, 0.0, 0.0, 0.0], 'linear_acceleration': {'x': -0.7469909191131592, 'y': 2.1266496181488037, 'z': 8.99621295928955}, 'linear_acceleration_covariance': [0.0, 0.0, 0.0, 0.0, 0.0, 0.0, 0.0, 0.0, 0.0]}, -60.246705325914164, 0.7906556129455566
{'left': 5879, 'right': 5150}, 0.001533981, {'header': {'stamp': {'sec': 1650618646, 'nanosec': 99951808}, 'frame_id': 'imu_link'}, 'orientation': {'x': 0.09879565984010696, 'y': -0.01825021579861641, 'z': -0.5021023154258728, 'w': 0.85894775390625}, 'orientation_covariance': [0.0, 0.0, 0.0, 0.0, 0.0, 0.0, 0.0, 0.0, 0.0], 'angular_velocity': {'x': 0.041503798216581345, 'y': 0.017027199268341064, 'z': 0.0}, 'angular_velocity_covariance': [0.0, 0.0, 0.0, 0.0, 0.0, 0.0, 0.0, 0.0, 0.0], 'linear_acceleration': {'x': -0.7469909191131592, 'y': 2.1266496181488037, 'z': 8.99621295928955}, 'linear_acceleration_covariance': [0.0, 0.0, 0.0, 0.0, 0.0, 0.0, 0.0, 0.0, 0.0]}, -60.246705325914164, 0.8359074592590332
{'left': 5879, 'right': 5150}, 0.001533981, {'header': {'stamp': {'sec': 1650618646, 'nanosec': 99951808}, 'frame_id': 'imu_link'}, 'orientation': {'x': 0.09879565984010696, 'y': -0.01825021579861641, 'z': -0.5021023154258728, 'w': 0.85894775390625}, 'orientation_covariance': [0.0, 0.0, 0.0, 0.0, 0.0, 0.0, 0.0, 0.0, 0.0], 'angular_velocity': {'x': 0.041503798216581345, 'y': 0.017027199268341064, 'z': 0.0}, 'angular_velocity_covariance': [0.0, 0.0, 0.0, 0.0, 0.0, 0.0, 0.0, 0.0, 0.0], 'linear_acceleration': {'x': -0.7469909191131592, 'y': 2.1266496181488037, 'z': 8.99621295928955}, 'linear_acceleration_covariance': [0.0, 0.0, 0.0, 0.0, 0.0, 0.0, 0.0, 0.0, 0.0]}, -60.160596437612305, 0.882296085357666
{'left': 6306, 'right': 5575}, 0.001533981, {'header': {'stamp': {'sec': 1650618646, 'nanosec': 199991755}, 'frame_id': 'imu_link'}, 'orientation': {'x': 0.1003844365477562, 'y': -0.0197443924844265, 'z': -0.50137859582901, 'w': 0.8591532111167908}, 'orientation_covariance': [0.0, 0.0, 0.0, 0.0, 0.0, 0.0, 0.0, 0.0, 0.0], 'angular_velocity': {'x': 0.0, 'y': -0.031925998628139496, 'z': 0.009577799588441849}, 'angular_velocity_covariance': [0.0, 0.0, 0.0, 0.0, 0.0, 0.0, 0.0, 0.0, 0.0], 'linear_acceleration': {'x': -0.5853822827339172, 'y': 1.7824831008911133, 'z': 8.373122215270996}, 'linear_acceleration_covariance': [0.0, 0.0, 0.0, 0.0, 0.0, 0.0, 0.0, 0.0, 0.0]}, -60.14451560725494, 0.9274072647094727
{'left': 6306, 'right': 5575}, 0.001533981, {'header': {'stamp': {'sec': 1650618646, 'nanosec': 249957745}, 'frame_id': 'imu_link'}, 'orientation': {'x': 0.10068869590759277, 'y': -0.020970629528164864, 'z': -0.5011774897575378, 'w': 0.8592057228088379}, 'orientation_covariance': [0.0, 0.0, 0.0, 0.0, 0.0, 0.0, 0.0, 0.0, 0.0], 'angular_velocity': {'x': 0.014898800291121006, 'y': -0.011706200428307056, 'z': 0.005320999771356583}, 'angular_velocity_covariance': [0.0, 0.0, 0.0, 0.0, 0.0, 0.0, 0.0, 0.0, 0.0], 'linear_acceleration': {'x': -0.055665187537670135, 'y': 2.189497470855713, 'z': 9.78989028930664}, 'linear_acceleration_covariance': [0.0, 0.0, 0.0, 0.0, 0.0, 0.0, 0.0, 0.0, 0.0]}, -60.14451560725494, 0.9735267162322998
{'left': 6477, 'right': 5745}, 0.001533981, {'header': {'stamp': {'sec': 1650618646, 'nanosec': 299968891}, 'frame_id': 'imu_link'}, 'orientation': {'x': 0.10536925494670868, 'y': -0.022506650537252426, 'z': -0.5011680126190186, 'w': 0.8586110472679138}, 'orientation_covariance': [0.0, 0.0, 0.0, 0.0, 0.0, 0.0, 0.0, 0.0, 0.0], 'angular_velocity': {'x': 0.05746680125594139, 'y': 0.035118598490953445, 'z': -0.03086180053651333}, 'angular_velocity_covariance': [0.0, 0.0, 0.0, 0.0, 0.0, 0.0, 0.0, 0.0, 0.0], 'linear_acceleration': {'x': -0.6775590777397156, 'y': 1.9740192890167236, 'z': 9.319430351257324}, 'linear_acceleration_covariance': [0.0, 0.0, 0.0, 0.0, 0.0, 0.0, 0.0, 0.0, 0.0]}, -60.14758157994271, 1.019714593887329
{'left': 6731, 'right': 6000}, 0.001533981, {'header': {'stamp': {'sec': 1650618646, 'nanosec': 349955818}, 'frame_id': 'imu_link'}, 'orientation': {'x': 0.10605725646018982, 'y': -0.022808287292718887, 'z': -0.501099705696106, 'w': 0.858558177947998}, 'orientation_covariance': [0.0, 0.0, 0.0, 0.0, 0.0, 0.0, 0.0, 0.0, 0.0], 'angular_velocity': {'x': 0.014898800291121006, 'y': -0.011706200428307056, 'z': 0.03086180053651333}, 'angular_velocity_covariance': [0.0, 0.0, 0.0, 0.0, 0.0, 0.0, 0.0, 0.0, 0.0], 'linear_acceleration': {'x': -0.3387795388698578, 'y': 2.338536500930786, 'z': 8.8256254196167}, 'linear_acceleration_covariance': [0.0, 0.0, 0.0, 0.0, 0.0, 0.0, 0.0, 0.0, 0.0]}, -60.139970184146755, 1.066657304763794
{'left': 6901, 'right': 6173}, 0.001533981, {'header': {'stamp': {'sec': 1650618646, 'nanosec': 349955818}, 'frame_id': 'imu_link'}, 'orientation': {'x': 0.10605725646018982, 'y': -0.022808287292718887, 'z': -0.501099705696106, 'w': 0.858558177947998}, 'orientation_covariance': [0.0, 0.0, 0.0, 0.0, 0.0, 0.0, 0.0, 0.0, 0.0], 'angular_velocity': {'x': 0.014898800291121006, 'y': -0.011706200428307056, 'z': 0.03086180053651333}, 'angular_velocity_covariance': [0.0, 0.0, 0.0, 0.0, 0.0, 0.0, 0.0, 0.0, 0.0], 'linear_acceleration': {'x': -0.3387795388698578, 'y': 2.338536500930786, 'z': 8.8256254196167}, 'linear_acceleration_covariance': [0.0, 0.0, 0.0, 0.0, 0.0, 0.0, 0.0, 0.0, 0.0]}, -60.06295676509411, 1.1139044761657715
{'left': 6901, 'right': 6173}, 0.001533981, {'header': {'stamp': {'sec': 1650618646, 'nanosec': 449967485}, 'frame_id': 'imu_link'}, 'orientation': {'x': 0.1105281263589859, 'y': -0.019030239433050156, 'z': -0.49938681721687317, 'w': 0.8590841293334961}, 'orientation_covariance': [0.0, 0.0, 0.0, 0.0, 0.0, 0.0, 0.0, 0.0, 0.0], 'angular_velocity': {'x': 0.056402601301670074, 'y': 0.06278780102729797, 'z': 0.10854840278625488}, 'angular_velocity_covariance': [0.0, 0.0, 0.0, 0.0, 0.0, 0.0, 0.0, 0.0, 0.0], 'linear_acceleration': {'x': -0.7068880200386047, 'y': 1.9967641830444336, 'z': 9.86231517791748}, 'linear_acceleration_covariance': [0.0, 0.0, 0.0, 0.0, 0.0, 0.0, 0.0, 0.0, 0.0]}, -59.866199585356, 1.1604485511779785
{'left': 7323, 'right': 6593}, 0.001533981, {'header': {'stamp': {'sec': 1650618646, 'nanosec': 499982693}, 'frame_id': 'imu_link'}, 'orientation': {'x': 0.11210400611162186, 'y': -0.021066879853606224, 'z': -0.49736544489860535, 'w': 0.8600046038627625}, 'orientation_covariance': [0.0, 0.0, 0.0, 0.0, 0.0, 0.0, 0.0, 0.0, 0.0], 'angular_velocity': {'x': -0.03618279844522476, 'y': 0.0, 'z': 0.06172360107302666}, 'angular_velocity_covariance': [0.0, 0.0, 0.0, 0.0, 0.0, 0.0, 0.0, 0.0, 0.0], 'linear_acceleration': {'x': -0.7332242727279663, 'y': 2.2248117923736572, 'z': 9.006986618041992}, 'linear_acceleration_covariance': [0.0, 0.0, 0.0, 0.0, 0.0, 0.0, 0.0, 0.0, 0.0]}, -59.61519942669865, 1.206531047821045
{'left': 7494, 'right': 6762}, 0.001533981, {'header': {'stamp': {'sec': 1650618646, 'nanosec': 499982693}, 'frame_id': 'imu_link'}, 'orientation': {'x': 0.11210400611162186, 'y': -0.021066879853606224, 'z': -0.49736544489860535, 'w': 0.8600046038627625}, 'orientation_covariance': [0.0, 0.0, 0.0, 0.0, 0.0, 0.0, 0.0, 0.0, 0.0], 'angular_velocity': {'x': -0.03618279844522476, 'y': 0.0, 'z': 0.06172360107302666}, 'angular_velocity_covariance': [0.0, 0.0, 0.0, 0.0, 0.0, 0.0, 0.0, 0.0, 0.0], 'linear_acceleration': {'x': -0.7332242727279663, 'y': 2.2248117923736572, 'z': 9.006986618041992}, 'linear_acceleration_covariance': [0.0, 0.0, 0.0, 0.0, 0.0, 0.0, 0.0, 0.0, 0.0]}, -59.47368894404155, 1.2518136501312256
{'left': 7494, 'right': 6762}, 0.001533981, {'header': {'stamp': {'sec': 1650618646, 'nanosec': 549954568}, 'frame_id': 'imu_link'}, 'orientation': {'x': 0.11183111369609833, 'y': -0.02002668008208275, 'z': -0.496364951133728, 'w': 0.8606427311897278}, 'orientation_covariance': [0.0, 0.0, 0.0, 0.0, 0.0, 0.0, 0.0, 0.0, 0.0], 'angular_velocity': {'x': 0.029797600582242012, 'y': 0.038311198353767395, 'z': 0.05746680125594139}, 'angular_velocity_covariance': [0.0, 0.0, 0.0, 0.0, 0.0, 0.0, 0.0, 0.0, 0.0], 'linear_acceleration': {'x': -0.12210428714752197, 'y': 1.877652645111084, 'z': 10.787075996398926}, 'linear_acceleration_covariance': [0.0, 0.0, 0.0, 0.0, 0.0, 0.0, 0.0, 0.0, 0.0]}, -59.17235141838476, 1.2970666885375977
{'left': 7919, 'right': 7185}, 0.001533981, {'header': {'stamp': {'sec': 1650618646, 'nanosec': 650105766}, 'frame_id': 'imu_link'}, 'orientation': {'x': 0.11075374484062195, 'y': -0.019097447395324707, 'z': -0.49346664547920227, 'w': 0.8624680638313293}, 'orientation_covariance': [0.0, 0.0, 0.0, 0.0, 0.0, 0.0, 0.0, 0.0, 0.0], 'angular_velocity': {'x': -0.050017401576042175, 'y': -0.06385199725627899, 'z': 0.02766920067369938}, 'angular_velocity_covariance': [0.0, 0.0, 0.0, 0.0, 0.0, 0.0, 0.0, 0.0, 0.0], 'linear_acceleration': {'x': -0.9163807034492493, 'y': 2.0189106464385986, 'z': 11.074379920959473}, 'linear_acceleration_covariance': [0.0, 0.0, 0.0, 0.0, 0.0, 0.0, 0.0, 0.0, 0.0]}, -59.08577888787769, 1.3444595336914062
{'left': 8088, 'right': 7358}, 0.001533981, {'header': {'stamp': {'sec': 1650618646, 'nanosec': 650105766}, 'frame_id': 'imu_link'}, 'orientation': {'x': 0.11075374484062195, 'y': -0.019097447395324707, 'z': -0.49346664547920227, 'w': 0.8624680638313293}, 'orientation_covariance': [0.0, 0.0, 0.0, 0.0, 0.0, 0.0, 0.0, 0.0, 0.0], 'angular_velocity': {'x': -0.050017401576042175, 'y': -0.06385199725627899, 'z': 0.02766920067369938}, 'angular_velocity_covariance': [0.0, 0.0, 0.0, 0.0, 0.0, 0.0, 0.0, 0.0, 0.0], 'linear_acceleration': {'x': -0.9163807034492493, 'y': 2.0189106464385986, 'z': 11.074379920959473}, 'linear_acceleration_covariance': [0.0, 0.0, 0.0, 0.0, 0.0, 0.0, 0.0, 0.0, 0.0]}, -59.01334051790588, 1.3903374671936035
{'left': 8259, 'right': 7529}, 0.001533981, {'header': {'stamp': {'sec': 1650618646, 'nanosec': 699997901}, 'frame_id': 'imu_link'}, 'orientation': {'x': 0.1109754741191864, 'y': -0.01926080882549286, 'z': -0.4929083287715912, 'w': 0.8627551198005676}, 'orientation_covariance': [0.0, 0.0, 0.0, 0.0, 0.0, 0.0, 0.0, 0.0, 0.0], 'angular_velocity': {'x': -0.005320999771356583, 'y': -0.04043959826231003, 'z': 0.06810879707336426}, 'angular_velocity_covariance': [0.0, 0.0, 0.0, 0.0, 0.0, 0.0, 0.0, 0.0, 0.0], 'linear_acceleration': {'x': -1.2342109680175781, 'y': 1.9333178997039795, 'z': 10.975619316101074}, 'linear_acceleration_covariance': [0.0, 0.0, 0.0, 0.0, 0.0, 0.0, 0.0, 0.0, 0.0]}, -58.920107546947676, 1.4362146854400635
{'left': 8513, 'right': 7782}, 0.001533981, {'header': {'stamp': {'sec': 1650618646, 'nanosec': 749986547}, 'frame_id': 'imu_link'}, 'orientation': {'x': 0.11006635427474976, 'y': -0.018615664914250374, 'z': -0.49222850799560547, 'w': 0.863273561000824}, 'orientation_covariance': [0.0, 0.0, 0.0, 0.0, 0.0, 0.0, 0.0, 0.0, 0.0], 'angular_velocity': {'x': -0.007449400145560503, 'y': -0.014898800291121006, 'z': 0.0}, 'angular_velocity_covariance': [0.0, 0.0, 0.0, 0.0, 0.0, 0.0, 0.0, 0.0, 0.0], 'linear_acceleration': {'x': -0.9475052952766418, 'y': 2.163759708404541, 'z': 10.243592262268066}, 'linear_acceleration_covariance': [0.0, 0.0, 0.0, 0.0, 0.0, 0.0, 0.0, 0.0, 0.0]}, -58.85738979425745, 1.4820911884307861
{'left': 8513, 'right': 7782}, 0.001533981, {'header': {'stamp': {'sec': 1650618646, 'nanosec': 799971287}, 'frame_id': 'imu_link'}, 'orientation': {'x': 0.1089719757437706, 'y': -0.019167520105838776, 'z': -0.4916895627975464, 'w': 0.8637074828147888}, 'orientation_covariance': [0.0, 0.0, 0.0, 0.0, 0.0, 0.0, 0.0, 0.0, 0.0], 'angular_velocity': {'x': -0.04043959826231003, 'y': -0.012770400382578373, 'z': 0.056402601301670074}, 'angular_velocity_covariance': [0.0, 0.0, 0.0, 0.0, 0.0, 0.0, 0.0, 0.0, 0.0], 'linear_acceleration': {'x': -0.4531026780605316, 'y': 2.3726539611816406, 'z': 8.84178638458252}, 'linear_acceleration_covariance': [0.0, 0.0, 0.0, 0.0, 0.0, 0.0, 0.0, 0.0, 0.0]}, -58.85738979425745, 1.5269708633422852
{'left': 8682, 'right': 7951}, 0.001533981, {'header': {'stamp': {'sec': 1650618646, 'nanosec': 849975818}, 'frame_id': 'imu_link'}, 'orientation': {'x': 0.10662201792001724, 'y': -0.02044091746211052, 'z': -0.4904986619949341, 'w': 0.8646481037139893}, 'orientation_covariance': [0.0, 0.0, 0.0, 0.0, 0.0, 0.0, 0.0, 0.0, 0.0], 'angular_velocity': {'x': 0.01809139922261238, 'y': 0.03724699839949608, 'z': 0.050017401576042175}, 'angular_velocity_covariance': [0.0, 0.0, 0.0, 0.0, 0.0, 0.0, 0.0, 0.0, 0.0], 'linear_acceleration': {'x': -0.5045779943466187, 'y': 1.9764134883880615, 'z': 10.471639633178711}, 'linear_acceleration_covariance': [0.0, 0.0, 0.0, 0.0, 0.0, 0.0, 0.0, 0.0, 0.0]}, -58.71904602091364, 1.5718514919281006
{'left': 8853, 'right': 8121}, 0.001533981, {'header': {'stamp': {'sec': 1650618646, 'nanosec': 899977901}, 'frame_id': 'imu_link'}, 'orientation': {'x': 0.11006181687116623, 'y': -0.017755087465047836, 'z': -0.48937150835990906, 'w': 0.8649150133132935}, 'orientation_covariance': [0.0, 0.0, 0.0, 0.0, 0.0, 0.0, 0.0, 0.0, 0.0], 'angular_velocity': {'x': 0.06065940111875534, 'y': 0.06917300075292587, 'z': 0.004256799817085266}, 'angular_velocity_covariance': [0.0, 0.0, 0.0, 0.0, 0.0, 0.0, 0.0, 0.0, 0.0], 'linear_acceleration': {'x': -0.7649474143981934, 'y': 2.233790159225464, 'z': 8.395268440246582}, 'linear_acceleration_covariance': [0.0, 0.0, 0.0, 0.0, 0.0, 0.0, 0.0, 0.0, 0.0]}, -58.53667106352807, 1.6177339553833008
{'left': 9105, 'right': 8378}, 0.001533981, {'header': {'stamp': {'sec': 1650618646, 'nanosec': 949953266}, 'frame_id': 'imu_link'}, 'orientation': {'x': 0.11118029057979584, 'y': -0.01733560487627983, 'z': -0.4881875216960907, 'w': 0.8654494285583496}, 'orientation_covariance': [0.0, 0.0, 0.0, 0.0, 0.0, 0.0, 0.0, 0.0, 0.0], 'angular_velocity': {'x': 0.010641999542713165, 'y': 0.07555820047855377, 'z': 0.08726440370082855}, 'angular_velocity_covariance': [0.0, 0.0, 0.0, 0.0, 0.0, 0.0, 0.0, 0.0, 0.0], 'linear_acceleration': {'x': -0.6224924325942993, 'y': 1.6723498106002808, 'z': 10.729016304016113}, 'linear_acceleration_covariance': [0.0, 0.0, 0.0, 0.0, 0.0, 0.0, 0.0, 0.0, 0.0]}, -58.374352767430494, 1.663698434829712
{'left': 9271, 'right': 8545}, 0.001533981, {'header': {'stamp': {'sec': 1650618647, 'nanosec': 16599}, 'frame_id': 'imu_link'}, 'orientation': {'x': 0.11282278597354889, 'y': -0.015913359820842743, 'z': -0.4873334765434265, 'w': 0.8657454252243042}, 'orientation_covariance': [0.0, 0.0, 0.0, 0.0, 0.0, 0.0, 0.0, 0.0, 0.0], 'angular_velocity': {'x': 0.08620020002126694, 'y': 0.1543090045452118, 'z': -0.02128399908542633}, 'angular_velocity_covariance': [0.0, 0.0, 0.0, 0.0, 0.0, 0.0, 0.0, 0.0, 0.0], 'linear_acceleration': {'x': -1.501164436340332, 'y': 1.9590555429458618, 'z': 10.76732349395752}, 'linear_acceleration_covariance': [0.0, 0.0, 0.0, 0.0, 0.0, 0.0, 0.0, 0.0, 0.0]}, -58.24432686964049, 1.7115986347198486
{'left': 9440, 'right': 8718}, 0.001533981, {'header': {'stamp': {'sec': 1650618647, 'nanosec': 49951963}, 'frame_id': 'imu_link'}, 'orientation': {'x': 0.11915487796068192, 'y': -0.012643487192690372, 'z': -0.4859532117843628, 'w': 0.8657269477844238}, 'orientation_covariance': [0.0, 0.0, 0.0, 0.0, 0.0, 0.0, 0.0, 0.0, 0.0], 'angular_velocity': {'x': 0.056402601301670074, 'y': 0.11706200242042542, 'z': 0.07342980057001114}, 'angular_velocity_covariance': [0.0, 0.0, 0.0, 0.0, 0.0, 0.0, 0.0, 0.0, 0.0], 'linear_acceleration': {'x': -1.3401544094085693, 'y': 1.9931728839874268, 'z': 10.70866584777832}, 'linear_acceleration_covariance': [0.0, 0.0, 0.0, 0.0, 0.0, 0.0, 0.0, 0.0, 0.0]}, -58.01327982289092, 1.7594757080078125
{'left': 9697, 'right': 8968}, 0.001533981, {'header': {'stamp': {'sec': 1650618647, 'nanosec': 99990870}, 'frame_id': 'imu_link'}, 'orientation': {'x': 0.11760937422513962, 'y': -0.013946875929832458, 'z': -0.4847713112831116, 'w': 0.8665804862976074}, 'orientation_covariance': [0.0, 0.0, 0.0, 0.0, 0.0, 0.0, 0.0, 0.0, 0.0], 'angular_velocity': {'x': -0.07023719698190689, 'y': 0.010641999542713165, 'z': 0.011706200428307056}, 'angular_velocity_covariance': [0.0, 0.0, 0.0, 0.0, 0.0, 0.0, 0.0, 0.0, 0.0], 'linear_acceleration': {'x': -0.2759317457675934, 'y': 2.27748441696167, 'z': 8.56765079498291}, 'linear_acceleration_covariance': [0.0, 0.0, 0.0, 0.0, 0.0, 0.0, 0.0, 0.0, 0.0]}, -57.875706618028815, 1.8073413372039795
{'left': 9866, 'right': 9138}, 0.001533981, {'header': {'stamp': {'sec': 1650618647, 'nanosec': 149969932}, 'frame_id': 'imu_link'}, 'orientation': {'x': 0.11751512438058853, 'y': -0.013620457611978054, 'z': -0.4852569103240967, 'w': 0.866326630115509}, 'orientation_covariance': [0.0, 0.0, 0.0, 0.0, 0.0, 0.0, 0.0, 0.0, 0.0], 'angular_velocity': {'x': 0.05214580148458481, 'y': -0.06065940111875534, 'z': -0.0063852001912891865}, 'angular_velocity_covariance': [0.0, 0.0, 0.0, 0.0, 0.0, 0.0, 0.0, 0.0, 0.0], 'linear_acceleration': {'x': -0.9319429993629456, 'y': 2.3110032081604004, 'z': 10.816404342651367}, 'linear_acceleration_covariance': [0.0, 0.0, 0.0, 0.0, 0.0, 0.0, 0.0, 0.0, 0.0]}, -57.936514694688654, 1.8532190322875977
{'left': 10037, 'right': 9308}, 0.001533981, {'header': {'stamp': {'sec': 1650618647, 'nanosec': 199970088}, 'frame_id': 'imu_link'}, 'orientation': {'x': 0.11758164316415787, 'y': -0.018977824598550797, 'z': -0.48333123326301575, 'w': 0.8672927618026733}, 'orientation_covariance': [0.0, 0.0, 0.0, 0.0, 0.0, 0.0, 0.0, 0.0, 0.0], 'angular_velocity': {'x': 0.010641999542713165, 'y': -0.13834600150585175, 'z': 0.07023719698190689}, 'angular_velocity_covariance': [0.0, 0.0, 0.0, 0.0, 0.0, 0.0, 0.0, 0.0, 0.0], 'linear_acceleration': {'x': -0.7218518257141113, 'y': 1.8124107122421265, 'z': 10.114903450012207}, 'linear_acceleration_covariance': [0.0, 0.0, 0.0, 0.0, 0.0, 0.0, 0.0, 0.0, 0.0]}, -57.73698717894259, 1.899097204208374
{'left': 10293, 'right': 9564}, 0.001533981, {'header': {'stamp': {'sec': 1650618647, 'nanosec': 249987849}, 'frame_id': 'imu_link'}, 'orientation': {'x': 0.11363545805215836, 'y': -0.01977931708097458, 'z': -0.48412778973579407, 'w': 0.8673566579818726}, 'orientation_covariance': [0.0, 0.0, 0.0, 0.0, 0.0, 0.0, 0.0, 0.0, 0.0], 'angular_velocity': {'x': -0.03724699839949608, 'y': -0.08513599634170532, 'z': -0.043632201850414276}, 'angular_velocity_covariance': [0.0, 0.0, 0.0, 0.0, 0.0, 0.0, 0.0, 0.0, 0.0], 'linear_acceleration': {'x': -1.1264718770980835, 'y': 2.0386626720428467, 'z': 10.967239379882812}, 'linear_acceleration_covariance': [0.0, 0.0, 0.0, 0.0, 0.0, 0.0, 0.0, 0.0, 0.0]}, -57.86016692976441, 1.9439716339111328
{'left': 10464, 'right': 9734}, 0.001533981, {'header': {'stamp': {'sec': 1650618647, 'nanosec': 249987849}, 'frame_id': 'imu_link'}, 'orientation': {'x': 0.11363545805215836, 'y': -0.01977931708097458, 'z': -0.48412778973579407, 'w': 0.8673566579818726}, 'orientation_covariance': [0.0, 0.0, 0.0, 0.0, 0.0, 0.0, 0.0, 0.0, 0.0], 'angular_velocity': {'x': -0.03724699839949608, 'y': -0.08513599634170532, 'z': -0.043632201850414276}, 'angular_velocity_covariance': [0.0, 0.0, 0.0, 0.0, 0.0, 0.0, 0.0, 0.0, 0.0], 'linear_acceleration': {'x': -1.1264718770980835, 'y': 2.0386626720428467, 'z': 10.967239379882812}, 'linear_acceleration_covariance': [0.0, 0.0, 0.0, 0.0, 0.0, 0.0, 0.0, 0.0, 0.0]}, -57.83365013576232, 1.991849660873413
{'left': 10632, 'right': 9905}, 0.001533981, {'header': {'stamp': {'sec': 1650618647, 'nanosec': 299971182}, 'frame_id': 'imu_link'}, 'orientation': {'x': 0.11218413710594177, 'y': -0.01818671077489853, 'z': -0.4840163290500641, 'w': 0.8676425218582153}, 'orientation_covariance': [0.0, 0.0, 0.0, 0.0, 0.0, 0.0, 0.0, 0.0, 0.0], 'angular_velocity': {'x': 0.0, 'y': 0.023412400856614113, 'z': 0.05214580148458481}, 'angular_velocity_covariance': [0.0, 0.0, 0.0, 0.0, 0.0, 0.0, 0.0, 0.0, 0.0], 'linear_acceleration': {'x': -1.224035620689392, 'y': 1.9087772369384766, 'z': 9.43135929107666}, 'linear_acceleration_covariance': [0.0, 0.0, 0.0, 0.0, 0.0, 0.0, 0.0, 0.0, 0.0]}, -57.9253681424059, 2.038728713989258
{'left': 10891, 'right': 10158}, 0.001533981, {'header': {'stamp': {'sec': 1650618647, 'nanosec': 399968682}, 'frame_id': 'imu_link'}, 'orientation': {'x': 0.1106773242354393, 'y': -0.019723478704690933, 'z': -0.485781729221344, 'w': 0.8668155670166016}, 'orientation_covariance': [0.0, 0.0, 0.0, 0.0, 0.0, 0.0, 0.0, 0.0, 0.0], 'angular_velocity': {'x': -0.07555820047855377, 'y': -0.06172360107302666, 'z': -0.017027199268341064}, 'angular_velocity_covariance': [0.0, 0.0, 0.0, 0.0, 0.0, 0.0, 0.0, 0.0, 0.0], 'linear_acceleration': {'x': -0.23343466222286224, 'y': 2.3517045974731445, 'z': 8.986037254333496}, 'linear_acceleration_covariance': [0.0, 0.0, 0.0, 0.0, 0.0, 0.0, 0.0, 0.0, 0.0]}, -58.08369504395401, 2.085601329803467
{'left': 11057, 'right': 10328}, 0.001533981, {'header': {'stamp': {'sec': 1650618647, 'nanosec': 399968682}, 'frame_id': 'imu_link'}, 'orientation': {'x': 0.1106773242354393, 'y': -0.019723478704690933, 'z': -0.485781729221344, 'w': 0.8668155670166016}, 'orientation_covariance': [0.0, 0.0, 0.0, 0.0, 0.0, 0.0, 0.0, 0.0, 0.0], 'angular_velocity': {'x': -0.07555820047855377, 'y': -0.06172360107302666, 'z': -0.017027199268341064}, 'angular_velocity_covariance': [0.0, 0.0, 0.0, 0.0, 0.0, 0.0, 0.0, 0.0, 0.0], 'linear_acceleration': {'x': -0.23343466222286224, 'y': 2.3517045974731445, 'z': 8.986037254333496}, 'linear_acceleration_covariance': [0.0, 0.0, 0.0, 0.0, 0.0, 0.0, 0.0, 0.0, 0.0]}, -58.10656878590719, 2.132472515106201
{'left': 11057, 'right': 10328}, 0.001533981, {'header': {'stamp': {'sec': 1650618647, 'nanosec': 449962640}, 'frame_id': 'imu_link'}, 'orientation': {'x': 0.10909226536750793, 'y': -0.020011235028505325, 'z': -0.48590415716171265, 'w': 0.8669410943984985}, 'orientation_covariance': [0.0, 0.0, 0.0, 0.0, 0.0, 0.0, 0.0, 0.0, 0.0], 'angular_velocity': {'x': -0.03086180053651333, 'y': -0.06598039716482162, 'z': -0.014898800291121006}, 'angular_velocity_covariance': [0.0, 0.0, 0.0, 0.0, 0.0, 0.0, 0.0, 0.0, 0.0], 'linear_acceleration': {'x': -1.2665326595306396, 'y': 1.9650410413742065, 'z': 10.972027778625488}, 'linear_acceleration_covariance': [0.0, 0.0, 0.0, 0.0, 0.0, 0.0, 0.0, 0.0, 0.0]}, -58.10656878590719, 2.1773433685302734
{'left': 11226, 'right': 10498}, 0.001533981, {'header': {'stamp': {'sec': 1650618647, 'nanosec': 499977276}, 'frame_id': 'imu_link'}, 'orientation': {'x': 0.10620168596506119, 'y': -0.020349424332380295, 'z': -0.4886656105518341, 'w': 0.8657392859458923}, 'orientation_covariance': [0.0, 0.0, 0.0, 0.0, 0.0, 0.0, 0.0, 0.0, 0.0], 'angular_velocity': {'x': -0.04576060175895691, 'y': -0.11280520260334015, 'z': -0.08832859992980957}, 'angular_velocity_covariance': [0.0, 0.0, 0.0, 0.0, 0.0, 0.0, 0.0, 0.0, 0.0], 'linear_acceleration': {'x': -1.0067617893218994, 'y': 1.7507599592208862, 'z': 10.892420768737793}, 'linear_acceleration_covariance': [0.0, 0.0, 0.0, 0.0, 0.0, 0.0, 0.0, 0.0, 0.0]}, -58.5703978949258, 2.2242321968078613
{'left': 11652, 'right': 10920}, 0.001533981, {'header': {'stamp': {'sec': 1650618647, 'nanosec': 549968682}, 'frame_id': 'imu_link'}, 'orientation': {'x': 0.10560142993927002, 'y': -0.017711298540234566, 'z': -0.48954343795776367, 'w': 0.8653746247291565}, 'orientation_covariance': [0.0, 0.0, 0.0, 0.0, 0.0, 0.0, 0.0, 0.0, 0.0], 'angular_velocity': {'x': -0.026605000719428062, 'y': -0.014898800291121006, 'z': 0.035118598490953445}, 'angular_velocity_covariance': [0.0, 0.0, 0.0, 0.0, 0.0, 0.0, 0.0, 0.0, 0.0], 'linear_acceleration': {'x': -1.0301052331924438, 'y': 2.25473952293396, 'z': 10.846331596374512}, 'linear_acceleration_covariance': [0.0, 0.0, 0.0, 0.0, 0.0, 0.0, 0.0, 0.0, 0.0]}, -58.5703978949258, 2.2701056003570557
{'left': 11652, 'right': 10920}, 0.001533981, {'header': {'stamp': {'sec': 1650618647, 'nanosec': 549968682}, 'frame_id': 'imu_link'}, 'orientation': {'x': 0.10560142993927002, 'y': -0.017711298540234566, 'z': -0.48954343795776367, 'w': 0.8653746247291565}, 'orientation_covariance': [0.0, 0.0, 0.0, 0.0, 0.0, 0.0, 0.0, 0.0, 0.0], 'angular_velocity': {'x': -0.026605000719428062, 'y': -0.014898800291121006, 'z': 0.035118598490953445}, 'angular_velocity_covariance': [0.0, 0.0, 0.0, 0.0, 0.0, 0.0, 0.0, 0.0, 0.0], 'linear_acceleration': {'x': -1.0301052331924438, 'y': 2.25473952293396, 'z': 10.846331596374512}, 'linear_acceleration_covariance': [0.0, 0.0, 0.0, 0.0, 0.0, 0.0, 0.0, 0.0, 0.0]}, -58.55156006868852, 2.315972089767456
{'left': 11821, 'right': 11091}, 0.001533981, {'header': {'stamp': {'sec': 1650618647, 'nanosec': 649961026}, 'frame_id': 'imu_link'}, 'orientation': {'x': 0.10767288506031036, 'y': -0.016347413882613182, 'z': -0.4907316267490387, 'w': 0.8644728660583496}, 'orientation_covariance': [0.0, 0.0, 0.0, 0.0, 0.0, 0.0, 0.0, 0.0, 0.0], 'angular_velocity': {'x': -0.04895320162177086, 'y': 0.014898800291121006, 'z': 0.012770400382578373}, 'angular_velocity_covariance': [0.0, 0.0, 0.0, 0.0, 0.0, 0.0, 0.0, 0.0, 0.0], 'linear_acceleration': {'x': -0.32860419154167175, 'y': 2.276287317276001, 'z': 8.98124885559082}, 'linear_acceleration_covariance': [0.0, 0.0, 0.0, 0.0, 0.0, 0.0, 0.0, 0.0, 0.0]}, -58.7085747526989, 2.363758087158203
{'left': 12075, 'right': 11343}, 0.001533981, {'header': {'stamp': {'sec': 1650618647, 'nanosec': 699993474}, 'frame_id': 'imu_link'}, 'orientation': {'x': 0.10552062839269638, 'y': -0.017423240467905998, 'z': -0.49075987935066223, 'w': 0.8647010922431946}, 'orientation_covariance': [0.0, 0.0, 0.0, 0.0, 0.0, 0.0, 0.0, 0.0, 0.0], 'angular_velocity': {'x': -0.008513599634170532, 'y': -0.0649162009358406, 'z': -0.02128399908542633}, 'angular_velocity_covariance': [0.0, 0.0, 0.0, 0.0, 0.0, 0.0, 0.0, 0.0, 0.0], 'linear_acceleration': {'x': -0.3405751883983612, 'y': 1.9494787454605103, 'z': 9.932944297790527}, 'linear_acceleration_covariance': [0.0, 0.0, 0.0, 0.0, 0.0, 0.0, 0.0, 0.0, 0.0]}, -58.72768186355473, 2.411728858947754
{'left': 12247, 'right': 11512}, 0.001533981, {'header': {'stamp': {'sec': 1650618647, 'nanosec': 749955661}, 'frame_id': 'imu_link'}, 'orientation': {'x': 0.10657703876495361, 'y': -0.01964408904314041, 'z': -0.49118369817733765, 'w': 0.8642830848693848}, 'orientation_covariance': [0.0, 0.0, 0.0, 0.0, 0.0, 0.0, 0.0, 0.0, 0.0], 'angular_velocity': {'x': 0.029797600582242012, 'y': -0.04895320162177086, 'z': -0.022348200902342796}, 'angular_velocity_covariance': [0.0, 0.0, 0.0, 0.0, 0.0, 0.0, 0.0, 0.0, 0.0], 'linear_acceleration': {'x': -0.30885201692581177, 'y': 2.118868350982666, 'z': 9.799467086791992}, 'linear_acceleration_covariance': [0.0, 0.0, 0.0, 0.0, 0.0, 0.0, 0.0, 0.0, 0.0]}, -58.80145115027474, 2.4586029052734375
{'left': 12417, 'right': 11686}, 0.001533981, {'header': {'stamp': {'sec': 1650618647, 'nanosec': 800022119}, 'frame_id': 'imu_link'}, 'orientation': {'x': 0.10802321881055832, 'y': -0.020954977720975876, 'z': -0.49253925681114197, 'w': 0.8633008599281311}, 'orientation_covariance': [0.0, 0.0, 0.0, 0.0, 0.0, 0.0, 0.0, 0.0, 0.0], 'angular_velocity': {'x': 0.015962999314069748, 'y': -0.041503798216581345, 'z': -0.05533840134739876}, 'angular_velocity_covariance': [0.0, 0.0, 0.0, 0.0, 0.0, 0.0, 0.0, 0.0, 0.0], 'linear_acceleration': {'x': -1.1797428131103516, 'y': 2.077568531036377, 'z': 9.95449161529541}, 'linear_acceleration_covariance': [0.0, 0.0, 0.0, 0.0, 0.0, 0.0, 0.0, 0.0, 0.0]}, -58.988758437437546, 2.505474090576172
{'left': 12665, 'right': 11931}, 0.001533981, {'header': {'stamp': {'sec': 1650618647, 'nanosec': 849987484}, 'frame_id': 'imu_link'}, 'orientation': {'x': 0.10753758251667023, 'y': -0.019966458901762962, 'z': -0.49305108189582825, 'w': 0.8630926609039307}, 'orientation_covariance': [0.0, 0.0, 0.0, 0.0, 0.0, 0.0, 0.0, 0.0, 0.0], 'angular_velocity': {'x': 0.053210001438856125, 'y': 0.08300759643316269, 'z': 0.0}, 'angular_velocity_covariance': [0.0, 0.0, 0.0, 0.0, 0.0, 0.0, 0.0, 0.0, 0.0], 'linear_acceleration': {'x': -1.1025298833847046, 'y': 1.6208745241165161, 'z': 10.954071044921875}, 'linear_acceleration_covariance': [0.0, 0.0, 0.0, 0.0, 0.0, 0.0, 0.0, 0.0, 0.0]}, -59.04762956471744, 2.5523574352264404
{'left': 12835, 'right': 12104}, 0.001533981, {'header': {'stamp': {'sec': 1650618647, 'nanosec': 899978317}, 'frame_id': 'imu_link'}, 'orientation': {'x': 0.11093050241470337, 'y': -0.02138133905827999, 'z': -0.49291083216667175, 'w': 0.8627094626426697}, 'orientation_covariance': [0.0, 0.0, 0.0, 0.0, 0.0, 0.0, 0.0, 0.0, 0.0], 'angular_velocity': {'x': 0.06172360107302666, 'y': 0.09471379965543747, 'z': -0.04043959826231003}, 'angular_velocity_covariance': [0.0, 0.0, 0.0, 0.0, 0.0, 0.0, 0.0, 0.0, 0.0], 'linear_acceleration': {'x': -1.212663173675537, 'y': 1.7076643705368042, 'z': 10.44470500946045}, 'linear_acceleration_covariance': [0.0, 0.0, 0.0, 0.0, 0.0, 0.0, 0.0, 0.0, 0.0]}, -59.034732081406766, 2.5971503257751465
{'left': 13001, 'right': 12274}, 0.001533981, {'header': {'stamp': {'sec': 1650618647, 'nanosec': 899978317}, 'frame_id': 'imu_link'}, 'orientation': {'x': 0.11093050241470337, 'y': -0.02138133905827999, 'z': -0.49291083216667175, 'w': 0.8627094626426697}, 'orientation_covariance': [0.0, 0.0, 0.0, 0.0, 0.0, 0.0, 0.0, 0.0, 0.0], 'angular_velocity': {'x': 0.06172360107302666, 'y': 0.09471379965543747, 'z': -0.04043959826231003}, 'angular_velocity_covariance': [0.0, 0.0, 0.0, 0.0, 0.0, 0.0, 0.0, 0.0, 0.0], 'linear_acceleration': {'x': -1.212663173675537, 'y': 1.7076643705368042, 'z': 10.44470500946045}, 'linear_acceleration_covariance': [0.0, 0.0, 0.0, 0.0, 0.0, 0.0, 0.0, 0.0, 0.0]}, -59.128239399518144, 2.6451046466827393
{'left': 13257, 'right': 12531}, 0.001533981, {'header': {'stamp': {'sec': 1650618648, 'nanosec': 5088}, 'frame_id': 'imu_link'}, 'orientation': {'x': 0.1081290990114212, 'y': -0.02460278384387493, 'z': -0.4941864609718323, 'w': 0.8622493743896484}, 'orientation_covariance': [0.0, 0.0, 0.0, 0.0, 0.0, 0.0, 0.0, 0.0, 0.0], 'angular_velocity': {'x': 0.05533840134739876, 'y': -0.07662239670753479, 'z': -0.03937539830803871}, 'angular_velocity_covariance': [0.0, 0.0, 0.0, 0.0, 0.0, 0.0, 0.0, 0.0, 0.0], 'linear_acceleration': {'x': -0.30286651849746704, 'y': 2.4851813316345215, 'z': 8.664615631103516}, 'linear_acceleration_covariance': [0.0, 0.0, 0.0, 0.0, 0.0, 0.0, 0.0, 0.0, 0.0]}, -59.24193081556865, 2.692974090576172
{'left': 13257, 'right': 12531}, 0.001533981, {'header': {'stamp': {'sec': 1650618648, 'nanosec': 5088}, 'frame_id': 'imu_link'}, 'orientation': {'x': 0.1081290990114212, 'y': -0.02460278384387493, 'z': -0.4941864609718323, 'w': 0.8622493743896484}, 'orientation_covariance': [0.0, 0.0, 0.0, 0.0, 0.0, 0.0, 0.0, 0.0, 0.0], 'angular_velocity': {'x': 0.05533840134739876, 'y': -0.07662239670753479, 'z': -0.03937539830803871}, 'angular_velocity_covariance': [0.0, 0.0, 0.0, 0.0, 0.0, 0.0, 0.0, 0.0, 0.0], 'linear_acceleration': {'x': -0.30286651849746704, 'y': 2.4851813316345215, 'z': 8.664615631103516}, 'linear_acceleration_covariance': [0.0, 0.0, 0.0, 0.0, 0.0, 0.0, 0.0, 0.0, 0.0]}, -59.231615421985936, 2.7387542724609375
{'left': 13428, 'right': 12700}, 0.001533981, {'header': {'stamp': {'sec': 1650618648, 'nanosec': 49962849}, 'frame_id': 'imu_link'}, 'orientation': {'x': 0.1104053482413292, 'y': -0.023447491228580475, 'z': -0.4942381978034973, 'w': 0.8619634509086609}, 'orientation_covariance': [0.0, 0.0, 0.0, 0.0, 0.0, 0.0, 0.0, 0.0, 0.0], 'angular_velocity': {'x': 0.020219799131155014, 'y': 0.011706200428307056, 'z': 0.03618279844522476}, 'angular_velocity_covariance': [0.0, 0.0, 0.0, 0.0, 0.0, 0.0, 0.0, 0.0, 0.0], 'linear_acceleration': {'x': -1.1899182796478271, 'y': 2.204461097717285, 'z': 10.438718795776367}, 'linear_acceleration_covariance': [0.0, 0.0, 0.0, 0.0, 0.0, 0.0, 0.0, 0.0, 0.0]}, -59.231615421985936, 2.7867085933685303
{'left': 13594, 'right': 12866}, 0.001533981, {'header': {'stamp': {'sec': 1650618648, 'nanosec': 99958786}, 'frame_id': 'imu_link'}, 'orientation': {'x': 0.1111375093460083, 'y': -0.025142576545476913, 'z': -0.49372318387031555, 'w': 0.8621166944503784}, 'orientation_covariance': [0.0, 0.0, 0.0, 0.0, 0.0, 0.0, 0.0, 0.0, 0.0], 'angular_velocity': {'x': -0.009577799588441849, 'y': -0.004256799817085266, 'z': -0.012770400382578373}, 'angular_velocity_covariance': [0.0, 0.0, 0.0, 0.0, 0.0, 0.0, 0.0, 0.0, 0.0], 'linear_acceleration': {'x': -0.3621230125427246, 'y': 2.385822057723999, 'z': 9.3828763961792}, 'linear_acceleration_covariance': [0.0, 0.0, 0.0, 0.0, 0.0, 0.0, 0.0, 0.0, 0.0]}, -59.1956120620588, 2.83459210395813
{'left': 14010, 'right': 13282}, 0.001533981, {'header': {'stamp': {'sec': 1650618648, 'nanosec': 149973734}, 'frame_id': 'imu_link'}, 'orientation': {'x': 0.11218859255313873, 'y': -0.025985630229115486, 'z': -0.49379125237464905, 'w': 0.8619165420532227}, 'orientation_covariance': [0.0, 0.0, 0.0, 0.0, 0.0, 0.0, 0.0, 0.0, 0.0], 'angular_velocity': {'x': 0.03405439853668213, 'y': 0.028733400627970695, 'z': -0.01809139922261238}, 'angular_velocity_covariance': [0.0, 0.0, 0.0, 0.0, 0.0, 0.0, 0.0, 0.0, 0.0], 'linear_acceleration': {'x': -0.6805518269538879, 'y': 1.9919757843017578, 'z': 10.521319389343262}, 'linear_acceleration_covariance': [0.0, 0.0, 0.0, 0.0, 0.0, 0.0, 0.0, 0.0, 0.0]}, -59.25746127211345, 2.880463123321533
{'left': 14010, 'right': 13282}, 0.001533981, {'header': {'stamp': {'sec': 1650618648, 'nanosec': 200011286}, 'frame_id': 'imu_link'}, 'orientation': {'x': 0.11228789389133453, 'y': -0.024884086102247238, 'z': -0.49435344338417053, 'w': 0.8616136908531189}, 'orientation_covariance': [0.0, 0.0, 0.0, 0.0, 0.0, 0.0, 0.0, 0.0, 0.0], 'angular_velocity': {'x': 0.0, 'y': 0.01809139922261238, 'z': -0.035118598490953445}, 'angular_velocity_covariance': [0.0, 0.0, 0.0, 0.0, 0.0, 0.0, 0.0, 0.0, 0.0], 'linear_acceleration': {'x': -0.40701428055763245, 'y': 1.9410990476608276, 'z': 9.82759952545166}, 'linear_acceleration_covariance': [0.0, 0.0, 0.0, 0.0, 0.0, 0.0, 0.0, 0.0, 0.0]}, -59.25746127211345, 2.92635440826416
{'left': 14428, 'right': 13704}, 0.001533981, {'header': {'stamp': {'sec': 1650618648, 'nanosec': 249947067}, 'frame_id': 'imu_link'}, 'orientation': {'x': 0.11153287440538406, 'y': -0.02633025124669075, 'z': -0.4954124689102173, 'w': 0.8610604405403137}, 'orientation_covariance': [0.0, 0.0, 0.0, 0.0, 0.0, 0.0, 0.0, 0.0, 0.0], 'angular_velocity': {'x': -0.06917300075292587, 'y': -0.12025459855794907, 'z': -0.023412400856614113}, 'angular_velocity_covariance': [0.0, 0.0, 0.0, 0.0, 0.0, 0.0, 0.0, 0.0, 0.0], 'linear_acceleration': {'x': -0.7433996200561523, 'y': 2.3726539611816406, 'z': 8.816048622131348}, 'linear_acceleration_covariance': [0.0, 0.0, 0.0, 0.0, 0.0, 0.0, 0.0, 0.0, 0.0]}, -59.414065994815125, 2.972226858139038
{'left': 14428, 'right': 13704}, 0.001533981, {'header': {'stamp': {'sec': 1650618648, 'nanosec': 249947067}, 'frame_id': 'imu_link'}, 'orientation': {'x': 0.11153287440538406, 'y': -0.02633025124669075, 'z': -0.4954124689102173, 'w': 0.8610604405403137}, 'orientation_covariance': [0.0, 0.0, 0.0, 0.0, 0.0, 0.0, 0.0, 0.0, 0.0], 'angular_velocity': {'x': -0.06917300075292587, 'y': -0.12025459855794907, 'z': -0.023412400856614113}, 'angular_velocity_covariance': [0.0, 0.0, 0.0, 0.0, 0.0, 0.0, 0.0, 0.0, 0.0], 'linear_acceleration': {'x': -0.7433996200561523, 'y': 2.3726539611816406, 'z': 8.816048622131348}, 'linear_acceleration_covariance': [0.0, 0.0, 0.0, 0.0, 0.0, 0.0, 0.0, 0.0, 0.0]}, -59.50161771877716, 3.017143726348877
{'left': 14593, 'right': 13865}, 0.001533981, {'header': {'stamp': {'sec': 1650618648, 'nanosec': 299959255}, 'frame_id': 'imu_link'}, 'orientation': {'x': 0.10994482785463333, 'y': -0.02486223541200161, 'z': -0.4961695075035095, 'w': 0.8608724474906921}, 'orientation_covariance': [0.0, 0.0, 0.0, 0.0, 0.0, 0.0, 0.0, 0.0, 0.0], 'angular_velocity': {'x': 0.0, 'y': -0.04788900166749954, 'z': -0.008513599634170532}, 'angular_velocity_covariance': [0.0, 0.0, 0.0, 0.0, 0.0, 0.0, 0.0, 0.0, 0.0], 'linear_acceleration': {'x': -1.2964601516723633, 'y': 2.251148223876953, 'z': 11.170147895812988}, 'linear_acceleration_covariance': [0.0, 0.0, 0.0, 0.0, 0.0, 0.0, 0.0, 0.0, 0.0]}, -59.474085146231126, 3.0640339851379395
{'left': 14841, 'right': 14108}, 0.001533981, {'header': {'stamp': {'sec': 1650618648, 'nanosec': 399982953}, 'frame_id': 'imu_link'}, 'orientation': {'x': 0.11017674207687378, 'y': -0.023634551092982292, 'z': -0.4958350360393524, 'w': 0.8610700964927673}, 'orientation_covariance': [0.0, 0.0, 0.0, 0.0, 0.0, 0.0, 0.0, 0.0, 0.0], 'angular_velocity': {'x': -0.015962999314069748, 'y': 0.0, 'z': 0.0}, 'angular_velocity_covariance': [0.0, 0.0, 0.0, 0.0, 0.0, 0.0, 0.0, 0.0, 0.0], 'linear_acceleration': {'x': -0.4818330705165863, 'y': 1.6089035272598267, 'z': 9.856927871704102}, 'linear_acceleration_covariance': [0.0, 0.0, 0.0, 0.0, 0.0, 0.0, 0.0, 0.0, 0.0]}, -59.44426599885201, 3.109905958175659
{'left': 15009, 'right': 14277}, 0.001533981, {'header': {'stamp': {'sec': 1650618648, 'nanosec': 449976130}, 'frame_id': 'imu_link'}, 'orientation': {'x': 0.11257810145616531, 'y': -0.022313272580504417, 'z': -0.49562567472457886, 'w': 0.8609151244163513}, 'orientation_covariance': [0.0, 0.0, 0.0, 0.0, 0.0, 0.0, 0.0, 0.0, 0.0], 'angular_velocity': {'x': 0.043632201850414276, 'y': 0.06172360107302666, 'z': 0.022348200902342796}, 'angular_velocity_covariance': [0.0, 0.0, 0.0, 0.0, 0.0, 0.0, 0.0, 0.0, 0.0], 'linear_acceleration': {'x': -0.9385270476341248, 'y': 2.010530948638916, 'z': 11.25334644317627}, 'linear_acceleration_covariance': [0.0, 0.0, 0.0, 0.0, 0.0, 0.0, 0.0, 0.0, 0.0]}, -59.39733050829595, 3.157778024673462
{'left': 15171, 'right': 14441}, 0.001533981, {'header': {'stamp': {'sec': 1650618648, 'nanosec': 499944880}, 'frame_id': 'imu_link'}, 'orientation': {'x': 0.1127503290772438, 'y': -0.023304792121052742, 'z': -0.4956497550010681, 'w': 0.8608525395393372}, 'orientation_covariance': [0.0, 0.0, 0.0, 0.0, 0.0, 0.0, 0.0, 0.0, 0.0], 'angular_velocity': {'x': -0.015962999314069748, 'y': 0.0, 'z': -0.031925998628139496}, 'angular_velocity_covariance': [0.0, 0.0, 0.0, 0.0, 0.0, 0.0, 0.0, 0.0, 0.0], 'linear_acceleration': {'x': -0.447715699672699, 'y': 2.1475989818573, 'z': 9.628880500793457}, 'linear_acceleration_covariance': [0.0, 0.0, 0.0, 0.0, 0.0, 0.0, 0.0, 0.0, 0.0]}, -59.410325127985224, 3.205653667449951
{'left': 15423, 'right': 14695}, 0.001533981, {'header': {'stamp': {'sec': 1650618648, 'nanosec': 549968890}, 'frame_id': 'imu_link'}, 'orientation': {'x': 0.11227849125862122, 'y': -0.023213986307382584, 'z': -0.49571049213409424, 'w': 0.8608816862106323}, 'orientation_covariance': [0.0, 0.0, 0.0, 0.0, 0.0, 0.0, 0.0, 0.0, 0.0], 'angular_velocity': {'x': -0.026605000719428062, 'y': -0.053210001438856125, 'z': 0.02766920067369938}, 'angular_velocity_covariance': [0.0, 0.0, 0.0, 0.0, 0.0, 0.0, 0.0, 0.0, 0.0], 'linear_acceleration': {'x': -0.7805097699165344, 'y': 1.7800889015197754, 'z': 10.882245063781738}, 'linear_acceleration_covariance': [0.0, 0.0, 0.0, 0.0, 0.0, 0.0, 0.0, 0.0, 0.0]}, -59.418524737380096, 3.25352144241333
{'left': 15586, 'right': 14858}, 0.001533981, {'header': {'stamp': {'sec': 1650618648, 'nanosec': 549968890}, 'frame_id': 'imu_link'}, 'orientation': {'x': 0.11227849125862122, 'y': -0.023213986307382584, 'z': -0.49571049213409424, 'w': 0.8608816862106323}, 'orientation_covariance': [0.0, 0.0, 0.0, 0.0, 0.0, 0.0, 0.0, 0.0, 0.0], 'angular_velocity': {'x': -0.026605000719428062, 'y': -0.053210001438856125, 'z': 0.02766920067369938}, 'angular_velocity_covariance': [0.0, 0.0, 0.0, 0.0, 0.0, 0.0, 0.0, 0.0, 0.0], 'linear_acceleration': {'x': -0.7805097699165344, 'y': 1.7800889015197754, 'z': 10.882245063781738}, 'linear_acceleration_covariance': [0.0, 0.0, 0.0, 0.0, 0.0, 0.0, 0.0, 0.0, 0.0]}, -59.38693732910059, 3.3013973236083984
{'left': 15586, 'right': 14858}, 0.001533981, {'header': {'stamp': {'sec': 1650618648, 'nanosec': 649951025}, 'frame_id': 'imu_link'}, 'orientation': {'x': 0.11092865467071533, 'y': -0.025849856436252594, 'z': -0.49544429779052734, 'w': 0.8611348271369934}, 'orientation_covariance': [0.0, 0.0, 0.0, 0.0, 0.0, 0.0, 0.0, 0.0, 0.0], 'angular_velocity': {'x': -0.017027199268341064, 'y': 0.023412400856614113, 'z': 0.0}, 'angular_velocity_covariance': [0.0, 0.0, 0.0, 0.0, 0.0, 0.0, 0.0, 0.0, 0.0], 'linear_acceleration': {'x': -0.545877993106842, 'y': 2.1092915534973145, 'z': 9.141061782836914}, 'linear_acceleration_covariance': [0.0, 0.0, 0.0, 0.0, 0.0, 0.0, 0.0, 0.0, 0.0]}, -59.414417169332225, 3.346273899078369
{'left': 16003, 'right': 15272}, 0.001533981, {'header': {'stamp': {'sec': 1650618648, 'nanosec': 699954984}, 'frame_id': 'imu_link'}, 'orientation': {'x': 0.10881593078374863, 'y': -0.026474928483366966, 'z': -0.49550002813339233, 'w': 0.8613531589508057}, 'orientation_covariance': [0.0, 0.0, 0.0, 0.0, 0.0, 0.0, 0.0, 0.0, 0.0], 'angular_velocity': {'x': -0.015962999314069748, 'y': -0.017027199268341064, 'z': -0.004256799817085266}, 'angular_velocity_covariance': [0.0, 0.0, 0.0, 0.0, 0.0, 0.0, 0.0, 0.0, 0.0], 'linear_acceleration': {'x': -0.3992331326007843, 'y': 2.318784236907959, 'z': 8.462306022644043}, 'linear_acceleration_covariance': [0.0, 0.0, 0.0, 0.0, 0.0, 0.0, 0.0, 0.0, 0.0]}, -59.4330153346846, 3.3921492099761963
{'left': 16172, 'right': 15440}, 0.001533981, {'header': {'stamp': {'sec': 1650618648, 'nanosec': 699954984}, 'frame_id': 'imu_link'}, 'orientation': {'x': 0.10881593078374863, 'y': -0.026474928483366966, 'z': -0.49550002813339233, 'w': 0.8613531589508057}, 'orientation_covariance': [0.0, 0.0, 0.0, 0.0, 0.0, 0.0, 0.0, 0.0, 0.0], 'angular_velocity': {'x': -0.015962999314069748, 'y': -0.017027199268341064, 'z': -0.004256799817085266}, 'angular_velocity_covariance': [0.0, 0.0, 0.0, 0.0, 0.0, 0.0, 0.0, 0.0, 0.0], 'linear_acceleration': {'x': -0.3992331326007843, 'y': 2.318784236907959, 'z': 8.462306022644043}, 'linear_acceleration_covariance': [0.0, 0.0, 0.0, 0.0, 0.0, 0.0, 0.0, 0.0, 0.0]}, -59.43167929205203, 3.437227487564087
{'left': 16335, 'right': 15601}, 0.001533981, {'header': {'stamp': {'sec': 1650618648, 'nanosec': 749980661}, 'frame_id': 'imu_link'}, 'orientation': {'x': 0.1095193400979042, 'y': -0.02417939156293869, 'z': -0.4956852197647095, 'w': 0.8612250089645386}, 'orientation_covariance': [0.0, 0.0, 0.0, 0.0, 0.0, 0.0, 0.0, 0.0, 0.0], 'angular_velocity': {'x': 0.041503798216581345, 'y': 0.014898800291121006, 'z': 0.0063852001912891865}, 'angular_velocity_covariance': [0.0, 0.0, 0.0, 0.0, 0.0, 0.0, 0.0, 0.0, 0.0], 'linear_acceleration': {'x': -0.6841431260108948, 'y': 1.789665699005127, 'z': 10.13405704498291}, 'linear_acceleration_covariance': [0.0, 0.0, 0.0, 0.0, 0.0, 0.0, 0.0, 0.0, 0.0]}, -59.40173373103766, 3.484631299972534
{'left': 16335, 'right': 15601}, 0.001533981, {'header': {'stamp': {'sec': 1650618648, 'nanosec': 799972432}, 'frame_id': 'imu_link'}, 'orientation': {'x': 0.10807151347398758, 'y': -0.024203458800911903, 'z': -0.49543124437332153, 'w': 0.8615531921386719}, 'orientation_covariance': [0.0, 0.0, 0.0, 0.0, 0.0, 0.0, 0.0, 0.0, 0.0], 'angular_velocity': {'x': -0.007449400145560503, 'y': -0.011706200428307056, 'z': 0.0}, 'angular_velocity_covariance': [0.0, 0.0, 0.0, 0.0, 0.0, 0.0, 0.0, 0.0, 0.0], 'linear_acceleration': {'x': -0.7074865698814392, 'y': 2.345120429992676, 'z': 9.024943351745605}, 'linear_acceleration_covariance': [0.0, 0.0, 0.0, 0.0, 0.0, 0.0, 0.0, 0.0, 0.0]}, -59.44091769727018, 3.531097888946533
{'left': 16752, 'right': 16022}, 0.001533981, {'header': {'stamp': {'sec': 1650618648, 'nanosec': 849961390}, 'frame_id': 'imu_link'}, 'orientation': {'x': 0.106486476957798, 'y': -0.024687135592103004, 'z': -0.4956648647785187, 'w': 0.8616026043891907}, 'orientation_covariance': [0.0, 0.0, 0.0, 0.0, 0.0, 0.0, 0.0, 0.0, 0.0], 'angular_velocity': {'x': -0.005320999771356583, 'y': -0.03405439853668213, 'z': 0.0}, 'angular_velocity_covariance': [0.0, 0.0, 0.0, 0.0, 0.0, 0.0, 0.0, 0.0, 0.0], 'linear_acceleration': {'x': -0.32261866331100464, 'y': 2.5061306953430176, 'z': 8.53652572631836}, 'linear_acceleration_covariance': [0.0, 0.0, 0.0, 0.0, 0.0, 0.0, 0.0, 0.0, 0.0]}, -59.44091769727018, 3.5769636631011963
{'left': 16752, 'right': 16022}, 0.001533981, {'header': {'stamp': {'sec': 1650618648, 'nanosec': 899969984}, 'frame_id': 'imu_link'}, 'orientation': {'x': 0.10812186449766159, 'y': -0.024056604132056236, 'z': -0.4956286549568176, 'w': 0.8614376187324524}, 'orientation_covariance': [0.0, 0.0, 0.0, 0.0, 0.0, 0.0, 0.0, 0.0, 0.0], 'angular_velocity': {'x': 0.035118598490953445, 'y': 0.056402601301670074, 'z': -0.014898800291121006}, 'angular_velocity_covariance': [0.0, 0.0, 0.0, 0.0, 0.0, 0.0, 0.0, 0.0, 0.0], 'linear_acceleration': {'x': -0.6811503767967224, 'y': 2.008136749267578, 'z': 10.870872497558594}, 'linear_acceleration_covariance': [0.0, 0.0, 0.0, 0.0, 0.0, 0.0, 0.0, 0.0, 0.0]}, -59.42610943389999, 3.6230223178863525
{'left': 17003, 'right': 16278}, 0.001533981, {'header': {'stamp': {'sec': 1650618648, 'nanosec': 949952432}, 'frame_id': 'imu_link'}, 'orientation': {'x': 0.10852141678333282, 'y': -0.022523684427142143, 'z': -0.4960137903690338, 'w': 0.8612070083618164}, 'orientation_covariance': [0.0, 0.0, 0.0, 0.0, 0.0, 0.0, 0.0, 0.0, 0.0], 'angular_velocity': {'x': -0.02128399908542633, 'y': 0.0063852001912891865, 'z': -0.01383460033684969}, 'angular_velocity_covariance': [0.0, 0.0, 0.0, 0.0, 0.0, 0.0, 0.0, 0.0, 0.0], 'linear_acceleration': {'x': -0.3776853084564209, 'y': 2.031480073928833, 'z': 9.64923095703125}, 'linear_acceleration_covariance': [0.0, 0.0, 0.0, 0.0, 0.0, 0.0, 0.0, 0.0, 0.0]}, -59.46036078505072, 3.6691229343414307
{'left': 17346, 'right': 16616}, 0.001533981, {'header': {'stamp': {'sec': 1650618649, 'nanosec': 83004}, 'frame_id': 'imu_link'}, 'orientation': {'x': 0.10911054164171219, 'y': -0.025718115270137787, 'z': -0.4954439401626587, 'w': 0.8613712191581726}, 'orientation_covariance': [0.0, 0.0, 0.0, 0.0, 0.0, 0.0, 0.0, 0.0, 0.0], 'angular_velocity': {'x': -0.012770400382578373, 'y': -0.04788900166749954, 'z': 0.031925998628139496}, 'angular_velocity_covariance': [0.0, 0.0, 0.0, 0.0, 0.0, 0.0, 0.0, 0.0, 0.0], 'linear_acceleration': {'x': -1.1450269222259521, 'y': 2.473808765411377, 'z': 10.292673110961914}, 'linear_acceleration_covariance': [0.0, 0.0, 0.0, 0.0, 0.0, 0.0, 0.0, 0.0, 0.0]}, -59.416949669402406, 3.715451240539551
{'left': 17346, 'right': 16616}, 0.001533981, {'header': {'stamp': {'sec': 1650618649, 'nanosec': 49972640}, 'frame_id': 'imu_link'}, 'orientation': {'x': 0.10811280459165573, 'y': -0.025480736047029495, 'z': -0.4954663813114166, 'w': 0.8614910840988159}, 'orientation_covariance': [0.0, 0.0, 0.0, 0.0, 0.0, 0.0, 0.0, 0.0, 0.0], 'angular_velocity': {'x': 0.007449400145560503, 'y': 0.007449400145560503, 'z': -0.010641999542713165}, 'angular_velocity_covariance': [0.0, 0.0, 0.0, 0.0, 0.0, 0.0, 0.0, 0.0, 0.0], 'linear_acceleration': {'x': -0.14724339544773102, 'y': 2.2900538444519043, 'z': 9.728240013122559}, 'linear_acceleration_covariance': [0.0, 0.0, 0.0, 0.0, 0.0, 0.0, 0.0, 0.0, 0.0]}, -59.4195468711179, 3.762053966522217
{'left': 17598, 'right': 16871}, 0.001533981, {'header': {'stamp': {'sec': 1650618649, 'nanosec': 99997900}, 'frame_id': 'imu_link'}, 'orientation': {'x': 0.10876510292291641, 'y': -0.025414343923330307, 'z': -0.49549517035484314, 'w': 0.8613943457603455}, 'orientation_covariance': [0.0, 0.0, 0.0, 0.0, 0.0, 0.0, 0.0, 0.0, 0.0], 'angular_velocity': {'x': -0.029797600582242012, 'y': -0.022348200902342796, 'z': 0.015962999314069748}, 'angular_velocity_covariance': [0.0, 0.0, 0.0, 0.0, 0.0, 0.0, 0.0, 0.0, 0.0], 'linear_acceleration': {'x': -0.7433996200561523, 'y': 2.4001872539520264, 'z': 9.266159057617188}, 'linear_acceleration_covariance': [0.0, 0.0, 0.0, 0.0, 0.0, 0.0, 0.0, 0.0, 0.0]}, -59.4212309014177, 3.806628465652466
{'left': 17769, 'right': 17040}, 0.001533981, {'header': {'stamp': {'sec': 1650618649, 'nanosec': 149954879}, 'frame_id': 'imu_link'}, 'orientation': {'x': 0.1070762649178505, 'y': -0.025204665958881378, 'z': -0.4952584505081177, 'w': 0.8617480993270874}, 'orientation_covariance': [0.0, 0.0, 0.0, 0.0, 0.0, 0.0, 0.0, 0.0, 0.0], 'angular_velocity': {'x': -0.022348200902342796, 'y': -0.026605000719428062, 'z': 0.020219799131155014}, 'angular_velocity_covariance': [0.0, 0.0, 0.0, 0.0, 0.0, 0.0, 0.0, 0.0, 0.0], 'linear_acceleration': {'x': -0.8254010081291199, 'y': 2.190095901489258, 'z': 10.806827545166016}, 'linear_acceleration_covariance': [0.0, 0.0, 0.0, 0.0, 0.0, 0.0, 0.0, 0.0, 0.0]}, -59.39150304771086, 3.852956771850586
{'left': 17937, 'right': 17209}, 0.001533981, {'header': {'stamp': {'sec': 1650618649, 'nanosec': 149954879}, 'frame_id': 'imu_link'}, 'orientation': {'x': 0.1070762649178505, 'y': -0.025204665958881378, 'z': -0.4952584505081177, 'w': 0.8617480993270874}, 'orientation_covariance': [0.0, 0.0, 0.0, 0.0, 0.0, 0.0, 0.0, 0.0, 0.0], 'angular_velocity': {'x': -0.022348200902342796, 'y': -0.026605000719428062, 'z': 0.020219799131155014}, 'angular_velocity_covariance': [0.0, 0.0, 0.0, 0.0, 0.0, 0.0, 0.0, 0.0, 0.0], 'linear_acceleration': {'x': -0.8254010081291199, 'y': 2.190095901489258, 'z': 10.806827545166016}, 'linear_acceleration_covariance': [0.0, 0.0, 0.0, 0.0, 0.0, 0.0, 0.0, 0.0, 0.0]}, -59.42154585386723, 3.899726152420044
{'left': 18107, 'right': 17382}, 0.001533981, {'header': {'stamp': {'sec': 1650618649, 'nanosec': 249951858}, 'frame_id': 'imu_link'}, 'orientation': {'x': 0.10745005309581757, 'y': -0.02266121096909046, 'z': -0.49510321021080017, 'w': 0.8618614673614502}, 'orientation_covariance': [0.0, 0.0, 0.0, 0.0, 0.0, 0.0, 0.0, 0.0, 0.0], 'angular_velocity': {'x': -0.02766920067369938, 'y': 0.010641999542713165, 'z': 0.025540800765156746}, 'angular_velocity_covariance': [0.0, 0.0, 0.0, 0.0, 0.0, 0.0, 0.0, 0.0, 0.0], 'linear_acceleration': {'x': -1.046864628791809, 'y': 1.9369091987609863, 'z': 10.949881553649902}, 'linear_acceleration_covariance': [0.0, 0.0, 0.0, 0.0, 0.0, 0.0, 0.0, 0.0, 0.0]}, -59.34429897231873, 3.947174072265625
{'left': 18364, 'right': 17636}, 0.001533981, {'header': {'stamp': {'sec': 1650618649, 'nanosec': 299957588}, 'frame_id': 'imu_link'}, 'orientation': {'x': 0.10725156217813492, 'y': -0.02415875345468521, 'z': -0.49498414993286133, 'w': 0.8619139790534973}, 'orientation_covariance': [0.0, 0.0, 0.0, 0.0, 0.0, 0.0, 0.0, 0.0, 0.0], 'angular_velocity': {'x': -0.01383460033684969, 'y': -0.04788900166749954, 'z': 0.004256799817085266}, 'angular_velocity_covariance': [0.0, 0.0, 0.0, 0.0, 0.0, 0.0, 0.0, 0.0, 0.0], 'linear_acceleration': {'x': -0.5632359385490417, 'y': 2.7754783630371094, 'z': 9.41100788116455}, 'linear_acceleration_covariance': [0.0, 0.0, 0.0, 0.0, 0.0, 0.0, 0.0, 0.0, 0.0]}, -59.34423498297743, 3.9932873249053955
{'left': 18364, 'right': 17636}, 0.001533981, {'header': {'stamp': {'sec': 1650618649, 'nanosec': 299957588}, 'frame_id': 'imu_link'}, 'orientation': {'x': 0.10725156217813492, 'y': -0.02415875345468521, 'z': -0.49498414993286133, 'w': 0.8619139790534973}, 'orientation_covariance': [0.0, 0.0, 0.0, 0.0, 0.0, 0.0, 0.0, 0.0, 0.0], 'angular_velocity': {'x': -0.01383460033684969, 'y': -0.04788900166749954, 'z': 0.004256799817085266}, 'angular_velocity_covariance': [0.0, 0.0, 0.0, 0.0, 0.0, 0.0, 0.0, 0.0, 0.0], 'linear_acceleration': {'x': -0.5632359385490417, 'y': 2.7754783630371094, 'z': 9.41100788116455}, 'linear_acceleration_covariance': [0.0, 0.0, 0.0, 0.0, 0.0, 0.0, 0.0, 0.0, 0.0]}, -59.3303520362453, 4.03932785987854
{'left': 18709, 'right': 17977}, 0.001533981, {'header': {'stamp': {'sec': 1650618649, 'nanosec': 349982223}, 'frame_id': 'imu_link'}, 'orientation': {'x': 0.10889651626348495, 'y': -0.023151718080043793, 'z': -0.4949849247932434, 'w': 0.8617347478866577}, 'orientation_covariance': [0.0, 0.0, 0.0, 0.0, 0.0, 0.0, 0.0, 0.0, 0.0], 'angular_velocity': {'x': 0.01383460033684969, 'y': 0.028733400627970695, 'z': -0.011706200428307056}, 'angular_velocity_covariance': [0.0, 0.0, 0.0, 0.0, 0.0, 0.0, 0.0, 0.0, 0.0], 'linear_acceleration': {'x': -1.072602391242981, 'y': 2.056619167327881, 'z': 9.7605619430542}, 'linear_acceleration_covariance': [0.0, 0.0, 0.0, 0.0, 0.0, 0.0, 0.0, 0.0, 0.0]}, -59.354925669106244, 4.084753751754761
{'left': 18954, 'right': 18223}, 0.001533981, {'header': {'stamp': {'sec': 1650618649, 'nanosec': 399939515}, 'frame_id': 'imu_link'}, 'orientation': {'x': 0.10712998360395432, 'y': -0.022293221205472946, 'z': -0.49520620703697205, 'w': 0.8618517518043518}, 'orientation_covariance': [0.0, 0.0, 0.0, 0.0, 0.0, 0.0, 0.0, 0.0, 0.0], 'angular_velocity': {'x': -0.029797600582242012, 'y': -0.019155599176883698, 'z': 0.005320999771356583}, 'angular_velocity_covariance': [0.0, 0.0, 0.0, 0.0, 0.0, 0.0, 0.0, 0.0, 0.0], 'linear_acceleration': {'x': -0.33279404044151306, 'y': 2.5438392162323, 'z': 9.413402557373047}, 'linear_acceleration_covariance': [0.0, 0.0, 0.0, 0.0, 0.0, 0.0, 0.0, 0.0, 0.0]}, -59.38396606570921, 4.130870819091797
{'left': 19125, 'right': 18391}, 0.001533981, {'header': {'stamp': {'sec': 1650618649, 'nanosec': 450017223}, 'frame_id': 'imu_link'}, 'orientation': {'x': 0.10702849924564362, 'y': -0.022810379043221474, 'z': -0.4953858554363251, 'w': 0.8617476224899292}, 'orientation_covariance': [0.0, 0.0, 0.0, 0.0, 0.0, 0.0, 0.0, 0.0, 0.0], 'angular_velocity': {'x': 0.01809139922261238, 'y': -0.011706200428307056, 'z': -0.01809139922261238}, 'angular_velocity_covariance': [0.0, 0.0, 0.0, 0.0, 0.0, 0.0, 0.0, 0.0, 0.0], 'linear_acceleration': {'x': -0.9115923047065735, 'y': 2.207453966140747, 'z': 10.550049781799316}, 'linear_acceleration_covariance': [0.0, 0.0, 0.0, 0.0, 0.0, 0.0, 0.0, 0.0, 0.0]}, -59.38396606570921, 4.17654824256897
{'left': 19125, 'right': 18391}, 0.001533981, {'header': {'stamp': {'sec': 1650618649, 'nanosec': 500012848}, 'frame_id': 'imu_link'}, 'orientation': {'x': 0.10875853151082993, 'y': -0.02224164456129074, 'z': -0.49565213918685913, 'w': 0.861392617225647}, 'orientation_covariance': [0.0, 0.0, 0.0, 0.0, 0.0, 0.0, 0.0, 0.0, 0.0], 'angular_velocity': {'x': -0.0063852001912891865, 'y': 0.05427420139312744, 'z': 0.0}, 'angular_velocity_covariance': [0.0, 0.0, 0.0, 0.0, 0.0, 0.0, 0.0, 0.0, 0.0], 'linear_acceleration': {'x': -0.7320271730422974, 'y': 1.9524714946746826, 'z': 10.263343811035156}, 'linear_acceleration_covariance': [0.0, 0.0, 0.0, 0.0, 0.0, 0.0, 0.0, 0.0, 0.0]}, -59.40934160739773, 4.222772121429443
{'left': 19370, 'right': 18641}, 0.001533981, {'header': {'stamp': {'sec': 1650618649, 'nanosec': 549960296}, 'frame_id': 'imu_link'}, 'orientation': {'x': 0.10640126466751099, 'y': -0.02159489318728447, 'z': -0.49551233649253845, 'w': 0.8617837429046631}, 'orientation_covariance': [0.0, 0.0, 0.0, 0.0, 0.0, 0.0, 0.0, 0.0, 0.0], 'angular_velocity': {'x': -0.01809139922261238, 'y': 0.009577799588441849, 'z': 0.017027199268341064}, 'angular_velocity_covariance': [0.0, 0.0, 0.0, 0.0, 0.0, 0.0, 0.0, 0.0, 0.0], 'linear_acceleration': {'x': -0.6883329749107361, 'y': 2.1799206733703613, 'z': 10.433930397033691}, 'linear_acceleration_covariance': [0.0, 0.0, 0.0, 0.0, 0.0, 0.0, 0.0, 0.0, 0.0]}, -59.390040017562704, 4.268595457077026
{'left': 19539, 'right': 18812}, 0.001533981, {'header': {'stamp': {'sec': 1650618649, 'nanosec': 600081129}, 'frame_id': 'imu_link'}, 'orientation': {'x': 0.108731709420681, 'y': -0.02287350594997406, 'z': -0.494587242603302, 'w': 0.8619914054870605}, 'orientation_covariance': [0.0, 0.0, 0.0, 0.0, 0.0, 0.0, 0.0, 0.0, 0.0], 'angular_velocity': {'x': -0.004256799817085266, 'y': -0.010641999542713165, 'z': 0.03405439853668213}, 'angular_velocity_covariance': [0.0, 0.0, 0.0, 0.0, 0.0, 0.0, 0.0, 0.0, 0.0], 'linear_acceleration': {'x': -0.9127894043922424, 'y': 2.2427682876586914, 'z': 10.53029727935791}, 'linear_acceleration_covariance': [0.0, 0.0, 0.0, 0.0, 0.0, 0.0, 0.0, 0.0, 0.0]}, -59.275571962099264, 4.3151562213897705
{'left': 19702, 'right': 18973}, 0.001533981, {'header': {'stamp': {'sec': 1650618649, 'nanosec': 649962692}, 'frame_id': 'imu_link'}, 'orientation': {'x': 0.10997448116540909, 'y': -0.023304663598537445, 'z': -0.49429380893707275, 'w': 0.8619904518127441}, 'orientation_covariance': [0.0, 0.0, 0.0, 0.0, 0.0, 0.0, 0.0, 0.0, 0.0], 'angular_velocity': {'x': 0.014898800291121006, 'y': -0.005320999771356583, 'z': 0.0}, 'angular_velocity_covariance': [0.0, 0.0, 0.0, 0.0, 0.0, 0.0, 0.0, 0.0, 0.0], 'linear_acceleration': {'x': -0.9810241460800171, 'y': 2.1326351165771484, 'z': 11.206659317016602}, 'linear_acceleration_covariance': [0.0, 0.0, 0.0, 0.0, 0.0, 0.0, 0.0, 0.0, 0.0]}, -59.238466230154, 4.361538648605347
{'left': 19942, 'right': 19210}, 0.001533981, {'header': {'stamp': {'sec': 1650618649, 'nanosec': 699950765}, 'frame_id': 'imu_link'}, 'orientation': {'x': 0.10942710191011429, 'y': -0.025026191025972366, 'z': -0.4941556751728058, 'w': 0.8620910048484802}, 'orientation_covariance': [0.0, 0.0, 0.0, 0.0, 0.0, 0.0, 0.0, 0.0, 0.0], 'angular_velocity': {'x': -0.02447660081088543, 'y': -0.035118598490953445, 'z': 0.008513599634170532}, 'angular_velocity_covariance': [0.0, 0.0, 0.0, 0.0, 0.0, 0.0, 0.0, 0.0, 0.0], 'linear_acceleration': {'x': -0.12868833541870117, 'y': 2.4648306369781494, 'z': 8.69873332977295}, 'linear_acceleration_covariance': [0.0, 0.0, 0.0, 0.0, 0.0, 0.0, 0.0, 0.0, 0.0]}, -59.23944336179661, 4.40845251083374
{'left': 20110, 'right': 19377}, 0.001533981, {'header': {'stamp': {'sec': 1650618649, 'nanosec': 749955348}, 'frame_id': 'imu_link'}, 'orientation': {'x': 0.10755772143602371, 'y': -0.02496812492609024, 'z': -0.49402931332588196, 'w': 0.862400472164154}, 'orientation_covariance': [0.0, 0.0, 0.0, 0.0, 0.0, 0.0, 0.0, 0.0, 0.0], 'angular_velocity': {'x': -0.0063852001912891865, 'y': 0.02128399908542633, 'z': 0.0}, 'angular_velocity_covariance': [0.0, 0.0, 0.0, 0.0, 0.0, 0.0, 0.0, 0.0, 0.0], 'linear_acceleration': {'x': -0.6272808313369751, 'y': 2.008136749267578, 'z': 9.989806175231934}, 'linear_acceleration_covariance': [0.0, 0.0, 0.0, 0.0, 0.0, 0.0, 0.0, 0.0, 0.0]}, -59.22630327931695, 4.455641984939575
{'left': 20279, 'right': 19546}, 0.001533981, {'header': {'stamp': {'sec': 1650618649, 'nanosec': 799964410}, 'frame_id': 'imu_link'}, 'orientation': {'x': 0.11111550778150558, 'y': -0.021526267752051353, 'z': -0.4947444498538971, 'w': 0.8616318106651306}, 'orientation_covariance': [0.0, 0.0, 0.0, 0.0, 0.0, 0.0, 0.0, 0.0, 0.0], 'angular_velocity': {'x': 0.023412400856614113, 'y': 0.06704460084438324, 'z': -0.007449400145560503}, 'angular_velocity_covariance': [0.0, 0.0, 0.0, 0.0, 0.0, 0.0, 0.0, 0.0, 0.0], 'linear_acceleration': {'x': -1.0767922401428223, 'y': 2.4654290676116943, 'z': 9.875483512878418}, 'linear_acceleration_covariance': [0.0, 0.0, 0.0, 0.0, 0.0, 0.0, 0.0, 0.0, 0.0]}, -59.27694989043676, 4.501962423324585
{'left': 20535, 'right': 19803}, 0.001533981, {'header': {'stamp': {'sec': 1650618649, 'nanosec': 849966494}, 'frame_id': 'imu_link'}, 'orientation': {'x': 0.10912371426820755, 'y': -0.020159736275672913, 'z': -0.4947289228439331, 'w': 0.8619282841682434}, 'orientation_covariance': [0.0, 0.0, 0.0, 0.0, 0.0, 0.0, 0.0, 0.0, 0.0], 'angular_velocity': {'x': -0.02128399908542633, 'y': -0.015962999314069748, 'z': 0.009577799588441849}, 'angular_velocity_covariance': [0.0, 0.0, 0.0, 0.0, 0.0, 0.0, 0.0, 0.0, 0.0], 'linear_acceleration': {'x': -0.9600748419761658, 'y': 1.875258445739746, 'z': 10.252570152282715}, 'linear_acceleration_covariance': [0.0, 0.0, 0.0, 0.0, 0.0, 0.0, 0.0, 0.0, 0.0]}, -59.266359845784265, 4.547982931137085
{'left': 20696, 'right': 19967}, 0.001533981, {'header': {'stamp': {'sec': 1650618649, 'nanosec': 849966494}, 'frame_id': 'imu_link'}, 'orientation': {'x': 0.10912371426820755, 'y': -0.020159736275672913, 'z': -0.4947289228439331, 'w': 0.8619282841682434}, 'orientation_covariance': [0.0, 0.0, 0.0, 0.0, 0.0, 0.0, 0.0, 0.0, 0.0], 'angular_velocity': {'x': -0.02128399908542633, 'y': -0.015962999314069748, 'z': 0.009577799588441849}, 'angular_velocity_covariance': [0.0, 0.0, 0.0, 0.0, 0.0, 0.0, 0.0, 0.0, 0.0], 'linear_acceleration': {'x': -0.9600748419761658, 'y': 1.875258445739746, 'z': 10.252570152282715}, 'linear_acceleration_covariance': [0.0, 0.0, 0.0, 0.0, 0.0, 0.0, 0.0, 0.0, 0.0]}, -59.32868926856585, 4.594963788986206
{'left': 20696, 'right': 19967}, 0.001533981, {'header': {'stamp': {'sec': 1650618649, 'nanosec': 949972848}, 'frame_id': 'imu_link'}, 'orientation': {'x': 0.10979577898979187, 'y': -0.0234663262963295, 'z': -0.4947453439235687, 'w': 0.8617498278617859}, 'orientation_covariance': [0.0, 0.0, 0.0, 0.0, 0.0, 0.0, 0.0, 0.0, 0.0], 'angular_velocity': {'x': -0.0063852001912891865, 'y': 0.0, 'z': 0.008513599634170532}, 'angular_velocity_covariance': [0.0, 0.0, 0.0, 0.0, 0.0, 0.0, 0.0, 0.0, 0.0], 'linear_acceleration': {'x': -0.4710591733455658, 'y': 2.2661118507385254, 'z': 8.725069046020508}, 'linear_acceleration_covariance': [0.0, 0.0, 0.0, 0.0, 0.0, 0.0, 0.0, 0.0, 0.0]}, -59.2999599092026, 4.641523122787476
{'left': 21112, 'right': 20380}, 0.001533981, {'header': {'stamp': {'sec': 1650618649, 'nanosec': 949972848}, 'frame_id': 'imu_link'}, 'orientation': {'x': 0.10979577898979187, 'y': -0.0234663262963295, 'z': -0.4947453439235687, 'w': 0.8617498278617859}, 'orientation_covariance': [0.0, 0.0, 0.0, 0.0, 0.0, 0.0, 0.0, 0.0, 0.0], 'angular_velocity': {'x': -0.0063852001912891865, 'y': 0.0, 'z': 0.008513599634170532}, 'angular_velocity_covariance': [0.0, 0.0, 0.0, 0.0, 0.0, 0.0, 0.0, 0.0, 0.0], 'linear_acceleration': {'x': -0.4710591733455658, 'y': 2.2661118507385254, 'z': 8.725069046020508}, 'linear_acceleration_covariance': [0.0, 0.0, 0.0, 0.0, 0.0, 0.0, 0.0, 0.0, 0.0]}, -59.323286167375194, 4.6874001026153564
{'left': 21112, 'right': 20380}, 0.001533981, {'header': {'stamp': {'sec': 1650618650, 'nanosec': 98108}, 'frame_id': 'imu_link'}, 'orientation': {'x': 0.10935038328170776, 'y': -0.023487761616706848, 'z': -0.49491310119628906, 'w': 0.861709475517273}, 'orientation_covariance': [0.0, 0.0, 0.0, 0.0, 0.0, 0.0, 0.0, 0.0, 0.0], 'angular_velocity': {'x': -0.017027199268341064, 'y': -0.03618279844522476, 'z': -0.012770400382578373}, 'angular_velocity_covariance': [0.0, 0.0, 0.0, 0.0, 0.0, 0.0, 0.0, 0.0, 0.0], 'linear_acceleration': {'x': -0.6099228858947754, 'y': 2.3774423599243164, 'z': 9.173383712768555}, 'linear_acceleration_covariance': [0.0, 0.0, 0.0, 0.0, 0.0, 0.0, 0.0, 0.0, 0.0]}, -59.323286167375194, 4.732281684875488
{'left': 21282, 'right': 20551}, 0.001533981, {'header': {'stamp': {'sec': 1650618650, 'nanosec': 49981806}, 'frame_id': 'imu_link'}, 'orientation': {'x': 0.10904496163129807, 'y': -0.023565635085105896, 'z': -0.49452126026153564, 'w': 0.8619710803031921}, 'orientation_covariance': [0.0, 0.0, 0.0, 0.0, 0.0, 0.0, 0.0, 0.0, 0.0], 'angular_velocity': {'x': 0.012770400382578373, 'y': 0.03405439853668213, 'z': 0.010641999542713165}, 'angular_velocity_covariance': [0.0, 0.0, 0.0, 0.0, 0.0, 0.0, 0.0, 0.0, 0.0], 'linear_acceleration': {'x': -1.0450689792633057, 'y': 1.9955670833587646, 'z': 11.159374237060547}, 'linear_acceleration_covariance': [0.0, 0.0, 0.0, 0.0, 0.0, 0.0, 0.0, 0.0, 0.0]}, -59.26964575909851, 4.77849268913269
{'left': 21524, 'right': 20796}, 0.001533981, {'header': {'stamp': {'sec': 1650618650, 'nanosec': 99971285}, 'frame_id': 'imu_link'}, 'orientation': {'x': 0.1104598268866539, 'y': -0.02196497842669487, 'z': -0.4946431815624237, 'w': 0.8617631196975708}, 'orientation_covariance': [0.0, 0.0, 0.0, 0.0, 0.0, 0.0, 0.0, 0.0, 0.0], 'angular_velocity': {'x': 0.02447660081088543, 'y': 0.01809139922261238, 'z': -0.007449400145560503}, 'angular_velocity_covariance': [0.0, 0.0, 0.0, 0.0, 0.0, 0.0, 0.0, 0.0, 0.0], 'linear_acceleration': {'x': -0.8846575021743774, 'y': 1.985990285873413, 'z': 11.270105361938477}, 'linear_acceleration_covariance': [0.0, 0.0, 0.0, 0.0, 0.0, 0.0, 0.0, 0.0, 0.0]}, -59.26571778833651, 4.825402021408081
{'left': 21867, 'right': 21139}, 0.001533981, {'header': {'stamp': {'sec': 1650618650, 'nanosec': 149959827}, 'frame_id': 'imu_link'}, 'orientation': {'x': 0.10943587869405746, 'y': -0.021499155089259148, 'z': -0.4946298599243164, 'w': 0.86191326379776}, 'orientation_covariance': [0.0, 0.0, 0.0, 0.0, 0.0, 0.0, 0.0, 0.0, 0.0], 'angular_velocity': {'x': -0.03618279844522476, 'y': -0.022348200902342796, 'z': 0.008513599634170532}, 'angular_velocity_covariance': [0.0, 0.0, 0.0, 0.0, 0.0, 0.0, 0.0, 0.0, 0.0], 'linear_acceleration': {'x': -0.933738648891449, 'y': 2.0195090770721436, 'z': 10.262146949768066}, 'linear_acceleration_covariance': [0.0, 0.0, 0.0, 0.0, 0.0, 0.0, 0.0, 0.0, 0.0]}, -59.26571778833651, 4.872330665588379
{'left': 21867, 'right': 21139}, 0.001533981, {'header': {'stamp': {'sec': 1650618650, 'nanosec': 199995816}, 'frame_id': 'imu_link'}, 'orientation': {'x': 0.10870552062988281, 'y': -0.01942792721092701, 'z': -0.4950028359889984, 'w': 0.8618406653404236}, 'orientation_covariance': [0.0, 0.0, 0.0, 0.0, 0.0, 0.0, 0.0, 0.0, 0.0], 'angular_velocity': {'x': 0.05108160153031349, 'y': 0.041503798216581345, 'z': -0.019155599176883698}, 'angular_velocity_covariance': [0.0, 0.0, 0.0, 0.0, 0.0, 0.0, 0.0, 0.0, 0.0], 'linear_acceleration': {'x': -1.2665326595306396, 'y': 1.889025092124939, 'z': 11.086949348449707}, 'linear_acceleration_covariance': [0.0, 0.0, 0.0, 0.0, 0.0, 0.0, 0.0, 0.0, 0.0]}, -59.29642561146646, 4.9176247119903564
{'left': 22282, 'right': 21554}, 0.001533981, {'header': {'stamp': {'sec': 1650618650, 'nanosec': 249949671}, 'frame_id': 'imu_link'}, 'orientation': {'x': 0.1091328039765358, 'y': -0.0166928730905056, 'z': -0.49542325735092163, 'w': 0.8616023063659668}, 'orientation_covariance': [0.0, 0.0, 0.0, 0.0, 0.0, 0.0, 0.0, 0.0, 0.0], 'angular_velocity': {'x': -0.004256799817085266, 'y': 0.03724699839949608, 'z': -0.010641999542713165}, 'angular_velocity_covariance': [0.0, 0.0, 0.0, 0.0, 0.0, 0.0, 0.0, 0.0, 0.0], 'linear_acceleration': {'x': -1.0444704294204712, 'y': 2.1481974124908447, 'z': 10.034697532653809}, 'linear_acceleration_covariance': [0.0, 0.0, 0.0, 0.0, 0.0, 0.0, 0.0, 0.0, 0.0]}, -59.32512151983057, 4.96419620513916
{'left': 22282, 'right': 21554}, 0.001533981, {'header': {'stamp': {'sec': 1650618650, 'nanosec': 299952119}, 'frame_id': 'imu_link'}, 'orientation': {'x': 0.11003409326076508, 'y': -0.01990823820233345, 'z': -0.494829386472702, 'w': 0.8617607355117798}, 'orientation_covariance': [0.0, 0.0, 0.0, 0.0, 0.0, 0.0, 0.0, 0.0, 0.0], 'angular_velocity': {'x': -0.008513599634170532, 'y': -0.026605000719428062, 'z': 0.025540800765156746}, 'angular_velocity_covariance': [0.0, 0.0, 0.0, 0.0, 0.0, 0.0, 0.0, 0.0, 0.0], 'linear_acceleration': {'x': -0.4824316203594208, 'y': 2.2637176513671875, 'z': 9.054271697998047}, 'linear_acceleration_covariance': [0.0, 0.0, 0.0, 0.0, 0.0, 0.0, 0.0, 0.0, 0.0]}, -59.27485301313108, 5.011418342590332
