{'left': 23465, 'right': 22739}, 0.001533981, {'header': {'stamp': {'sec': 1650618710, 'nanosec': 199955325}, 'frame_id': 'imu_link'}, 'orientation': {'x': 0.013579659163951874, 'y': -0.0014849099097773433, 'z': -0.0695350393652916, 'w': 0.9974817037582397}, 'orientation_covariance': [0.0, 0.0, 0.0, 0.0, 0.0, 0.0, 0.0, 0.0, 0.0], 'angular_velocity': {'x': 0.0, 'y': 0.0, 'z': 0.0}, 'angular_velocity_covariance': [0.0, 0.0, 0.0, 0.0, 0.0, 0.0, 0.0, 0.0, 0.0], 'linear_acceleration': {'x': 0.14903905987739563, 'y': 0.29388824105262756, 'z': 10.141838073730469}, 'linear_acceleration_covariance': [0.0, 0.0, 0.0, 0.0, 0.0, 0.0, 0.0, 0.0, 0.0]}, -7.9761153294057054, 0.0
{'left': 23465, 'right': 22739}, 0.001533981, {'header': {'stamp': {'sec': 1650618710, 'nanosec': 250011158}, 'frame_id': 'imu_link'}, 'orientation': {'x': 0.013476986438035965, 'y': -0.002526267198845744, 'z': -0.06952109187841415, 'w': 0.9974818825721741}, 'orientation_covariance': [0.0, 0.0, 0.0, 0.0, 0.0, 0.0, 0.0, 0.0, 0.0], 'angular_velocity': {'x': 0.0, 'y': 0.0, 'z': 0.0}, 'angular_velocity_covariance': [0.0, 0.0, 0.0, 0.0, 0.0, 0.0, 0.0, 0.0, 0.0], 'linear_acceleration': {'x': 0.05985504016280174, 'y': 0.2926911413669586, 'z': 10.202291488647461}, 'linear_acceleration_covariance': [0.0, 0.0, 0.0, 0.0, 0.0, 0.0, 0.0, 0.0, 0.0]}, -7.976148862395451, 0.04521298408508301
{'left': 23465, 'right': 22739}, 0.001533981, {'header': {'stamp': {'sec': 1650618710, 'nanosec': 299964127}, 'frame_id': 'imu_link'}, 'orientation': {'x': 0.013531006872653961, 'y': -0.00455652317032218, 'z': -0.06949654221534729, 'w': 0.9974757432937622}, 'orientation_covariance': [0.0, 0.0, 0.0, 0.0, 0.0, 0.0, 0.0, 0.0, 0.0], 'angular_velocity': {'x': 0.0, 'y': 0.0, 'z': 0.0}, 'angular_velocity_covariance': [0.0, 0.0, 0.0, 0.0, 0.0, 0.0, 0.0, 0.0, 0.0], 'linear_acceleration': {'x': -0.06703764945268631, 'y': 0.29867666959762573, 'z': 10.07779312133789}, 'linear_acceleration_covariance': [0.0, 0.0, 0.0, 0.0, 0.0, 0.0, 0.0, 0.0, 0.0]}, -7.976628912124215, 0.09163427352905273
{'left': 23465, 'right': 22739}, 0.001533981, {'header': {'stamp': {'sec': 1650618710, 'nanosec': 349948919}, 'frame_id': 'imu_link'}, 'orientation': {'x': 0.013181575573980808, 'y': -0.00376774650067091, 'z': -0.06948459893465042, 'w': 0.9974845051765442}, 'orientation_covariance': [0.0, 0.0, 0.0, 0.0, 0.0, 0.0, 0.0, 0.0, 0.0], 'angular_velocity': {'x': 0.0, 'y': -0.008513599634170532, 'z': 0.008513599634170532}, 'angular_velocity_covariance': [0.0, 0.0, 0.0, 0.0, 0.0, 0.0, 0.0, 0.0, 0.0], 'linear_acceleration': {'x': 1.4862006902694702, 'y': 0.25318682193756104, 'z': 10.316615104675293}, 'linear_acceleration_covariance': [0.0, 0.0, 0.0, 0.0, 0.0, 0.0, 0.0, 0.0, 0.0]}, -7.973854610808139, 0.13714814186096191
{'left': 23465, 'right': 22739}, 0.001533981, {'header': {'stamp': {'sec': 1650618710, 'nanosec': 349948919}, 'frame_id': 'imu_link'}, 'orientation': {'x': 0.013181575573980808, 'y': -0.00376774650067091, 'z': -0.06948459893465042, 'w': 0.9974845051765442}, 'orientation_covariance': [0.0, 0.0, 0.0, 0.0, 0.0, 0.0, 0.0, 0.0, 0.0], 'angular_velocity': {'x': 0.0, 'y': -0.008513599634170532, 'z': 0.008513599634170532}, 'angular_velocity_covariance': [0.0, 0.0, 0.0, 0.0, 0.0, 0.0, 0.0, 0.0, 0.0], 'linear_acceleration': {'x': 1.4862006902694702, 'y': 0.25318682193756104, 'z': 10.316615104675293}, 'linear_acceleration_covariance': [0.0, 0.0, 0.0, 0.0, 0.0, 0.0, 0.0, 0.0, 0.0]}, -7.642982609204984, 0.18304109573364258
{'left': 23526, 'right': 22799}, 0.001533981, {'header': {'stamp': {'sec': 1650618710, 'nanosec': 400019127}, 'frame_id': 'imu_link'}, 'orientation': {'x': 0.013693105429410934, 'y': -0.0068905893713235855, 'z': -0.06655659526586533, 'w': 0.9976605176925659}, 'orientation_covariance': [0.0, 0.0, 0.0, 0.0, 0.0, 0.0, 0.0, 0.0, 0.0], 'angular_velocity': {'x': -0.02766920067369938, 'y': 0.05214580148458481, 'z': 0.27988460659980774}, 'angular_velocity_covariance': [0.0, 0.0, 0.0, 0.0, 0.0, 0.0, 0.0, 0.0, 0.0], 'linear_acceleration': {'x': 1.1450269222259521, 'y': -0.08319851011037827, 'z': 10.159794807434082}, 'linear_acceleration_covariance': [0.0, 0.0, 0.0, 0.0, 0.0, 0.0, 0.0, 0.0, 0.0]}, -7.2240339388310915, 0.22908544540405273
{'left': 23526, 'right': 22799}, 0.001533981, {'header': {'stamp': {'sec': 1650618710, 'nanosec': 449978189}, 'frame_id': 'imu_link'}, 'orientation': {'x': 0.01264654379338026, 'y': -0.010978278703987598, 'z': -0.0628562644124031, 'w': 0.9978777766227722}, 'orientation_covariance': [0.0, 0.0, 0.0, 0.0, 0.0, 0.0, 0.0, 0.0, 0.0], 'angular_velocity': {'x': -0.009577799588441849, 'y': -0.07981500029563904, 'z': 0.07449399679899216}, 'angular_velocity_covariance': [0.0, 0.0, 0.0, 0.0, 0.0, 0.0, 0.0, 0.0, 0.0], 'linear_acceleration': {'x': 0.8122329115867615, 'y': 0.13706804811954498, 'z': 10.333972930908203}, 'linear_acceleration_covariance': [0.0, 0.0, 0.0, 0.0, 0.0, 0.0, 0.0, 0.0, 0.0]}, -7.2240339388310915, 0.2751448154449463
{'left': 23622, 'right': 22893}, 0.001533981, {'header': {'stamp': {'sec': 1650618710, 'nanosec': 499943033}, 'frame_id': 'imu_link'}, 'orientation': {'x': 0.014477573335170746, 'y': -0.016718659549951553, 'z': -0.06214575469493866, 'w': 0.9978177547454834}, 'orientation_covariance': [0.0, 0.0, 0.0, 0.0, 0.0, 0.0, 0.0, 0.0, 0.0], 'angular_velocity': {'x': 0.0, 'y': 0.059595201164484024, 'z': 0.0}, 'angular_velocity_covariance': [0.0, 0.0, 0.0, 0.0, 0.0, 0.0, 0.0, 0.0, 0.0], 'linear_acceleration': {'x': 0.702099621295929, 'y': 0.7493851184844971, 'z': 10.828973770141602}, 'linear_acceleration_covariance': [0.0, 0.0, 0.0, 0.0, 0.0, 0.0, 0.0, 0.0, 0.0]}, -7.155719272178739, 0.32198190689086914
{'left': 23622, 'right': 22893}, 0.001533981, {'header': {'stamp': {'sec': 1650618710, 'nanosec': 549980950}, 'frame_id': 'imu_link'}, 'orientation': {'x': 0.013324577361345291, 'y': -0.015791524201631546, 'z': -0.06271403282880783, 'w': 0.9978132247924805}, 'orientation_covariance': [0.0, 0.0, 0.0, 0.0, 0.0, 0.0, 0.0, 0.0, 0.0], 'angular_velocity': {'x': 0.025540800765156746, 'y': -0.09258539974689484, 'z': -0.046824801713228226}, 'angular_velocity_covariance': [0.0, 0.0, 0.0, 0.0, 0.0, 0.0, 0.0, 0.0, 0.0], 'linear_acceleration': {'x': 0.6099228858947754, 'y': -0.4878185987472534, 'z': 10.214262962341309}, 'linear_acceleration_covariance': [0.0, 0.0, 0.0, 0.0, 0.0, 0.0, 0.0, 0.0, 0.0]}, -6.950469307204383, 0.36803698539733887
{'left': 24119, 'right': 23392}, 0.001533981, {'header': {'stamp': {'sec': 1650618710, 'nanosec': 599985637}, 'frame_id': 'imu_link'}, 'orientation': {'x': 0.01418225560337305, 'y': -0.017766907811164856, 'z': -0.06034505367279053, 'w': 0.9979142546653748}, 'orientation_covariance': [0.0, 0.0, 0.0, 0.0, 0.0, 0.0, 0.0, 0.0, 0.0], 'angular_velocity': {'x': 0.009577799588441849, 'y': -0.08194340020418167, 'z': -0.0713014006614685}, 'angular_velocity_covariance': [0.0, 0.0, 0.0, 0.0, 0.0, 0.0, 0.0, 0.0, 0.0], 'linear_acceleration': {'x': -0.4554968774318695, 'y': -1.334767460823059, 'z': 9.007585525512695}, 'linear_acceleration_covariance': [0.0, 0.0, 0.0, 0.0, 0.0, 0.0, 0.0, 0.0, 0.0]}, -6.950469307204383, 0.4143686294555664
{'left': 24363, 'right': 23635}, 0.001533981, {'header': {'stamp': {'sec': 1650618710, 'nanosec': 649948398}, 'frame_id': 'imu_link'}, 'orientation': {'x': 0.015011219307780266, 'y': -0.019932419061660767, 'z': -0.06092480197548866, 'w': 0.9978261590003967}, 'orientation_covariance': [0.0, 0.0, 0.0, 0.0, 0.0, 0.0, 0.0, 0.0, 0.0], 'angular_velocity': {'x': 0.017027199268341064, 'y': 0.06065940111875534, 'z': 0.02447660081088543}, 'angular_velocity_covariance': [0.0, 0.0, 0.0, 0.0, 0.0, 0.0, 0.0, 0.0, 0.0], 'linear_acceleration': {'x': 1.357512354850769, 'y': 0.8301894068717957, 'z': 11.443086624145508}, 'linear_acceleration_covariance': [0.0, 0.0, 0.0, 0.0, 0.0, 0.0, 0.0, 0.0, 0.0]}, -7.023199659335737, 0.4592118263244629
{'left': 24363, 'right': 23635}, 0.001533981, {'header': {'stamp': {'sec': 1650618710, 'nanosec': 649948398}, 'frame_id': 'imu_link'}, 'orientation': {'x': 0.015011219307780266, 'y': -0.019932419061660767, 'z': -0.06092480197548866, 'w': 0.9978261590003967}, 'orientation_covariance': [0.0, 0.0, 0.0, 0.0, 0.0, 0.0, 0.0, 0.0, 0.0], 'angular_velocity': {'x': 0.017027199268341064, 'y': 0.06065940111875534, 'z': 0.02447660081088543}, 'angular_velocity_covariance': [0.0, 0.0, 0.0, 0.0, 0.0, 0.0, 0.0, 0.0, 0.0], 'linear_acceleration': {'x': 1.357512354850769, 'y': 0.8301894068717957, 'z': 11.443086624145508}, 'linear_acceleration_covariance': [0.0, 0.0, 0.0, 0.0, 0.0, 0.0, 0.0, 0.0, 0.0]}, -6.938491401553563, 0.5043137073516846
{'left': 24536, 'right': 23805}, 0.001533981, {'header': {'stamp': {'sec': 1650618710, 'nanosec': 749959023}, 'frame_id': 'imu_link'}, 'orientation': {'x': 0.012176341377198696, 'y': -0.02054661326110363, 'z': -0.05842861160635948, 'w': 0.9980015754699707}, 'orientation_covariance': [0.0, 0.0, 0.0, 0.0, 0.0, 0.0, 0.0, 0.0, 0.0], 'angular_velocity': {'x': 0.053210001438856125, 'y': -0.05533840134739876, 'z': -0.031925998628139496}, 'angular_velocity_covariance': [0.0, 0.0, 0.0, 0.0, 0.0, 0.0, 0.0, 0.0, 0.0], 'linear_acceleration': {'x': 1.0720038414001465, 'y': 0.3824737071990967, 'z': 9.582193374633789}, 'linear_acceleration_covariance': [0.0, 0.0, 0.0, 0.0, 0.0, 0.0, 0.0, 0.0, 0.0]}, -6.731454431743764, 0.5512528419494629
{'left': 24785, 'right': 24060}, 0.001533981, {'header': {'stamp': {'sec': 1650618710, 'nanosec': 799989491}, 'frame_id': 'imu_link'}, 'orientation': {'x': 0.010649709030985832, 'y': -0.02015743963420391, 'z': -0.05664490908384323, 'w': 0.998129665851593}, 'orientation_covariance': [0.0, 0.0, 0.0, 0.0, 0.0, 0.0, 0.0, 0.0, 0.0], 'angular_velocity': {'x': -0.028733400627970695, 'y': -0.08194340020418167, 'z': 0.07023719698190689}, 'angular_velocity_covariance': [0.0, 0.0, 0.0, 0.0, 0.0, 0.0, 0.0, 0.0, 0.0], 'linear_acceleration': {'x': -0.4902127981185913, 'y': -1.049258828163147, 'z': 8.570643424987793}, 'linear_acceleration_covariance': [0.0, 0.0, 0.0, 0.0, 0.0, 0.0, 0.0, 0.0, 0.0]}, -6.522526802600011, 0.5979952812194824
{'left': 24949, 'right': 24229}, 0.001533981, {'header': {'stamp': {'sec': 1650618710, 'nanosec': 849964335}, 'frame_id': 'imu_link'}, 'orientation': {'x': 0.013928228057920933, 'y': -0.022388000041246414, 'z': -0.056313175708055496, 'w': 0.9980606436729431}, 'orientation_covariance': [0.0, 0.0, 0.0, 0.0, 0.0, 0.0, 0.0, 0.0, 0.0], 'angular_velocity': {'x': -0.03618279844522476, 'y': 0.01383460033684969, 'z': 0.1351533979177475}, 'angular_velocity_covariance': [0.0, 0.0, 0.0, 0.0, 0.0, 0.0, 0.0, 0.0, 0.0], 'linear_acceleration': {'x': 1.191115379333496, 'y': 1.4401123523712158, 'z': 9.901819229125977}, 'linear_acceleration_covariance': [0.0, 0.0, 0.0, 0.0, 0.0, 0.0, 0.0, 0.0, 0.0]}, -6.496171153681115, 0.6437253952026367
{'left': 25120, 'right': 24401}, 0.001533981, {'header': {'stamp': {'sec': 1650618710, 'nanosec': 899942616}, 'frame_id': 'imu_link'}, 'orientation': {'x': 0.012965907342731953, 'y': -0.02105645276606083, 'z': -0.05551889166235924, 'w': 0.9981471300125122}, 'orientation_covariance': [0.0, 0.0, 0.0, 0.0, 0.0, 0.0, 0.0, 0.0, 0.0], 'angular_velocity': {'x': -0.03618279844522476, 'y': 0.017027199268341064, 'z': 0.0904569998383522}, 'angular_velocity_covariance': [0.0, 0.0, 0.0, 0.0, 0.0, 0.0, 0.0, 0.0, 0.0], 'linear_acceleration': {'x': 1.1719616651535034, 'y': 1.028908133506775, 'z': 9.547477722167969}, 'linear_acceleration_covariance': [0.0, 0.0, 0.0, 0.0, 0.0, 0.0, 0.0, 0.0, 0.0]}, -6.400059879016835, 0.6894609928131104
{'left': 25377, 'right': 24656}, 0.001533981, {'header': {'stamp': {'sec': 1650618710, 'nanosec': 949978293}, 'frame_id': 'imu_link'}, 'orientation': {'x': 0.012214289046823978, 'y': -0.019534412771463394, 'z': -0.05568148195743561, 'w': 0.9981784820556641}, 'orientation_covariance': [0.0, 0.0, 0.0, 0.0, 0.0, 0.0, 0.0, 0.0, 0.0], 'angular_velocity': {'x': 0.06704460084438324, 'y': 0.009577799588441849, 'z': -0.07555820047855377}, 'angular_velocity_covariance': [0.0, 0.0, 0.0, 0.0, 0.0, 0.0, 0.0, 0.0, 0.0], 'linear_acceleration': {'x': 0.30945056676864624, 'y': 0.8984241485595703, 'z': 9.296086311340332}, 'linear_acceleration_covariance': [0.0, 0.0, 0.0, 0.0, 0.0, 0.0, 0.0, 0.0, 0.0]}, -6.41427226524411, 0.7366211414337158
{'left': 25549, 'right': 24825}, 0.001533981, {'header': {'stamp': {'sec': 1650618710, 'nanosec': 999979335}, 'frame_id': 'imu_link'}, 'orientation': {'x': 0.010820945724844933, 'y': -0.019865041598677635, 'z': -0.05436886474490166, 'w': 0.9982603192329407}, 'orientation_covariance': [0.0, 0.0, 0.0, 0.0, 0.0, 0.0, 0.0, 0.0, 0.0], 'angular_velocity': {'x': -0.023412400856614113, 'y': -0.0649162009358406, 'z': 0.053210001438856125}, 'angular_velocity_covariance': [0.0, 0.0, 0.0, 0.0, 0.0, 0.0, 0.0, 0.0, 0.0], 'linear_acceleration': {'x': -0.2974795699119568, 'y': -1.3593080043792725, 'z': 8.80168342590332}, 'linear_acceleration_covariance': [0.0, 0.0, 0.0, 0.0, 0.0, 0.0, 0.0, 0.0, 0.0]}, -6.261089724629799, 0.7832686901092529
{'left': 25721, 'right': 25000}, 0.001533981, {'header': {'stamp': {'sec': 1650618710, 'nanosec': 999979335}, 'frame_id': 'imu_link'}, 'orientation': {'x': 0.010820945724844933, 'y': -0.019865041598677635, 'z': -0.05436886474490166, 'w': 0.9982603192329407}, 'orientation_covariance': [0.0, 0.0, 0.0, 0.0, 0.0, 0.0, 0.0, 0.0, 0.0], 'angular_velocity': {'x': -0.023412400856614113, 'y': -0.0649162009358406, 'z': 0.053210001438856125}, 'angular_velocity_covariance': [0.0, 0.0, 0.0, 0.0, 0.0, 0.0, 0.0, 0.0, 0.0], 'linear_acceleration': {'x': -0.2974795699119568, 'y': -1.3593080043792725, 'z': 8.80168342590332}, 'linear_acceleration_covariance': [0.0, 0.0, 0.0, 0.0, 0.0, 0.0, 0.0, 0.0, 0.0]}, -6.204786782247798, 0.8291075229644775
{'left': 25978, 'right': 25255}, 0.001533981, {'header': {'stamp': {'sec': 1650618711, 'nanosec': 99998293}, 'frame_id': 'imu_link'}, 'orientation': {'x': 0.013251585885882378, 'y': -0.020493699237704277, 'z': -0.05424445495009422, 'w': 0.9982250928878784}, 'orientation_covariance': [0.0, 0.0, 0.0, 0.0, 0.0, 0.0, 0.0, 0.0, 0.0], 'angular_velocity': {'x': -0.06385199725627899, 'y': 0.015962999314069748, 'z': 0.08087919652462006}, 'angular_velocity_covariance': [0.0, 0.0, 0.0, 0.0, 0.0, 0.0, 0.0, 0.0, 0.0], 'linear_acceleration': {'x': 0.9876081943511963, 'y': 1.8471266031265259, 'z': 8.938153266906738}, 'linear_acceleration_covariance': [0.0, 0.0, 0.0, 0.0, 0.0, 0.0, 0.0, 0.0, 0.0]}, -6.253316549189979, 0.8763563632965088
{'left': 26150, 'right': 25429}, 0.001533981, {'header': {'stamp': {'sec': 1650618711, 'nanosec': 99998293}, 'frame_id': 'imu_link'}, 'orientation': {'x': 0.013251585885882378, 'y': -0.020493699237704277, 'z': -0.05424445495009422, 'w': 0.9982250928878784}, 'orientation_covariance': [0.0, 0.0, 0.0, 0.0, 0.0, 0.0, 0.0, 0.0, 0.0], 'angular_velocity': {'x': -0.06385199725627899, 'y': 0.015962999314069748, 'z': 0.08087919652462006}, 'angular_velocity_covariance': [0.0, 0.0, 0.0, 0.0, 0.0, 0.0, 0.0, 0.0, 0.0], 'linear_acceleration': {'x': 0.9876081943511963, 'y': 1.8471266031265259, 'z': 8.938153266906738}, 'linear_acceleration_covariance': [0.0, 0.0, 0.0, 0.0, 0.0, 0.0, 0.0, 0.0, 0.0]}, -6.260116015485998, 0.9227619171142578
{'left': 26322, 'right': 25594}, 0.001533981, {'header': {'stamp': {'sec': 1650618711, 'nanosec': 149970168}, 'frame_id': 'imu_link'}, 'orientation': {'x': 0.012092732824385166, 'y': -0.01798965036869049, 'z': -0.054364416748285294, 'w': 0.9982815384864807}, 'orientation_covariance': [0.0, 0.0, 0.0, 0.0, 0.0, 0.0, 0.0, 0.0, 0.0], 'angular_velocity': {'x': 0.05746680125594139, 'y': -0.03405439853668213, 'z': -0.07662239670753479}, 'angular_velocity_covariance': [0.0, 0.0, 0.0, 0.0, 0.0, 0.0, 0.0, 0.0, 0.0], 'linear_acceleration': {'x': 0.02274491637945175, 'y': 0.2711433470249176, 'z': 10.08198356628418}, 'linear_acceleration_covariance': [0.0, 0.0, 0.0, 0.0, 0.0, 0.0, 0.0, 0.0, 0.0]}, -6.260116015485998, 0.9688625335693359
{'left': 26573, 'right': 25838}, 0.001533981, {'header': {'stamp': {'sec': 1650618711, 'nanosec': 199946783}, 'frame_id': 'imu_link'}, 'orientation': {'x': 0.010085266083478928, 'y': -0.018869243562221527, 'z': -0.05408833920955658, 'w': 0.9983025789260864}, 'orientation_covariance': [0.0, 0.0, 0.0, 0.0, 0.0, 0.0, 0.0, 0.0, 0.0], 'angular_velocity': {'x': 0.025540800765156746, 'y': -0.059595201164484024, 'z': -0.09364960342645645}, 'angular_velocity_covariance': [0.0, 0.0, 0.0, 0.0, 0.0, 0.0, 0.0, 0.0, 0.0], 'linear_acceleration': {'x': 0.4207809269428253, 'y': -0.32680851221084595, 'z': 10.146626472473145}, 'linear_acceleration_covariance': [0.0, 0.0, 0.0, 0.0, 0.0, 0.0, 0.0, 0.0, 0.0]}, -6.152107397524963, 1.014561414718628
{'left': 26573, 'right': 25838}, 0.001533981, {'header': {'stamp': {'sec': 1650618711, 'nanosec': 249973866}, 'frame_id': 'imu_link'}, 'orientation': {'x': 0.010025354102253914, 'y': -0.016320640221238136, 'z': -0.053480517119169235, 'w': 0.9983807802200317}, 'orientation_covariance': [0.0, 0.0, 0.0, 0.0, 0.0, 0.0, 0.0, 0.0, 0.0], 'angular_velocity': {'x': -0.06065940111875534, 'y': -0.06810879707336426, 'z': 0.023412400856614113}, 'angular_velocity_covariance': [0.0, 0.0, 0.0, 0.0, 0.0, 0.0, 0.0, 0.0, 0.0], 'linear_acceleration': {'x': -0.833182156085968, 'y': -0.5482721924781799, 'z': 9.206902503967285}, 'linear_acceleration_covariance': [0.0, 0.0, 0.0, 0.0, 0.0, 0.0, 0.0, 0.0, 0.0]}, -6.152107397524963, 1.0618987083435059
{'left': 26738, 'right': 26006}, 0.001533981, {'header': {'stamp': {'sec': 1650618711, 'nanosec': 300024699}, 'frame_id': 'imu_link'}, 'orientation': {'x': 0.011055241338908672, 'y': -0.014786537736654282, 'z': -0.0537191666662693, 'w': 0.9983810782432556}, 'orientation_covariance': [0.0, 0.0, 0.0, 0.0, 0.0, 0.0, 0.0, 0.0, 0.0], 'angular_velocity': {'x': -0.03937539830803871, 'y': 0.038311198353767395, 'z': 0.1479237973690033}, 'angular_velocity_covariance': [0.0, 0.0, 0.0, 0.0, 0.0, 0.0, 0.0, 0.0, 0.0], 'linear_acceleration': {'x': 1.0588356256484985, 'y': 0.518943190574646, 'z': 9.643245697021484}, 'linear_acceleration_covariance': [0.0, 0.0, 0.0, 0.0, 0.0, 0.0, 0.0, 0.0, 0.0]}, -6.178976587669056, 1.107234001159668
{'left': 26904, 'right': 26173}, 0.001533981, {'header': {'stamp': {'sec': 1650618711, 'nanosec': 300024699}, 'frame_id': 'imu_link'}, 'orientation': {'x': 0.011055241338908672, 'y': -0.014786537736654282, 'z': -0.0537191666662693, 'w': 0.9983810782432556}, 'orientation_covariance': [0.0, 0.0, 0.0, 0.0, 0.0, 0.0, 0.0, 0.0, 0.0], 'angular_velocity': {'x': -0.03937539830803871, 'y': 0.038311198353767395, 'z': 0.1479237973690033}, 'angular_velocity_covariance': [0.0, 0.0, 0.0, 0.0, 0.0, 0.0, 0.0, 0.0, 0.0], 'linear_acceleration': {'x': 1.0588356256484985, 'y': 0.518943190574646, 'z': 9.643245697021484}, 'linear_acceleration_covariance': [0.0, 0.0, 0.0, 0.0, 0.0, 0.0, 0.0, 0.0, 0.0]}, -6.01184111100282, 1.153825283050537
{'left': 27161, 'right': 26431}, 0.001533981, {'header': {'stamp': {'sec': 1650618711, 'nanosec': 400012408}, 'frame_id': 'imu_link'}, 'orientation': {'x': 0.009974694810807705, 'y': -0.012054326012730598, 'z': -0.05187326669692993, 'w': 0.9985266327857971}, 'orientation_covariance': [0.0, 0.0, 0.0, 0.0, 0.0, 0.0, 0.0, 0.0, 0.0], 'angular_velocity': {'x': 0.053210001438856125, 'y': 0.012770400382578373, 'z': -0.07662239670753479}, 'angular_velocity_covariance': [0.0, 0.0, 0.0, 0.0, 0.0, 0.0, 0.0, 0.0, 0.0], 'linear_acceleration': {'x': 0.08080430328845978, 'y': 0.06823474913835526, 'z': 9.238625526428223}, 'linear_acceleration_covariance': [0.0, 0.0, 0.0, 0.0, 0.0, 0.0, 0.0, 0.0, 0.0]}, -5.961589637647227, 1.2001917362213135
{'left': 27333, 'right': 26601}, 0.001533981, {'header': {'stamp': {'sec': 1650618711, 'nanosec': 400012408}, 'frame_id': 'imu_link'}, 'orientation': {'x': 0.009974694810807705, 'y': -0.012054326012730598, 'z': -0.05187326669692993, 'w': 0.9985266327857971}, 'orientation_covariance': [0.0, 0.0, 0.0, 0.0, 0.0, 0.0, 0.0, 0.0, 0.0], 'angular_velocity': {'x': 0.053210001438856125, 'y': 0.012770400382578373, 'z': -0.07662239670753479}, 'angular_velocity_covariance': [0.0, 0.0, 0.0, 0.0, 0.0, 0.0, 0.0, 0.0, 0.0], 'linear_acceleration': {'x': 0.08080430328845978, 'y': 0.06823474913835526, 'z': 9.238625526428223}, 'linear_acceleration_covariance': [0.0, 0.0, 0.0, 0.0, 0.0, 0.0, 0.0, 0.0, 0.0]}, -5.799116775440124, 1.2468392848968506
{'left': 27507, 'right': 26775}, 0.001533981, {'header': {'stamp': {'sec': 1650618711, 'nanosec': 499949803}, 'frame_id': 'imu_link'}, 'orientation': {'x': 0.013130431063473225, 'y': -0.00985508132725954, 'z': -0.048244308680295944, 'w': 0.9986963868141174}, 'orientation_covariance': [0.0, 0.0, 0.0, 0.0, 0.0, 0.0, 0.0, 0.0, 0.0], 'angular_velocity': {'x': -0.10854840278625488, 'y': 0.03405439853668213, 'z': 0.22135360538959503}, 'angular_velocity_covariance': [0.0, 0.0, 0.0, 0.0, 0.0, 0.0, 0.0, 0.0, 0.0], 'linear_acceleration': {'x': -0.9852139949798584, 'y': 1.8596961498260498, 'z': 11.10610294342041}, 'linear_acceleration_covariance': [0.0, 0.0, 0.0, 0.0, 0.0, 0.0, 0.0, 0.0, 0.0]}, -5.54560596985186, 1.2935404777526855
{'left': 27752, 'right': 27019}, 0.001533981, {'header': {'stamp': {'sec': 1650618711, 'nanosec': 499949803}, 'frame_id': 'imu_link'}, 'orientation': {'x': 0.013130431063473225, 'y': -0.00985508132725954, 'z': -0.048244308680295944, 'w': 0.9986963868141174}, 'orientation_covariance': [0.0, 0.0, 0.0, 0.0, 0.0, 0.0, 0.0, 0.0, 0.0], 'angular_velocity': {'x': -0.10854840278625488, 'y': 0.03405439853668213, 'z': 0.22135360538959503}, 'angular_velocity_covariance': [0.0, 0.0, 0.0, 0.0, 0.0, 0.0, 0.0, 0.0, 0.0], 'linear_acceleration': {'x': -0.9852139949798584, 'y': 1.8596961498260498, 'z': 11.10610294342041}, 'linear_acceleration_covariance': [0.0, 0.0, 0.0, 0.0, 0.0, 0.0, 0.0, 0.0, 0.0]}, -5.652289530516482, 1.3395836353302002
{'left': 27912, 'right': 27177}, 0.001533981, {'header': {'stamp': {'sec': 1650618711, 'nanosec': 599960168}, 'frame_id': 'imu_link'}, 'orientation': {'x': 0.014318185858428478, 'y': -0.0113001624122262, 'z': -0.04877059906721115, 'w': 0.9986391663551331}, 'orientation_covariance': [0.0, 0.0, 0.0, 0.0, 0.0, 0.0, 0.0, 0.0, 0.0], 'angular_velocity': {'x': 0.02447660081088543, 'y': 0.08832859992980957, 'z': 0.07236559689044952}, 'angular_velocity_covariance': [0.0, 0.0, 0.0, 0.0, 0.0, 0.0, 0.0, 0.0, 0.0], 'linear_acceleration': {'x': 0.5039794445037842, 'y': 0.4129997789859772, 'z': 10.189722061157227}, 'linear_acceleration_covariance': [0.0, 0.0, 0.0, 0.0, 0.0, 0.0, 0.0, 0.0, 0.0]}, -5.609848939604856, 1.3856704235076904
{'left': 28158, 'right': 27423}, 0.001533981, {'header': {'stamp': {'sec': 1650618711, 'nanosec': 649985428}, 'frame_id': 'imu_link'}, 'orientation': {'x': 0.013945949263870716, 'y': -0.012014901265501976, 'z': -0.0473131388425827, 'w': 0.9987061619758606}, 'orientation_covariance': [0.0, 0.0, 0.0, 0.0, 0.0, 0.0, 0.0, 0.0, 0.0], 'angular_velocity': {'x': 0.031925998628139496, 'y': -0.028733400627970695, 'z': -0.07875079661607742}, 'angular_velocity_covariance': [0.0, 0.0, 0.0, 0.0, 0.0, 0.0, 0.0, 0.0, 0.0], 'linear_acceleration': {'x': 1.4305354356765747, 'y': 0.4752490222454071, 'z': 9.595361709594727}, 'linear_acceleration_covariance': [0.0, 0.0, 0.0, 0.0, 0.0, 0.0, 0.0, 0.0, 0.0]}, -5.443455863112327, 1.4325194358825684
{'left': 28329, 'right': 27592}, 0.001533981, {'header': {'stamp': {'sec': 1650618711, 'nanosec': 699941991}, 'frame_id': 'imu_link'}, 'orientation': {'x': 0.016006965190172195, 'y': -0.010062944144010544, 'z': -0.04700427129864693, 'w': 0.9987114071846008}, 'orientation_covariance': [0.0, 0.0, 0.0, 0.0, 0.0, 0.0, 0.0, 0.0, 0.0], 'angular_velocity': {'x': -0.06810879707336426, 'y': -0.01809139922261238, 'z': 0.08726440370082855}, 'angular_velocity_covariance': [0.0, 0.0, 0.0, 0.0, 0.0, 0.0, 0.0, 0.0, 0.0], 'linear_acceleration': {'x': -0.2322375625371933, 'y': 1.0720038414001465, 'z': 10.26274585723877}, 'linear_acceleration_covariance': [0.0, 0.0, 0.0, 0.0, 0.0, 0.0, 0.0, 0.0, 0.0]}, -5.406764652356205, 1.4776310920715332
{'left': 28329, 'right': 27592}, 0.001533981, {'header': {'stamp': {'sec': 1650618711, 'nanosec': 699941991}, 'frame_id': 'imu_link'}, 'orientation': {'x': 0.016006965190172195, 'y': -0.010062944144010544, 'z': -0.04700427129864693, 'w': 0.9987114071846008}, 'orientation_covariance': [0.0, 0.0, 0.0, 0.0, 0.0, 0.0, 0.0, 0.0, 0.0], 'angular_velocity': {'x': -0.06810879707336426, 'y': -0.01809139922261238, 'z': 0.08726440370082855}, 'angular_velocity_covariance': [0.0, 0.0, 0.0, 0.0, 0.0, 0.0, 0.0, 0.0, 0.0], 'linear_acceleration': {'x': -0.2322375625371933, 'y': 1.0720038414001465, 'z': 10.26274585723877}, 'linear_acceleration_covariance': [0.0, 0.0, 0.0, 0.0, 0.0, 0.0, 0.0, 0.0, 0.0]}, -5.369565045815464, 1.524827241897583
{'left': 28671, 'right': 27935}, 0.001533981, {'header': {'stamp': {'sec': 1650618711, 'nanosec': 749960689}, 'frame_id': 'imu_link'}, 'orientation': {'x': 0.016985498368740082, 'y': -0.009125370532274246, 'z': -0.046688053756952286, 'w': 0.9987191557884216}, 'orientation_covariance': [0.0, 0.0, 0.0, 0.0, 0.0, 0.0, 0.0, 0.0, 0.0], 'angular_velocity': {'x': -0.028733400627970695, 'y': 0.029797600582242012, 'z': 0.08726440370082855}, 'angular_velocity_covariance': [0.0, 0.0, 0.0, 0.0, 0.0, 0.0, 0.0, 0.0, 0.0], 'linear_acceleration': {'x': 0.061052143573760986, 'y': 1.5741876363754272, 'z': 9.913191795349121}, 'linear_acceleration_covariance': [0.0, 0.0, 0.0, 0.0, 0.0, 0.0, 0.0, 0.0, 0.0]}, -5.420691743145837, 1.5709950923919678
{'left': 28929, 'right': 28190}, 0.001533981, {'header': {'stamp': {'sec': 1650618711, 'nanosec': 799992460}, 'frame_id': 'imu_link'}, 'orientation': {'x': 0.016940491273999214, 'y': -0.006441379431635141, 'z': -0.04718231037259102, 'w': 0.9987175464630127}, 'orientation_covariance': [0.0, 0.0, 0.0, 0.0, 0.0, 0.0, 0.0, 0.0, 0.0], 'angular_velocity': {'x': 0.06917300075292587, 'y': 0.05746680125594139, 'z': -0.07449399679899216}, 'angular_velocity_covariance': [0.0, 0.0, 0.0, 0.0, 0.0, 0.0, 0.0, 0.0, 0.0], 'linear_acceleration': {'x': -0.4213795065879822, 'y': 0.9606733918190002, 'z': 11.080365180969238}, 'linear_acceleration_covariance': [0.0, 0.0, 0.0, 0.0, 0.0, 0.0, 0.0, 0.0, 0.0]}, -5.3245761072701265, 1.616891622543335
{'left': 28929, 'right': 28190}, 0.001533981, {'header': {'stamp': {'sec': 1650618711, 'nanosec': 849951210}, 'frame_id': 'imu_link'}, 'orientation': {'x': 0.01694897748529911, 'y': -0.003585939295589924, 'z': -0.0463944636285305, 'w': 0.9987686276435852}, 'orientation_covariance': [0.0, 0.0, 0.0, 0.0, 0.0, 0.0, 0.0, 0.0, 0.0], 'angular_velocity': {'x': 0.07981500029563904, 'y': 0.05853100121021271, 'z': -0.06278780102729797}, 'angular_velocity_covariance': [0.0, 0.0, 0.0, 0.0, 0.0, 0.0, 0.0, 0.0, 0.0], 'linear_acceleration': {'x': -0.1454477459192276, 'y': 0.41599252820014954, 'z': 10.092757225036621}, 'linear_acceleration_covariance': [0.0, 0.0, 0.0, 0.0, 0.0, 0.0, 0.0, 0.0, 0.0]}, -5.3245761072701265, 1.6628589630126953
{'left': 29336, 'right': 28601}, 0.001533981, {'header': {'stamp': {'sec': 1650618711, 'nanosec': 899960585}, 'frame_id': 'imu_link'}, 'orientation': {'x': 0.0170883946120739, 'y': -0.004239106085151434, 'z': -0.04508766904473305, 'w': 0.9988235831260681}, 'orientation_covariance': [0.0, 0.0, 0.0, 0.0, 0.0, 0.0, 0.0, 0.0, 0.0], 'angular_velocity': {'x': -0.04469640180468559, 'y': -0.07449399679899216, 'z': 0.005320999771356583}, 'angular_velocity_covariance': [0.0, 0.0, 0.0, 0.0, 0.0, 0.0, 0.0, 0.0, 0.0], 'linear_acceleration': {'x': -1.4347254037857056, 'y': -1.5059528350830078, 'z': 9.5223388671875}, 'linear_acceleration_covariance': [0.0, 0.0, 0.0, 0.0, 0.0, 0.0, 0.0, 0.0, 0.0]}, -5.176050855297273, 1.7089698314666748
{'left': 29503, 'right': 28775}, 0.001533981, {'header': {'stamp': {'sec': 1650618711, 'nanosec': 949943814}, 'frame_id': 'imu_link'}, 'orientation': {'x': 0.01921837590634823, 'y': -0.006726079620420933, 'z': -0.04505348578095436, 'w': 0.9987727999687195}, 'orientation_covariance': [0.0, 0.0, 0.0, 0.0, 0.0, 0.0, 0.0, 0.0, 0.0], 'angular_velocity': {'x': 0.0063852001912891865, 'y': 0.028733400627970695, 'z': 0.07662239670753479}, 'angular_velocity_covariance': [0.0, 0.0, 0.0, 0.0, 0.0, 0.0, 0.0, 0.0, 0.0], 'linear_acceleration': {'x': 1.3952209949493408, 'y': 1.0672154426574707, 'z': 10.946290016174316}, 'linear_acceleration_covariance': [0.0, 0.0, 0.0, 0.0, 0.0, 0.0, 0.0, 0.0, 0.0]}, -5.178628524237721, 1.7553670406341553
{'left': 29503, 'right': 28775}, 0.001533981, {'header': {'stamp': {'sec': 1650618711, 'nanosec': 999963501}, 'frame_id': 'imu_link'}, 'orientation': {'x': 0.020403074100613594, 'y': -0.00871259905397892, 'z': -0.044185999780893326, 'w': 0.9987726807594299}, 'orientation_covariance': [0.0, 0.0, 0.0, 0.0, 0.0, 0.0, 0.0, 0.0, 0.0], 'angular_velocity': {'x': 0.0, 'y': 0.03937539830803871, 'z': 0.06065940111875534}, 'angular_velocity_covariance': [0.0, 0.0, 0.0, 0.0, 0.0, 0.0, 0.0, 0.0, 0.0], 'linear_acceleration': {'x': 1.6861165761947632, 'y': 0.9546878933906555, 'z': 9.823409080505371}, 'linear_acceleration_covariance': [0.0, 0.0, 0.0, 0.0, 0.0, 0.0, 0.0, 0.0, 0.0]}, -5.084788599028816, 1.8013720512390137
{'left': 29670, 'right': 28942}, 0.001533981, {'header': {'stamp': {'sec': 1650618712, 'nanosec': 49986157}, 'frame_id': 'imu_link'}, 'orientation': {'x': 0.01935669034719467, 'y': -0.010020939633250237, 'z': -0.043837014585733414, 'w': 0.9987965822219849}, 'orientation_covariance': [0.0, 0.0, 0.0, 0.0, 0.0, 0.0, 0.0, 0.0, 0.0], 'angular_velocity': {'x': 0.06172360107302666, 'y': -0.0063852001912891865, 'z': -0.05533840134739876}, 'angular_velocity_covariance': [0.0, 0.0, 0.0, 0.0, 0.0, 0.0, 0.0, 0.0, 0.0], 'linear_acceleration': {'x': 0.6853402256965637, 'y': 0.6021417379379272, 'z': 9.360730171203613}, 'linear_acceleration_covariance': [0.0, 0.0, 0.0, 0.0, 0.0, 0.0, 0.0, 0.0, 0.0]}, -5.046904318658698, 1.8472652435302734
{'left': 29920, 'right': 29191}, 0.001533981, {'header': {'stamp': {'sec': 1650618712, 'nanosec': 99954595}, 'frame_id': 'imu_link'}, 'orientation': {'x': 0.019580790773034096, 'y': -0.011182443238794804, 'z': -0.04271150752902031, 'w': 0.9988285899162292}, 'orientation_covariance': [0.0, 0.0, 0.0, 0.0, 0.0, 0.0, 0.0, 0.0, 0.0], 'angular_velocity': {'x': -0.04469640180468559, 'y': -0.056402601301670074, 'z': 0.06917300075292587}, 'angular_velocity_covariance': [0.0, 0.0, 0.0, 0.0, 0.0, 0.0, 0.0, 0.0, 0.0], 'linear_acceleration': {'x': -2.120065689086914, 'y': -1.0019733905792236, 'z': 10.67514705657959}, 'linear_acceleration_covariance': [0.0, 0.0, 0.0, 0.0, 0.0, 0.0, 0.0, 0.0, 0.0]}, -4.920833066826146, 1.893794059753418
{'left': 30093, 'right': 29361}, 0.001533981, {'header': {'stamp': {'sec': 1650618712, 'nanosec': 150077616}, 'frame_id': 'imu_link'}, 'orientation': {'x': 0.019769461825489998, 'y': -0.012488129548728466, 'z': -0.041567787528038025, 'w': 0.9988577365875244}, 'orientation_covariance': [0.0, 0.0, 0.0, 0.0, 0.0, 0.0, 0.0, 0.0, 0.0], 'angular_velocity': {'x': -0.06065940111875534, 'y': -0.014898800291121006, 'z': 0.10535579919815063}, 'angular_velocity_covariance': [0.0, 0.0, 0.0, 0.0, 0.0, 0.0, 0.0, 0.0, 0.0], 'linear_acceleration': {'x': -2.6354174613952637, 'y': -0.5949591398239136, 'z': 9.50857162475586}, 'linear_acceleration_covariance': [0.0, 0.0, 0.0, 0.0, 0.0, 0.0, 0.0, 0.0, 0.0]}, -4.79305614365813, 1.9415662288665771
{'left': 30252, 'right': 29522}, 0.001533981, {'header': {'stamp': {'sec': 1650618712, 'nanosec': 199997199}, 'frame_id': 'imu_link'}, 'orientation': {'x': 0.0208142027258873, 'y': -0.012881509028375149, 'z': -0.04189470782876015, 'w': 0.9988178014755249}, 'orientation_covariance': [0.0, 0.0, 0.0, 0.0, 0.0, 0.0, 0.0, 0.0, 0.0], 'angular_velocity': {'x': 0.014898800291121006, 'y': 0.05108160153031349, 'z': 0.02766920067369938}, 'angular_velocity_covariance': [0.0, 0.0, 0.0, 0.0, 0.0, 0.0, 0.0, 0.0, 0.0], 'linear_acceleration': {'x': 0.41958382725715637, 'y': 0.4231751561164856, 'z': 11.418546676635742}, 'linear_acceleration_covariance': [0.0, 0.0, 0.0, 0.0, 0.0, 0.0, 0.0, 0.0, 0.0]}, -4.832946864176003, 1.987973690032959
{'left': 30509, 'right': 29774}, 0.001533981, {'header': {'stamp': {'sec': 1650618712, 'nanosec': 249945584}, 'frame_id': 'imu_link'}, 'orientation': {'x': 0.019168460741639137, 'y': -0.01051732525229454, 'z': -0.04161133989691734, 'w': 0.9988903403282166}, 'orientation_covariance': [0.0, 0.0, 0.0, 0.0, 0.0, 0.0, 0.0, 0.0, 0.0], 'angular_velocity': {'x': 0.04043959826231003, 'y': -0.041503798216581345, 'z': -0.04256799817085266}, 'angular_velocity_covariance': [0.0, 0.0, 0.0, 0.0, 0.0, 0.0, 0.0, 0.0, 0.0], 'linear_acceleration': {'x': -0.7960720658302307, 'y': 0.1562216579914093, 'z': 10.279504776000977}, 'linear_acceleration_covariance': [0.0, 0.0, 0.0, 0.0, 0.0, 0.0, 0.0, 0.0, 0.0]}, -4.792608281825352, 2.0357089042663574
{'left': 30671, 'right': 29933}, 0.001533981, {'header': {'stamp': {'sec': 1650618712, 'nanosec': 249945584}, 'frame_id': 'imu_link'}, 'orientation': {'x': 0.019168460741639137, 'y': -0.01051732525229454, 'z': -0.04161133989691734, 'w': 0.9988903403282166}, 'orientation_covariance': [0.0, 0.0, 0.0, 0.0, 0.0, 0.0, 0.0, 0.0, 0.0], 'angular_velocity': {'x': 0.04043959826231003, 'y': -0.041503798216581345, 'z': -0.04256799817085266}, 'angular_velocity_covariance': [0.0, 0.0, 0.0, 0.0, 0.0, 0.0, 0.0, 0.0, 0.0], 'linear_acceleration': {'x': -0.7960720658302307, 'y': 0.1562216579914093, 'z': 10.279504776000977}, 'linear_acceleration_covariance': [0.0, 0.0, 0.0, 0.0, 0.0, 0.0, 0.0, 0.0, 0.0]}, -4.577932943569426, 2.081855297088623
{'left': 30843, 'right': 30110}, 0.001533981, {'header': {'stamp': {'sec': 1650618712, 'nanosec': 300062043}, 'frame_id': 'imu_link'}, 'orientation': {'x': 0.020565683022141457, 'y': -0.009716697037220001, 'z': -0.03974322974681854, 'w': 0.9989467263221741}, 'orientation_covariance': [0.0, 0.0, 0.0, 0.0, 0.0, 0.0, 0.0, 0.0, 0.0], 'angular_velocity': {'x': 0.07981500029563904, 'y': 0.010641999542713165, 'z': -0.028733400627970695}, 'angular_velocity_covariance': [0.0, 0.0, 0.0, 0.0, 0.0, 0.0, 0.0, 0.0, 0.0], 'linear_acceleration': {'x': -0.2819172441959381, 'y': 0.7972691655158997, 'z': 10.132261276245117}, 'linear_acceleration_covariance': [0.0, 0.0, 0.0, 0.0, 0.0, 0.0, 0.0, 0.0, 0.0]}, -4.341699488578042, 2.1274373531341553
{'left': 31088, 'right': 30357}, 0.001533981, {'header': {'stamp': {'sec': 1650618712, 'nanosec': 399998970}, 'frame_id': 'imu_link'}, 'orientation': {'x': 0.0194229856133461, 'y': -0.011803417466580868, 'z': -0.03819939121603966, 'w': 0.9990072846412659}, 'orientation_covariance': [0.0, 0.0, 0.0, 0.0, 0.0, 0.0, 0.0, 0.0, 0.0], 'angular_velocity': {'x': -0.043632201850414276, 'y': 0.08939280360937119, 'z': 0.07023719698190689}, 'angular_velocity_covariance': [0.0, 0.0, 0.0, 0.0, 0.0, 0.0, 0.0, 0.0, 0.0], 'linear_acceleration': {'x': 1.4407109022140503, 'y': 0.5111620426177979, 'z': 11.727996826171875}, 'linear_acceleration_covariance': [0.0, 0.0, 0.0, 0.0, 0.0, 0.0, 0.0, 0.0, 0.0]}, -4.4046653716140005, 2.1741931438446045
{'left': 31259, 'right': 30528}, 0.001533981, {'header': {'stamp': {'sec': 1650618712, 'nanosec': 399998970}, 'frame_id': 'imu_link'}, 'orientation': {'x': 0.0194229856133461, 'y': -0.011803417466580868, 'z': -0.03819939121603966, 'w': 0.9990072846412659}, 'orientation_covariance': [0.0, 0.0, 0.0, 0.0, 0.0, 0.0, 0.0, 0.0, 0.0], 'angular_velocity': {'x': -0.043632201850414276, 'y': 0.08939280360937119, 'z': 0.07023719698190689}, 'angular_velocity_covariance': [0.0, 0.0, 0.0, 0.0, 0.0, 0.0, 0.0, 0.0, 0.0], 'linear_acceleration': {'x': 1.4407109022140503, 'y': 0.5111620426177979, 'z': 11.727996826171875}, 'linear_acceleration_covariance': [0.0, 0.0, 0.0, 0.0, 0.0, 0.0, 0.0, 0.0, 0.0]}, -4.4046653716140005, 2.2215311527252197
{'left': 31259, 'right': 30528}, 0.001533981, {'header': {'stamp': {'sec': 1650618712, 'nanosec': 449991314}, 'frame_id': 'imu_link'}, 'orientation': {'x': 0.01900600455701351, 'y': -0.008087274618446827, 'z': -0.03829362988471985, 'w': 0.9990487694740295}, 'orientation_covariance': [0.0, 0.0, 0.0, 0.0, 0.0, 0.0, 0.0, 0.0, 0.0], 'angular_velocity': {'x': -0.02766920067369938, 'y': 0.08087919652462006, 'z': 0.09790640324354172}, 'angular_velocity_covariance': [0.0, 0.0, 0.0, 0.0, 0.0, 0.0, 0.0, 0.0, 0.0], 'linear_acceleration': {'x': 0.790086567401886, 'y': 0.38546645641326904, 'z': 11.240178108215332}, 'linear_acceleration_covariance': [0.0, 0.0, 0.0, 0.0, 0.0, 0.0, 0.0, 0.0, 0.0]}, -4.308800966570647, 2.268338918685913
{'left': 31659, 'right': 30922}, 0.001533981, {'header': {'stamp': {'sec': 1650618712, 'nanosec': 499978449}, 'frame_id': 'imu_link'}, 'orientation': {'x': 0.01856640726327896, 'y': -0.007751764729619026, 'z': -0.03745231777429581, 'w': 0.9990915060043335}, 'orientation_covariance': [0.0, 0.0, 0.0, 0.0, 0.0, 0.0, 0.0, 0.0, 0.0], 'angular_velocity': {'x': 0.04576060175895691, 'y': -0.017027199268341064, 'z': -0.10003480315208435}, 'angular_velocity_covariance': [0.0, 0.0, 0.0, 0.0, 0.0, 0.0, 0.0, 0.0, 0.0], 'linear_acceleration': {'x': -0.031124621629714966, 'y': 0.5877764821052551, 'z': 10.034697532653809}, 'linear_acceleration_covariance': [0.0, 0.0, 0.0, 0.0, 0.0, 0.0, 0.0, 0.0, 0.0]}, -4.13626022838209, 2.3149123191833496
{'left': 31830, 'right': 31095}, 0.001533981, {'header': {'stamp': {'sec': 1650618712, 'nanosec': 550060741}, 'frame_id': 'imu_link'}, 'orientation': {'x': 0.017381994053721428, 'y': -0.009090470150113106, 'z': -0.03593143820762634, 'w': 0.9991574287414551}, 'orientation_covariance': [0.0, 0.0, 0.0, 0.0, 0.0, 0.0, 0.0, 0.0, 0.0], 'angular_velocity': {'x': 0.03405439853668213, 'y': -0.050017401576042175, 'z': -0.11174099892377853}, 'angular_velocity_covariance': [0.0, 0.0, 0.0, 0.0, 0.0, 0.0, 0.0, 0.0, 0.0], 'linear_acceleration': {'x': 0.6973112225532532, 'y': -0.28790274262428284, 'z': 10.240598678588867}, 'linear_acceleration_covariance': [0.0, 0.0, 0.0, 0.0, 0.0, 0.0, 0.0, 0.0, 0.0]}, -4.13626022838209, 2.3614614009857178
{'left': 31830, 'right': 31095}, 0.001533981, {'header': {'stamp': {'sec': 1650618712, 'nanosec': 600002147}, 'frame_id': 'imu_link'}, 'orientation': {'x': 0.01896669715642929, 'y': -0.007184627931565046, 'z': -0.035320915281772614, 'w': 0.9991658329963684}, 'orientation_covariance': [0.0, 0.0, 0.0, 0.0, 0.0, 0.0, 0.0, 0.0, 0.0], 'angular_velocity': {'x': -0.05853100121021271, 'y': -0.012770400382578373, 'z': 0.09152120351791382}, 'angular_velocity_covariance': [0.0, 0.0, 0.0, 0.0, 0.0, 0.0, 0.0, 0.0, 0.0], 'linear_acceleration': {'x': -1.6711527109146118, 'y': 1.0301052331924438, 'z': 9.952695846557617}, 'linear_acceleration_covariance': [0.0, 0.0, 0.0, 0.0, 0.0, 0.0, 0.0, 0.0, 0.0]}, -4.063467344822425, 2.408339262008667
{'left': 32085, 'right': 31354}, 0.001533981, {'header': {'stamp': {'sec': 1650618712, 'nanosec': 649948501}, 'frame_id': 'imu_link'}, 'orientation': {'x': 0.01915043033659458, 'y': -0.0060537089593708515, 'z': -0.03552337363362312, 'w': 0.9991627335548401}, 'orientation_covariance': [0.0, 0.0, 0.0, 0.0, 0.0, 0.0, 0.0, 0.0, 0.0], 'angular_velocity': {'x': 0.07555820047855377, 'y': 0.04576060175895691, 'z': -0.026605000719428062}, 'angular_velocity_covariance': [0.0, 0.0, 0.0, 0.0, 0.0, 0.0, 0.0, 0.0, 0.0], 'linear_acceleration': {'x': 0.04010287672281265, 'y': 0.6033388376235962, 'z': 9.355342864990234}, 'linear_acceleration_covariance': [0.0, 0.0, 0.0, 0.0, 0.0, 0.0, 0.0, 0.0, 0.0]}, -4.084248597592489, 2.4532511234283447
{'left': 32255, 'right': 31520}, 0.001533981, {'header': {'stamp': {'sec': 1650618712, 'nanosec': 699952303}, 'frame_id': 'imu_link'}, 'orientation': {'x': 0.019384702667593956, 'y': -0.004934271797537804, 'z': -0.034041959792375565, 'w': 0.9992159008979797}, 'orientation_covariance': [0.0, 0.0, 0.0, 0.0, 0.0, 0.0, 0.0, 0.0, 0.0], 'angular_velocity': {'x': 0.059595201164484024, 'y': 0.06172360107302666, 'z': -0.06172360107302666}, 'angular_velocity_covariance': [0.0, 0.0, 0.0, 0.0, 0.0, 0.0, 0.0, 0.0, 0.0], 'linear_acceleration': {'x': -0.30885201692581177, 'y': 0.5722141861915588, 'z': 9.159018516540527}, 'linear_acceleration_covariance': [0.0, 0.0, 0.0, 0.0, 0.0, 0.0, 0.0, 0.0, 0.0]}, -3.9120045963075567, 2.499099016189575
{'left': 32428, 'right': 31690}, 0.001533981, {'header': {'stamp': {'sec': 1650618712, 'nanosec': 750018553}, 'frame_id': 'imu_link'}, 'orientation': {'x': 0.019705334678292274, 'y': -0.0037833894602954388, 'z': -0.03332139924168587, 'w': 0.999238908290863}, 'orientation_covariance': [0.0, 0.0, 0.0, 0.0, 0.0, 0.0, 0.0, 0.0, 0.0], 'angular_velocity': {'x': -0.01809139922261238, 'y': -0.06065940111875534, 'z': 0.0}, 'angular_velocity_covariance': [0.0, 0.0, 0.0, 0.0, 0.0, 0.0, 0.0, 0.0, 0.0], 'linear_acceleration': {'x': -0.6015431880950928, 'y': -1.3401544094085693, 'z': 10.01075553894043}, 'linear_acceleration_covariance': [0.0, 0.0, 0.0, 0.0, 0.0, 0.0, 0.0, 0.0, 0.0]}, -3.826907615791327, 2.54662823677063
{'left': 32676, 'right': 31936}, 0.001533981, {'header': {'stamp': {'sec': 1650618712, 'nanosec': 799946209}, 'frame_id': 'imu_link'}, 'orientation': {'x': 0.019742388278245926, 'y': -0.006664566230028868, 'z': -0.0323917493224144, 'w': 0.9992537498474121}, 'orientation_covariance': [0.0, 0.0, 0.0, 0.0, 0.0, 0.0, 0.0, 0.0, 0.0], 'angular_velocity': {'x': -0.056402601301670074, 'y': -0.07023719698190689, 'z': 0.04576060175895691}, 'angular_velocity_covariance': [0.0, 0.0, 0.0, 0.0, 0.0, 0.0, 0.0, 0.0, 0.0], 'linear_acceleration': {'x': -0.9660603404045105, 'y': -1.7561469078063965, 'z': 9.90241813659668}, 'linear_acceleration_covariance': [0.0, 0.0, 0.0, 0.0, 0.0, 0.0, 0.0, 0.0, 0.0]}, -3.7270263055033266, 2.592813014984131
{'left': 32838, 'right': 32101}, 0.001533981, {'header': {'stamp': {'sec': 1650618712, 'nanosec': 849982043}, 'frame_id': 'imu_link'}, 'orientation': {'x': 0.0207633376121521, 'y': -0.009417763911187649, 'z': -0.03196348249912262, 'w': 0.9992246627807617}, 'orientation_covariance': [0.0, 0.0, 0.0, 0.0, 0.0, 0.0, 0.0, 0.0, 0.0], 'angular_velocity': {'x': 0.0, 'y': 0.05746680125594139, 'z': 0.11812619864940643}, 'angular_velocity_covariance': [0.0, 0.0, 0.0, 0.0, 0.0, 0.0, 0.0, 0.0, 0.0], 'linear_acceleration': {'x': 1.3646949529647827, 'y': 0.7571662664413452, 'z': 10.386046409606934}, 'linear_acceleration_covariance': [0.0, 0.0, 0.0, 0.0, 0.0, 0.0, 0.0, 0.0, 0.0]}, -3.685417604690835, 2.6399686336517334
{'left': 32838, 'right': 32101}, 0.001533981, {'header': {'stamp': {'sec': 1650618712, 'nanosec': 849982043}, 'frame_id': 'imu_link'}, 'orientation': {'x': 0.0207633376121521, 'y': -0.009417763911187649, 'z': -0.03196348249912262, 'w': 0.9992246627807617}, 'orientation_covariance': [0.0, 0.0, 0.0, 0.0, 0.0, 0.0, 0.0, 0.0, 0.0], 'angular_velocity': {'x': 0.0, 'y': 0.05746680125594139, 'z': 0.11812619864940643}, 'angular_velocity_covariance': [0.0, 0.0, 0.0, 0.0, 0.0, 0.0, 0.0, 0.0, 0.0], 'linear_acceleration': {'x': 1.3646949529647827, 'y': 0.7571662664413452, 'z': 10.386046409606934}, 'linear_acceleration_covariance': [0.0, 0.0, 0.0, 0.0, 0.0, 0.0, 0.0, 0.0, 0.0]}, -3.685417604690835, 2.6860132217407227
{'left': 33083, 'right': 32348}, 0.001533981, {'header': {'stamp': {'sec': 1650618712, 'nanosec': 900058970}, 'frame_id': 'imu_link'}, 'orientation': {'x': 0.0206223726272583, 'y': -0.010336949490010738, 'z': -0.03157050907611847, 'w': 0.9992311000823975}, 'orientation_covariance': [0.0, 0.0, 0.0, 0.0, 0.0, 0.0, 0.0, 0.0, 0.0], 'angular_velocity': {'x': 0.05427420139312744, 'y': -0.03299019858241081, 'z': -0.05427420139312744}, 'angular_velocity_covariance': [0.0, 0.0, 0.0, 0.0, 0.0, 0.0, 0.0, 0.0, 0.0], 'linear_acceleration': {'x': 0.811634361743927, 'y': 0.7003039717674255, 'z': 9.995193481445312}, 'linear_acceleration_covariance': [0.0, 0.0, 0.0, 0.0, 0.0, 0.0, 0.0, 0.0, 0.0]}, -3.4266994374443134, 2.73215651512146
{'left': 33481, 'right': 32745}, 0.001533981, {'header': {'stamp': {'sec': 1650618712, 'nanosec': 949973293}, 'frame_id': 'imu_link'}, 'orientation': {'x': 0.02125641517341137, 'y': -0.009616605937480927, 'z': -0.029697850346565247, 'w': 0.9992823004722595}, 'orientation_covariance': [0.0, 0.0, 0.0, 0.0, 0.0, 0.0, 0.0, 0.0, 0.0], 'angular_velocity': {'x': 0.05108160153031349, 'y': -0.038311198353767395, 'z': -0.023412400856614113}, 'angular_velocity_covariance': [0.0, 0.0, 0.0, 0.0, 0.0, 0.0, 0.0, 0.0, 0.0], 'linear_acceleration': {'x': -0.16160860657691956, 'y': 0.7272387742996216, 'z': 9.975440979003906}, 'linear_acceleration_covariance': [0.0, 0.0, 0.0, 0.0, 0.0, 0.0, 0.0, 0.0, 0.0]}, -3.3617956231178394, 2.778590440750122
{'left': 33481, 'right': 32745}, 0.001533981, {'header': {'stamp': {'sec': 1650618713, 'nanosec': 44230}, 'frame_id': 'imu_link'}, 'orientation': {'x': 0.021386880427598953, 'y': -0.010533569380640984, 'z': -0.029110079631209373, 'w': 0.999287486076355}, 'orientation_covariance': [0.0, 0.0, 0.0, 0.0, 0.0, 0.0, 0.0, 0.0, 0.0], 'angular_velocity': {'x': -0.07449399679899216, 'y': -0.06065940111875534, 'z': 0.10535579919815063}, 'angular_velocity_covariance': [0.0, 0.0, 0.0, 0.0, 0.0, 0.0, 0.0, 0.0, 0.0], 'linear_acceleration': {'x': -1.8255788087844849, 'y': 1.2401964664459229, 'z': 10.090362548828125}, 'linear_acceleration_covariance': [0.0, 0.0, 0.0, 0.0, 0.0, 0.0, 0.0, 0.0, 0.0]}, -3.3269799709857133, 2.824594259262085
{'left': 33804, 'right': 33072}, 0.001533981, {'header': {'stamp': {'sec': 1650618713, 'nanosec': 49964126}, 'frame_id': 'imu_link'}, 'orientation': {'x': 0.022640205919742584, 'y': -0.008984222076833248, 'z': -0.028830301016569138, 'w': 0.9992832541465759}, 'orientation_covariance': [0.0, 0.0, 0.0, 0.0, 0.0, 0.0, 0.0, 0.0, 0.0], 'angular_velocity': {'x': -0.07023719698190689, 'y': 0.0, 'z': 0.11706200242042542}, 'angular_velocity_covariance': [0.0, 0.0, 0.0, 0.0, 0.0, 0.0, 0.0, 0.0, 0.0], 'linear_acceleration': {'x': -1.7280150651931763, 'y': 1.9482816457748413, 'z': 9.66958236694336}, 'linear_acceleration_covariance': [0.0, 0.0, 0.0, 0.0, 0.0, 0.0, 0.0, 0.0, 0.0]}, -3.3879680809697996, 2.870450258255005
{'left': 33804, 'right': 33072}, 0.001533981, {'header': {'stamp': {'sec': 1650618713, 'nanosec': 100052667}, 'frame_id': 'imu_link'}, 'orientation': {'x': 0.022488698363304138, 'y': -0.00618367176502943, 'z': -0.02942839078605175, 'w': 0.9992904663085938}, 'orientation_covariance': [0.0, 0.0, 0.0, 0.0, 0.0, 0.0, 0.0, 0.0, 0.0], 'angular_velocity': {'x': 0.07236559689044952, 'y': 0.029797600582242012, 'z': -0.046824801713228226}, 'angular_velocity_covariance': [0.0, 0.0, 0.0, 0.0, 0.0, 0.0, 0.0, 0.0, 0.0], 'linear_acceleration': {'x': -0.3232172131538391, 'y': 0.6464344263076782, 'z': 9.61212158203125}, 'linear_acceleration_covariance': [0.0, 0.0, 0.0, 0.0, 0.0, 0.0, 0.0, 0.0, 0.0]}, -3.299681465676797, 2.9160871505737305
{'left': 34047, 'right': 33313}, 0.001533981, {'header': {'stamp': {'sec': 1650618713, 'nanosec': 149978917}, 'frame_id': 'imu_link'}, 'orientation': {'x': 0.022338073700666428, 'y': -0.010280545800924301, 'z': -0.028564665466547012, 'w': 0.9992851614952087}, 'orientation_covariance': [0.0, 0.0, 0.0, 0.0, 0.0, 0.0, 0.0, 0.0, 0.0], 'angular_velocity': {'x': 0.06598039716482162, 'y': 0.022348200902342796, 'z': -0.050017401576042175}, 'angular_velocity_covariance': [0.0, 0.0, 0.0, 0.0, 0.0, 0.0, 0.0, 0.0, 0.0], 'linear_acceleration': {'x': 0.5961562395095825, 'y': 0.5201402902603149, 'z': 9.682151794433594}, 'linear_acceleration_covariance': [0.0, 0.0, 0.0, 0.0, 0.0, 0.0, 0.0, 0.0, 0.0]}, -3.299681465676797, 2.9624414443969727
{'left': 34210, 'right': 33476}, 0.001533981, {'header': {'stamp': {'sec': 1650618713, 'nanosec': 200021053}, 'frame_id': 'imu_link'}, 'orientation': {'x': 0.022885456681251526, 'y': -0.010687744244933128, 'z': -0.027244161814451218, 'w': 0.9993054270744324}, 'orientation_covariance': [0.0, 0.0, 0.0, 0.0, 0.0, 0.0, 0.0, 0.0, 0.0], 'angular_velocity': {'x': -0.056402601301670074, 'y': -0.08832859992980957, 'z': 0.011706200428307056}, 'angular_velocity_covariance': [0.0, 0.0, 0.0, 0.0, 0.0, 0.0, 0.0, 0.0, 0.0], 'linear_acceleration': {'x': -0.7296329736709595, 'y': -1.5280991792678833, 'z': 8.916007041931152}, 'linear_acceleration_covariance': [0.0, 0.0, 0.0, 0.0, 0.0, 0.0, 0.0, 0.0, 0.0]}, -3.16608047206308, 3.0083348751068115
{'left': 34450, 'right': 33717}, 0.001533981, {'header': {'stamp': {'sec': 1650618713, 'nanosec': 249950219}, 'frame_id': 'imu_link'}, 'orientation': {'x': 0.023840434849262238, 'y': -0.013434032909572124, 'z': -0.02730644680559635, 'w': 0.9992482662200928}, 'orientation_covariance': [0.0, 0.0, 0.0, 0.0, 0.0, 0.0, 0.0, 0.0, 0.0], 'angular_velocity': {'x': 0.0, 'y': 0.0, 'z': 0.08300759643316269}, 'angular_velocity_covariance': [0.0, 0.0, 0.0, 0.0, 0.0, 0.0, 0.0, 0.0, 0.0], 'linear_acceleration': {'x': 0.6147112846374512, 'y': 1.0474631786346436, 'z': 10.222043991088867}, 'linear_acceleration_covariance': [0.0, 0.0, 0.0, 0.0, 0.0, 0.0, 0.0, 0.0, 0.0]}, -3.16608047206308, 3.0552587509155273
{'left': 34610, 'right': 33878}, 0.001533981, {'header': {'stamp': {'sec': 1650618713, 'nanosec': 299970844}, 'frame_id': 'imu_link'}, 'orientation': {'x': 0.02034102752804756, 'y': -0.01599418744444847, 'z': -0.026154572144150734, 'w': 0.9993185997009277}, 'orientation_covariance': [0.0, 0.0, 0.0, 0.0, 0.0, 0.0, 0.0, 0.0, 0.0], 'angular_velocity': {'x': -0.004256799817085266, 'y': 0.03618279844522476, 'z': 0.08087919652462006}, 'angular_velocity_covariance': [0.0, 0.0, 0.0, 0.0, 0.0, 0.0, 0.0, 0.0, 0.0], 'linear_acceleration': {'x': 0.6254851818084717, 'y': 0.05686229094862938, 'z': 11.33774185180664}, 'linear_acceleration_covariance': [0.0, 0.0, 0.0, 0.0, 0.0, 0.0, 0.0, 0.0, 0.0]}, -3.0352003668172163, 3.10190749168396
{'left': 34858, 'right': 34129}, 0.001533981, {'header': {'stamp': {'sec': 1650618713, 'nanosec': 349969699}, 'frame_id': 'imu_link'}, 'orientation': {'x': 0.01786291040480137, 'y': -0.015461672097444534, 'z': -0.025526104494929314, 'w': 0.9993906617164612}, 'orientation_covariance': [0.0, 0.0, 0.0, 0.0, 0.0, 0.0, 0.0, 0.0, 0.0], 'angular_velocity': {'x': 0.04576060175895691, 'y': -0.059595201164484024, 'z': -0.07236559689044952}, 'angular_velocity_covariance': [0.0, 0.0, 0.0, 0.0, 0.0, 0.0, 0.0, 0.0, 0.0], 'linear_acceleration': {'x': -0.09636661410331726, 'y': -0.3776853084564209, 'z': 10.507552146911621}, 'linear_acceleration_covariance': [0.0, 0.0, 0.0, 0.0, 0.0, 0.0, 0.0, 0.0, 0.0]}, -2.9575861337784137, 3.148488998413086
{'left': 35023, 'right': 34288}, 0.001533981, {'header': {'stamp': {'sec': 1650618713, 'nanosec': 399976417}, 'frame_id': 'imu_link'}, 'orientation': {'x': 0.018016977235674858, 'y': -0.012960170395672321, 'z': -0.024917658418416977, 'w': 0.9994387626647949}, 'orientation_covariance': [0.0, 0.0, 0.0, 0.0, 0.0, 0.0, 0.0, 0.0, 0.0], 'angular_velocity': {'x': 0.009577799588441849, 'y': -0.07555820047855377, 'z': -0.07449399679899216}, 'angular_velocity_covariance': [0.0, 0.0, 0.0, 0.0, 0.0, 0.0, 0.0, 0.0, 0.0], 'linear_acceleration': {'x': -0.013766659423708916, 'y': -0.9463081955909729, 'z': 10.67754077911377}, 'linear_acceleration_covariance': [0.0, 0.0, 0.0, 0.0, 0.0, 0.0, 0.0, 0.0, 0.0]}, -2.8826254119729784, 3.1953699588775635
{'left': 35187, 'right': 34453}, 0.001533981, {'header': {'stamp': {'sec': 1650618713, 'nanosec': 450083917}, 'frame_id': 'imu_link'}, 'orientation': {'x': 0.020178858190774918, 'y': -0.01101719867438078, 'z': -0.024135272949934006, 'w': 0.9994400143623352}, 'orientation_covariance': [0.0, 0.0, 0.0, 0.0, 0.0, 0.0, 0.0, 0.0, 0.0], 'angular_velocity': {'x': -0.05533840134739876, 'y': 0.046824801713228226, 'z': 0.10003480315208435}, 'angular_velocity_covariance': [0.0, 0.0, 0.0, 0.0, 0.0, 0.0, 0.0, 0.0, 0.0], 'linear_acceleration': {'x': -1.832162857055664, 'y': 1.5059528350830078, 'z': 9.977835655212402}, 'linear_acceleration_covariance': [0.0, 0.0, 0.0, 0.0, 0.0, 0.0, 0.0, 0.0, 0.0]}, -2.791347397180688, 3.242241382598877
{'left': 35427, 'right': 34689}, 0.001533981, {'header': {'stamp': {'sec': 1650618713, 'nanosec': 500003917}, 'frame_id': 'imu_link'}, 'orientation': {'x': 0.02039695531129837, 'y': -0.00877886451780796, 'z': -0.02319456823170185, 'w': 0.9994800090789795}, 'orientation_covariance': [0.0, 0.0, 0.0, 0.0, 0.0, 0.0, 0.0, 0.0, 0.0], 'angular_velocity': {'x': -0.05427420139312744, 'y': 0.053210001438856125, 'z': 0.18942759931087494}, 'angular_velocity_covariance': [0.0, 0.0, 0.0, 0.0, 0.0, 0.0, 0.0, 0.0, 0.0], 'linear_acceleration': {'x': 1.5963339805603027, 'y': 1.6843209266662598, 'z': 9.588178634643555}, 'linear_acceleration_covariance': [0.0, 0.0, 0.0, 0.0, 0.0, 0.0, 0.0, 0.0, 0.0]}, -2.678383090300078, 3.2891499996185303
{'left': 35586, 'right': 34847}, 0.001533981, {'header': {'stamp': {'sec': 1650618713, 'nanosec': 549951521}, 'frame_id': 'imu_link'}, 'orientation': {'x': 0.018145957961678505, 'y': -0.01062033511698246, 'z': -0.023421352729201317, 'w': 0.9995001554489136}, 'orientation_covariance': [0.0, 0.0, 0.0, 0.0, 0.0, 0.0, 0.0, 0.0, 0.0], 'angular_velocity': {'x': 0.05533840134739876, 'y': 0.03618279844522476, 'z': -0.07981500029563904}, 'angular_velocity_covariance': [0.0, 0.0, 0.0, 0.0, 0.0, 0.0, 0.0, 0.0, 0.0], 'linear_acceleration': {'x': 0.3860650062561035, 'y': 0.12090718746185303, 'z': 9.854534149169922}, 'linear_acceleration_covariance': [0.0, 0.0, 0.0, 0.0, 0.0, 0.0, 0.0, 0.0, 0.0]}, -2.706199411267752, 3.336214542388916
{'left': 35831, 'right': 35095}, 0.001533981, {'header': {'stamp': {'sec': 1650618713, 'nanosec': 599954282}, 'frame_id': 'imu_link'}, 'orientation': {'x': 0.018265554681420326, 'y': -0.010016038082540035, 'z': -0.021134572103619576, 'w': 0.9995551705360413}, 'orientation_covariance': [0.0, 0.0, 0.0, 0.0, 0.0, 0.0, 0.0, 0.0, 0.0], 'angular_velocity': {'x': -0.07449399679899216, 'y': -0.08726440370082855, 'z': 0.06278780102729797}, 'angular_velocity_covariance': [0.0, 0.0, 0.0, 0.0, 0.0, 0.0, 0.0, 0.0, 0.0], 'linear_acceleration': {'x': -1.5053542852401733, 'y': -1.4532804489135742, 'z': 9.114127159118652}, 'linear_acceleration_covariance': [0.0, 0.0, 0.0, 0.0, 0.0, 0.0, 0.0, 0.0, 0.0]}, -2.442923325313952, 3.3824985027313232
{'left': 35831, 'right': 35095}, 0.001533981, {'header': {'stamp': {'sec': 1650618713, 'nanosec': 599954282}, 'frame_id': 'imu_link'}, 'orientation': {'x': 0.018265554681420326, 'y': -0.010016038082540035, 'z': -0.021134572103619576, 'w': 0.9995551705360413}, 'orientation_covariance': [0.0, 0.0, 0.0, 0.0, 0.0, 0.0, 0.0, 0.0, 0.0], 'angular_velocity': {'x': -0.07449399679899216, 'y': -0.08726440370082855, 'z': 0.06278780102729797}, 'angular_velocity_covariance': [0.0, 0.0, 0.0, 0.0, 0.0, 0.0, 0.0, 0.0, 0.0], 'linear_acceleration': {'x': -1.5053542852401733, 'y': -1.4532804489135742, 'z': 9.114127159118652}, 'linear_acceleration_covariance': [0.0, 0.0, 0.0, 0.0, 0.0, 0.0, 0.0, 0.0, 0.0]}, -2.263167897860943, 3.4294512271881104
{'left': 36242, 'right': 35509}, 0.001533981, {'header': {'stamp': {'sec': 1650618713, 'nanosec': 649973917}, 'frame_id': 'imu_link'}, 'orientation': {'x': 0.018047869205474854, 'y': -0.01119544543325901, 'z': -0.01954626478254795, 'w': 0.9995790719985962}, 'orientation_covariance': [0.0, 0.0, 0.0, 0.0, 0.0, 0.0, 0.0, 0.0, 0.0], 'angular_velocity': {'x': -0.06917300075292587, 'y': -0.05214580148458481, 'z': 0.09577800333499908}, 'angular_velocity_covariance': [0.0, 0.0, 0.0, 0.0, 0.0, 0.0, 0.0, 0.0, 0.0], 'linear_acceleration': {'x': -2.05123233795166, 'y': -1.20368492603302, 'z': 10.466252326965332}, 'linear_acceleration_covariance': [0.0, 0.0, 0.0, 0.0, 0.0, 0.0, 0.0, 0.0, 0.0]}, -2.23187291321415, 3.4756157398223877
{'left': 36413, 'right': 35679}, 0.001533981, {'header': {'stamp': {'sec': 1650618713, 'nanosec': 699948448}, 'frame_id': 'imu_link'}, 'orientation': {'x': 0.019535986706614494, 'y': -0.010436794720590115, 'z': -0.019272400066256523, 'w': 0.9995645880699158}, 'orientation_covariance': [0.0, 0.0, 0.0, 0.0, 0.0, 0.0, 0.0, 0.0, 0.0], 'angular_velocity': {'x': 0.0, 'y': 0.0713014006614685, 'z': 0.10535579919815063}, 'angular_velocity_covariance': [0.0, 0.0, 0.0, 0.0, 0.0, 0.0, 0.0, 0.0, 0.0], 'linear_acceleration': {'x': 2.1045031547546387, 'y': 0.9133879542350769, 'z': 11.607687950134277}, 'linear_acceleration_covariance': [0.0, 0.0, 0.0, 0.0, 0.0, 0.0, 0.0, 0.0, 0.0]}, -2.173022990553584, 3.522627115249634
{'left': 36575, 'right': 35834}, 0.001533981, {'header': {'stamp': {'sec': 1650618713, 'nanosec': 749956730}, 'frame_id': 'imu_link'}, 'orientation': {'x': 0.0184616856276989, 'y': -0.011950247921049595, 'z': -0.018740838393568993, 'w': 0.9995781779289246}, 'orientation_covariance': [0.0, 0.0, 0.0, 0.0, 0.0, 0.0, 0.0, 0.0, 0.0], 'angular_velocity': {'x': 0.004256799817085266, 'y': 0.05427420139312744, 'z': 0.04469640180468559}, 'angular_velocity_covariance': [0.0, 0.0, 0.0, 0.0, 0.0, 0.0, 0.0, 0.0, 0.0], 'linear_acceleration': {'x': 1.3521254062652588, 'y': 0.3238157629966736, 'z': 12.29362678527832}, 'linear_acceleration_covariance': [0.0, 0.0, 0.0, 0.0, 0.0, 0.0, 0.0, 0.0, 0.0]}, -2.0919182426983034, 3.5687661170959473
{'left': 36830, 'right': 36086}, 0.001533981, {'header': {'stamp': {'sec': 1650618713, 'nanosec': 799977928}, 'frame_id': 'imu_link'}, 'orientation': {'x': 0.015606849454343319, 'y': -0.012202766723930836, 'z': -0.01806231215596199, 'w': 0.9996363520622253}, 'orientation_covariance': [0.0, 0.0, 0.0, 0.0, 0.0, 0.0, 0.0, 0.0, 0.0], 'angular_velocity': {'x': 0.04043959826231003, 'y': -0.026605000719428062, 'z': -0.050017401576042175}, 'angular_velocity_covariance': [0.0, 0.0, 0.0, 0.0, 0.0, 0.0, 0.0, 0.0, 0.0], 'linear_acceleration': {'x': 0.35015198588371277, 'y': 0.2148796021938324, 'z': 10.38724422454834}, 'linear_acceleration_covariance': [0.0, 0.0, 0.0, 0.0, 0.0, 0.0, 0.0, 0.0, 0.0]}, -1.9115337149357312, 3.6149728298187256
{'left': 36830, 'right': 36086}, 0.001533981, {'header': {'stamp': {'sec': 1650618713, 'nanosec': 849950219}, 'frame_id': 'imu_link'}, 'orientation': {'x': 0.015476979315280914, 'y': -0.01180990319699049, 'z': -0.01649639382958412, 'w': 0.9996700882911682}, 'orientation_covariance': [0.0, 0.0, 0.0, 0.0, 0.0, 0.0, 0.0, 0.0, 0.0], 'angular_velocity': {'x': -0.0840718001127243, 'y': -0.03937539830803871, 'z': 0.09790640324354172}, 'angular_velocity_covariance': [0.0, 0.0, 0.0, 0.0, 0.0, 0.0, 0.0, 0.0, 0.0], 'linear_acceleration': {'x': -1.0606313943862915, 'y': -0.34416648745536804, 'z': 9.001599311828613}, 'linear_acceleration_covariance': [0.0, 0.0, 0.0, 0.0, 0.0, 0.0, 0.0, 0.0, 0.0]}, -1.705370249810486, 3.6617636680603027
{'left': 37000, 'right': 36260}, 0.001533981, {'header': {'stamp': {'sec': 1650618713, 'nanosec': 900081053}, 'frame_id': 'imu_link'}, 'orientation': {'x': 0.01502224337309599, 'y': -0.014413418248295784, 'z': -0.014662268571555614, 'w': 0.999671459197998}, 'orientation_covariance': [0.0, 0.0, 0.0, 0.0, 0.0, 0.0, 0.0, 0.0, 0.0], 'angular_velocity': {'x': -0.07342980057001114, 'y': -0.03618279844522476, 'z': 0.1298324018716812}, 'angular_velocity_covariance': [0.0, 0.0, 0.0, 0.0, 0.0, 0.0, 0.0, 0.0, 0.0], 'linear_acceleration': {'x': -2.387617588043213, 'y': -0.6799532771110535, 'z': 10.00836181640625}, 'linear_acceleration_covariance': [0.0, 0.0, 0.0, 0.0, 0.0, 0.0, 0.0, 0.0, 0.0]}, -1.705370249810486, 3.707540512084961
{'left': 37171, 'right': 36436}, 0.001533981, {'header': {'stamp': {'sec': 1650618713, 'nanosec': 949959438}, 'frame_id': 'imu_link'}, 'orientation': {'x': 0.01538725383579731, 'y': -0.015432152897119522, 'z': -0.014776849187910557, 'w': 0.999648928642273}, 'orientation_covariance': [0.0, 0.0, 0.0, 0.0, 0.0, 0.0, 0.0, 0.0, 0.0], 'angular_velocity': {'x': 0.01809139922261238, 'y': 0.043632201850414276, 'z': 0.0}, 'angular_velocity_covariance': [0.0, 0.0, 0.0, 0.0, 0.0, 0.0, 0.0, 0.0, 0.0], 'linear_acceleration': {'x': 0.6685808300971985, 'y': 0.1412578970193863, 'z': 11.088146209716797}, 'linear_acceleration_covariance': [0.0, 0.0, 0.0, 0.0, 0.0, 0.0, 0.0, 0.0, 0.0]}, -1.7209724534660293, 3.754488706588745
{'left': 37416, 'right': 36680}, 0.001533981, {'header': {'stamp': {'sec': 1650618713, 'nanosec': 999950896}, 'frame_id': 'imu_link'}, 'orientation': {'x': 0.015332207083702087, 'y': -0.016250040382146835, 'z': -0.01351399626582861, 'w': 0.9996546506881714}, 'orientation_covariance': [0.0, 0.0, 0.0, 0.0, 0.0, 0.0, 0.0, 0.0, 0.0], 'angular_velocity': {'x': 0.031925998628139496, 'y': -0.05746680125594139, 'z': -0.04576060175895691}, 'angular_velocity_covariance': [0.0, 0.0, 0.0, 0.0, 0.0, 0.0, 0.0, 0.0, 0.0], 'linear_acceleration': {'x': 0.6829460263252258, 'y': 0.4411316514015198, 'z': 10.482413291931152}, 'linear_acceleration_covariance': [0.0, 0.0, 0.0, 0.0, 0.0, 0.0, 0.0, 0.0, 0.0]}, -1.5776164269841575, 3.7997970581054688
{'left': 37587, 'right': 36852}, 0.001533981, {'header': {'stamp': {'sec': 1650618714, 'nanosec': 49960844}, 'frame_id': 'imu_link'}, 'orientation': {'x': 0.01361268013715744, 'y': -0.014897918328642845, 'z': -0.013262826018035412, 'w': 0.9997040629386902}, 'orientation_covariance': [0.0, 0.0, 0.0, 0.0, 0.0, 0.0, 0.0, 0.0, 0.0], 'angular_velocity': {'x': 0.03724699839949608, 'y': -0.02447660081088543, 'z': -0.04256799817085266}, 'angular_velocity_covariance': [0.0, 0.0, 0.0, 0.0, 0.0, 0.0, 0.0, 0.0, 0.0], 'linear_acceleration': {'x': -0.7314286231994629, 'y': 0.050876785069704056, 'z': 10.175955772399902}, 'linear_acceleration_covariance': [0.0, 0.0, 0.0, 0.0, 0.0, 0.0, 0.0, 0.0, 0.0]}, -1.5434523475704751, 3.845536231994629
{'left': 37759, 'right': 37027}, 0.001533981, {'header': {'stamp': {'sec': 1650618714, 'nanosec': 99966000}, 'frame_id': 'imu_link'}, 'orientation': {'x': 0.015208532102406025, 'y': -0.014472652226686478, 'z': -0.012172204442322254, 'w': 0.999701201915741}, 'orientation_covariance': [0.0, 0.0, 0.0, 0.0, 0.0, 0.0, 0.0, 0.0, 0.0], 'angular_velocity': {'x': -0.06917300075292587, 'y': -0.007449400145560503, 'z': 0.12344720214605331}, 'angular_velocity_covariance': [0.0, 0.0, 0.0, 0.0, 0.0, 0.0, 0.0, 0.0, 0.0], 'linear_acceleration': {'x': -1.7507599592208862, 'y': 1.1432312726974487, 'z': 10.773308753967285}, 'linear_acceleration_covariance': [0.0, 0.0, 0.0, 0.0, 0.0, 0.0, 0.0, 0.0, 0.0]}, -1.4203626850607851, 3.8912200927734375
{'left': 38001, 'right': 37267}, 0.001533981, {'header': {'stamp': {'sec': 1650618714, 'nanosec': 149950740}, 'frame_id': 'imu_link'}, 'orientation': {'x': 0.015901977196335793, 'y': -0.014946815557777882, 'z': -0.012703154236078262, 'w': 0.9996768236160278}, 'orientation_covariance': [0.0, 0.0, 0.0, 0.0, 0.0, 0.0, 0.0, 0.0, 0.0], 'angular_velocity': {'x': 0.03405439853668213, 'y': 0.06172360107302666, 'z': 0.0}, 'angular_velocity_covariance': [0.0, 0.0, 0.0, 0.0, 0.0, 0.0, 0.0, 0.0, 0.0], 'linear_acceleration': {'x': 0.395043283700943, 'y': 0.7763198614120483, 'z': 11.296442031860352}, 'linear_acceleration_covariance': [0.0, 0.0, 0.0, 0.0, 0.0, 0.0, 0.0, 0.0, 0.0]}, -1.483250646338641, 3.937187671661377
{'left': 38167, 'right': 37436}, 0.001533981, {'header': {'stamp': {'sec': 1650618714, 'nanosec': 149950740}, 'frame_id': 'imu_link'}, 'orientation': {'x': 0.015901977196335793, 'y': -0.014946815557777882, 'z': -0.012703154236078262, 'w': 0.9996768236160278}, 'orientation_covariance': [0.0, 0.0, 0.0, 0.0, 0.0, 0.0, 0.0, 0.0, 0.0], 'angular_velocity': {'x': 0.03405439853668213, 'y': 0.06172360107302666, 'z': 0.0}, 'angular_velocity_covariance': [0.0, 0.0, 0.0, 0.0, 0.0, 0.0, 0.0, 0.0, 0.0], 'linear_acceleration': {'x': 0.395043283700943, 'y': 0.7763198614120483, 'z': 11.296442031860352}, 'linear_acceleration_covariance': [0.0, 0.0, 0.0, 0.0, 0.0, 0.0, 0.0, 0.0, 0.0]}, -1.3883327260448477, 3.9843506813049316
{'left': 38341, 'right': 37608}, 0.001533981, {'header': {'stamp': {'sec': 1650618714, 'nanosec': 249985063}, 'frame_id': 'imu_link'}, 'orientation': {'x': 0.014567695558071136, 'y': -0.012504025362432003, 'z': -0.010064695961773396, 'w': 0.9997608065605164}, 'orientation_covariance': [0.0, 0.0, 0.0, 0.0, 0.0, 0.0, 0.0, 0.0, 0.0], 'angular_velocity': {'x': 0.009577799588441849, 'y': -0.07555820047855377, 'z': 0.0063852001912891865}, 'angular_velocity_covariance': [0.0, 0.0, 0.0, 0.0, 0.0, 0.0, 0.0, 0.0, 0.0], 'linear_acceleration': {'x': 0.1909375786781311, 'y': -0.8361749053001404, 'z': 9.187150001525879}, 'linear_acceleration_covariance': [0.0, 0.0, 0.0, 0.0, 0.0, 0.0, 0.0, 0.0, 0.0]}, -1.1743674904454446, 4.030794620513916
{'left': 38578, 'right': 37848}, 0.001533981, {'header': {'stamp': {'sec': 1650618714, 'nanosec': 299954594}, 'frame_id': 'imu_link'}, 'orientation': {'x': 0.01617112196981907, 'y': -0.012355848215520382, 'z': -0.010081615298986435, 'w': 0.9997377991676331}, 'orientation_covariance': [0.0, 0.0, 0.0, 0.0, 0.0, 0.0, 0.0, 0.0, 0.0], 'angular_velocity': {'x': -0.011706200428307056, 'y': -0.059595201164484024, 'z': -0.020219799131155014}, 'angular_velocity_covariance': [0.0, 0.0, 0.0, 0.0, 0.0, 0.0, 0.0, 0.0, 0.0], 'linear_acceleration': {'x': -0.30705636739730835, 'y': -1.703474521636963, 'z': 10.494982719421387}, 'linear_acceleration_covariance': [0.0, 0.0, 0.0, 0.0, 0.0, 0.0, 0.0, 0.0, 0.0]}, -1.1782946457158936, 4.078575372695923
{'left': 38751, 'right': 38022}, 0.001533981, {'header': {'stamp': {'sec': 1650618714, 'nanosec': 299954594}, 'frame_id': 'imu_link'}, 'orientation': {'x': 0.01617112196981907, 'y': -0.012355848215520382, 'z': -0.010081615298986435, 'w': 0.9997377991676331}, 'orientation_covariance': [0.0, 0.0, 0.0, 0.0, 0.0, 0.0, 0.0, 0.0, 0.0], 'angular_velocity': {'x': -0.011706200428307056, 'y': -0.059595201164484024, 'z': -0.020219799131155014}, 'angular_velocity_covariance': [0.0, 0.0, 0.0, 0.0, 0.0, 0.0, 0.0, 0.0, 0.0], 'linear_acceleration': {'x': -0.30705636739730835, 'y': -1.703474521636963, 'z': 10.494982719421387}, 'linear_acceleration_covariance': [0.0, 0.0, 0.0, 0.0, 0.0, 0.0, 0.0, 0.0, 0.0]}, -1.1782946457158936, 4.125177621841431
{'left': 38751, 'right': 38022}, 0.001533981, {'header': {'stamp': {'sec': 1650618714, 'nanosec': 299954594}, 'frame_id': 'imu_link'}, 'orientation': {'x': 0.01617112196981907, 'y': -0.012355848215520382, 'z': -0.010081615298986435, 'w': 0.9997377991676331}, 'orientation_covariance': [0.0, 0.0, 0.0, 0.0, 0.0, 0.0, 0.0, 0.0, 0.0], 'angular_velocity': {'x': -0.011706200428307056, 'y': -0.059595201164484024, 'z': -0.020219799131155014}, 'angular_velocity_covariance': [0.0, 0.0, 0.0, 0.0, 0.0, 0.0, 0.0, 0.0, 0.0], 'linear_acceleration': {'x': -0.30705636739730835, 'y': -1.703474521636963, 'z': 10.494982719421387}, 'linear_acceleration_covariance': [0.0, 0.0, 0.0, 0.0, 0.0, 0.0, 0.0, 0.0, 0.0]}, -1.2887052306983802, 4.170059680938721
{'left': 39180, 'right': 38446}, 0.001533981, {'header': {'stamp': {'sec': 1650618714, 'nanosec': 399979959}, 'frame_id': 'imu_link'}, 'orientation': {'x': 0.01806534454226494, 'y': -0.009491520933806896, 'z': -0.011074750684201717, 'w': 0.9997261762619019}, 'orientation_covariance': [0.0, 0.0, 0.0, 0.0, 0.0, 0.0, 0.0, 0.0, 0.0], 'angular_velocity': {'x': 0.056402601301670074, 'y': 0.05427420139312744, 'z': 0.01383460033684969}, 'angular_velocity_covariance': [0.0, 0.0, 0.0, 0.0, 0.0, 0.0, 0.0, 0.0, 0.0], 'linear_acceleration': {'x': 0.25917232036590576, 'y': 1.0779893398284912, 'z': 9.964667320251465}, 'linear_acceleration_covariance': [0.0, 0.0, 0.0, 0.0, 0.0, 0.0, 0.0, 0.0, 0.0]}, -1.1801540778969304, 4.216564893722534
{'left': 39352, 'right': 38614}, 0.001533981, {'header': {'stamp': {'sec': 1650618714, 'nanosec': 450078240}, 'frame_id': 'imu_link'}, 'orientation': {'x': 0.018306991085410118, 'y': -0.010672084055840969, 'z': -0.010103248991072178, 'w': 0.9997200965881348}, 'orientation_covariance': [0.0, 0.0, 0.0, 0.0, 0.0, 0.0, 0.0, 0.0, 0.0], 'angular_velocity': {'x': 0.04788900166749954, 'y': 0.06065940111875534, 'z': -0.023412400856614113}, 'angular_velocity_covariance': [0.0, 0.0, 0.0, 0.0, 0.0, 0.0, 0.0, 0.0, 0.0], 'linear_acceleration': {'x': -0.020949264988303185, 'y': 0.9720458984375, 'z': 9.434351921081543}, 'linear_acceleration_covariance': [0.0, 0.0, 0.0, 0.0, 0.0, 0.0, 0.0, 0.0, 0.0]}, -1.1116891434153982, 4.263322591781616
{'left': 39526, 'right': 38788}, 0.001533981, {'header': {'stamp': {'sec': 1650618714, 'nanosec': 499985427}, 'frame_id': 'imu_link'}, 'orientation': {'x': 0.017916616052389145, 'y': -0.011198782362043858, 'z': -0.009500296786427498, 'w': 0.9997273087501526}, 'orientation_covariance': [0.0, 0.0, 0.0, 0.0, 0.0, 0.0, 0.0, 0.0, 0.0], 'angular_velocity': {'x': 0.0, 'y': -0.06917300075292587, 'z': -0.03299019858241081}, 'angular_velocity_covariance': [0.0, 0.0, 0.0, 0.0, 0.0, 0.0, 0.0, 0.0, 0.0], 'linear_acceleration': {'x': 0.48602294921875, 'y': -0.7068880200386047, 'z': 8.814851760864258}, 'linear_acceleration_covariance': [0.0, 0.0, 0.0, 0.0, 0.0, 0.0, 0.0, 0.0, 0.0]}, -1.1116891434153982, 4.309888601303101
{'left': 39526, 'right': 38788}, 0.001533981, {'header': {'stamp': {'sec': 1650618714, 'nanosec': 549945011}, 'frame_id': 'imu_link'}, 'orientation': {'x': 0.02144239842891693, 'y': -0.010440734215080738, 'z': -0.00800540205091238, 'w': 0.9996792078018188}, 'orientation_covariance': [0.0, 0.0, 0.0, 0.0, 0.0, 0.0, 0.0, 0.0, 0.0], 'angular_velocity': {'x': -0.05853100121021271, 'y': 0.03299019858241081, 'z': 0.19049179553985596}, 'angular_velocity_covariance': [0.0, 0.0, 0.0, 0.0, 0.0, 0.0, 0.0, 0.0, 0.0], 'linear_acceleration': {'x': 2.38462495803833, 'y': 1.956661343574524, 'z': 9.442730903625488}, 'linear_acceleration_covariance': [0.0, 0.0, 0.0, 0.0, 0.0, 0.0, 0.0, 0.0, 0.0]}, -0.9429526647588089, 4.35639762878418
{'left': 39769, 'right': 39036}, 0.001533981, {'header': {'stamp': {'sec': 1650618714, 'nanosec': 599953500}, 'frame_id': 'imu_link'}, 'orientation': {'x': 0.021904511377215385, 'y': -0.012324536219239235, 'z': -0.005746012087911367, 'w': 0.999663233757019}, 'orientation_covariance': [0.0, 0.0, 0.0, 0.0, 0.0, 0.0, 0.0, 0.0, 0.0], 'angular_velocity': {'x': -0.05108160153031349, 'y': 0.03937539830803871, 'z': 0.1670794039964676}, 'angular_velocity_covariance': [0.0, 0.0, 0.0, 0.0, 0.0, 0.0, 0.0, 0.0, 0.0], 'linear_acceleration': {'x': 0.32261866331100464, 'y': 1.5310919284820557, 'z': 10.135852813720703}, 'linear_acceleration_covariance': [0.0, 0.0, 0.0, 0.0, 0.0, 0.0, 0.0, 0.0, 0.0]}, -0.6893799074275402, 4.402255296707153
{'left': 39940, 'right': 39208}, 0.001533981, {'header': {'stamp': {'sec': 1650618714, 'nanosec': 649966729}, 'frame_id': 'imu_link'}, 'orientation': {'x': 0.021669218316674232, 'y': -0.012236563488841057, 'z': -0.006068166345357895, 'w': 0.9996675848960876}, 'orientation_covariance': [0.0, 0.0, 0.0, 0.0, 0.0, 0.0, 0.0, 0.0, 0.0], 'angular_velocity': {'x': 0.0649162009358406, 'y': 0.031925998628139496, 'z': -0.02447660081088543}, 'angular_velocity_covariance': [0.0, 0.0, 0.0, 0.0, 0.0, 0.0, 0.0, 0.0, 0.0], 'linear_acceleration': {'x': -0.10295066982507706, 'y': 0.7140706181526184, 'z': 9.68694019317627}, 'linear_acceleration_covariance': [0.0, 0.0, 0.0, 0.0, 0.0, 0.0, 0.0, 0.0, 0.0]}, -0.7257462035809642, 4.448974132537842
{'left': 40111, 'right': 39377}, 0.001533981, {'header': {'stamp': {'sec': 1650618714, 'nanosec': 699962875}, 'frame_id': 'imu_link'}, 'orientation': {'x': 0.020743422210216522, 'y': -0.014261350966989994, 'z': -0.004579619038850069, 'w': 0.999668300151825}, 'orientation_covariance': [0.0, 0.0, 0.0, 0.0, 0.0, 0.0, 0.0, 0.0, 0.0], 'angular_velocity': {'x': -0.01383460033684969, 'y': -0.1096125990152359, 'z': -0.03086180053651333}, 'angular_velocity_covariance': [0.0, 0.0, 0.0, 0.0, 0.0, 0.0, 0.0, 0.0, 0.0], 'linear_acceleration': {'x': 1.2312182188034058, 'y': -0.9421183466911316, 'z': 10.217255592346191}, 'linear_acceleration_covariance': [0.0, 0.0, 0.0, 0.0, 0.0, 0.0, 0.0, 0.0, 0.0]}, -0.5587441597891919, 4.494729042053223
{'left': 40365, 'right': 39628}, 0.001533981, {'header': {'stamp': {'sec': 1650618714, 'nanosec': 749944438}, 'frame_id': 'imu_link'}, 'orientation': {'x': 0.020066697150468826, 'y': -0.01457721646875143, 'z': -0.003534147283062339, 'w': 0.9996817708015442}, 'orientation_covariance': [0.0, 0.0, 0.0, 0.0, 0.0, 0.0, 0.0, 0.0, 0.0], 'angular_velocity': {'x': -0.023412400856614113, 'y': -0.11174099892377853, 'z': 0.011706200428307056}, 'angular_velocity_covariance': [0.0, 0.0, 0.0, 0.0, 0.0, 0.0, 0.0, 0.0, 0.0], 'linear_acceleration': {'x': -0.10115502029657364, 'y': -1.1623848676681519, 'z': 9.186552047729492}, 'linear_acceleration_covariance': [0.0, 0.0, 0.0, 0.0, 0.0, 0.0, 0.0, 0.0, 0.0]}, -0.4385632806150863, 4.5411536693573
{'left': 40530, 'right': 39793}, 0.001533981, {'header': {'stamp': {'sec': 1650618714, 'nanosec': 799993240}, 'frame_id': 'imu_link'}, 'orientation': {'x': 0.021283568814396858, 'y': -0.014381439425051212, 'z': -0.0031373354140669107, 'w': 0.9996607899665833}, 'orientation_covariance': [0.0, 0.0, 0.0, 0.0, 0.0, 0.0, 0.0, 0.0, 0.0], 'angular_velocity': {'x': -0.015962999314069748, 'y': 0.02766920067369938, 'z': 0.12344720214605331}, 'angular_velocity_covariance': [0.0, 0.0, 0.0, 0.0, 0.0, 0.0, 0.0, 0.0, 0.0], 'linear_acceleration': {'x': 2.4139537811279297, 'y': 1.224035620689392, 'z': 11.701062202453613}, 'linear_acceleration_covariance': [0.0, 0.0, 0.0, 0.0, 0.0, 0.0, 0.0, 0.0, 0.0]}, -0.39463011830242706, 4.587549448013306
{'left': 40781, 'right': 40044}, 0.001533981, {'header': {'stamp': {'sec': 1650618714, 'nanosec': 849977719}, 'frame_id': 'imu_link'}, 'orientation': {'x': 0.019745266065001488, 'y': -0.013555027544498444, 'z': -0.003253973787650466, 'w': 0.9997036457061768}, 'orientation_covariance': [0.0, 0.0, 0.0, 0.0, 0.0, 0.0, 0.0, 0.0, 0.0], 'angular_velocity': {'x': 0.053210001438856125, 'y': 0.011706200428307056, 'z': -0.06385199725627899}, 'angular_velocity_covariance': [0.0, 0.0, 0.0, 0.0, 0.0, 0.0, 0.0, 0.0, 0.0], 'linear_acceleration': {'x': -0.7912836670875549, 'y': 0.0035913025494664907, 'z': 10.494384765625}, 'linear_acceleration_covariance': [0.0, 0.0, 0.0, 0.0, 0.0, 0.0, 0.0, 0.0, 0.0]}, -0.4035877676592809, 4.633182048797607
{'left': 40943, 'right': 40200}, 0.001533981, {'header': {'stamp': {'sec': 1650618714, 'nanosec': 900012042}, 'frame_id': 'imu_link'}, 'orientation': {'x': 0.017129886895418167, 'y': -0.01479756087064743, 'z': -0.0019672629423439503, 'w': 0.9997376203536987}, 'orientation_covariance': [0.0, 0.0, 0.0, 0.0, 0.0, 0.0, 0.0, 0.0, 0.0], 'angular_velocity': {'x': 0.07023719698190689, 'y': 0.026605000719428062, 'z': -0.012770400382578373}, 'angular_velocity_covariance': [0.0, 0.0, 0.0, 0.0, 0.0, 0.0, 0.0, 0.0, 0.0], 'linear_acceleration': {'x': 0.9074024558067322, 'y': 0.5728127360343933, 'z': 9.70010757446289}, 'linear_acceleration_covariance': [0.0, 0.0, 0.0, 0.0, 0.0, 0.0, 0.0, 0.0, 0.0]}, -0.2545310743070581, 4.678329229354858
{'left': 41104, 'right': 40367}, 0.001533981, {'header': {'stamp': {'sec': 1650618714, 'nanosec': 900012042}, 'frame_id': 'imu_link'}, 'orientation': {'x': 0.017129886895418167, 'y': -0.01479756087064743, 'z': -0.0019672629423439503, 'w': 0.9997376203536987}, 'orientation_covariance': [0.0, 0.0, 0.0, 0.0, 0.0, 0.0, 0.0, 0.0, 0.0], 'angular_velocity': {'x': 0.07023719698190689, 'y': 0.026605000719428062, 'z': -0.012770400382578373}, 'angular_velocity_covariance': [0.0, 0.0, 0.0, 0.0, 0.0, 0.0, 0.0, 0.0, 0.0], 'linear_acceleration': {'x': 0.9074024558067322, 'y': 0.5728127360343933, 'z': 9.70010757446289}, 'linear_acceleration_covariance': [0.0, 0.0, 0.0, 0.0, 0.0, 0.0, 0.0, 0.0, 0.0]}, -0.2545310743070581, 4.724524259567261
{'left': 41354, 'right': 40619}, 0.001533981, {'header': {'stamp': {'sec': 1650618714, 'nanosec': 949981938}, 'frame_id': 'imu_link'}, 'orientation': {'x': 0.01591329649090767, 'y': -0.015417016111314297, 'z': 0.0003842729202006012, 'w': 0.9997501373291016}, 'orientation_covariance': [0.0, 0.0, 0.0, 0.0, 0.0, 0.0, 0.0, 0.0, 0.0], 'angular_velocity': {'x': 0.0, 'y': -0.0713014006614685, 'z': 0.023412400856614113}, 'angular_velocity_covariance': [0.0, 0.0, 0.0, 0.0, 0.0, 0.0, 0.0, 0.0, 0.0], 'linear_acceleration': {'x': -0.2663549482822418, 'y': -1.702277421951294, 'z': 9.493009567260742}, 'linear_acceleration_covariance': [0.0, 0.0, 0.0, 0.0, 0.0, 0.0, 0.0, 0.0, 0.0]}, 0.05346358020404782, 4.7718846797943115
{'left': 41523, 'right': 40789}, 0.001533981, {'header': {'stamp': {'sec': 1650618714, 'nanosec': 999992979}, 'frame_id': 'imu_link'}, 'orientation': {'x': 0.018289964646100998, 'y': -0.016217274591326714, 'z': 0.0007631568005308509, 'w': 0.999696671962738}, 'orientation_covariance': [0.0, 0.0, 0.0, 0.0, 0.0, 0.0, 0.0, 0.0, 0.0], 'angular_velocity': {'x': -0.05214580148458481, 'y': 0.005320999771356583, 'z': 0.12663979828357697}, 'angular_velocity_covariance': [0.0, 0.0, 0.0, 0.0, 0.0, 0.0, 0.0, 0.0, 0.0], 'linear_acceleration': {'x': 0.9193734526634216, 'y': 1.3180080652236938, 'z': 11.182717323303223}, 'linear_acceleration_covariance': [0.0, 0.0, 0.0, 0.0, 0.0, 0.0, 0.0, 0.0, 0.0]}, 0.06400710932884184, 4.819756746292114
{'left': 41523, 'right': 40789}, 0.001533981, {'header': {'stamp': {'sec': 1650618715, 'nanosec': 49954490}, 'frame_id': 'imu_link'}, 'orientation': {'x': 0.018231386318802834, 'y': -0.017571667209267616, 'z': 0.0008788635022938251, 'w': 0.9996747970581055}, 'orientation_covariance': [0.0, 0.0, 0.0, 0.0, 0.0, 0.0, 0.0, 0.0, 0.0], 'angular_velocity': {'x': -0.043632201850414276, 'y': 0.04576060175895691, 'z': 0.09897059947252274}, 'angular_velocity_covariance': [0.0, 0.0, 0.0, 0.0, 0.0, 0.0, 0.0, 0.0, 0.0], 'linear_acceleration': {'x': 1.6609773635864258, 'y': 1.7519570589065552, 'z': 10.052055358886719}, 'linear_acceleration_covariance': [0.0, 0.0, 0.0, 0.0, 0.0, 0.0, 0.0, 0.0, 0.0]}, 0.06400710932884184, 4.866296291351318
{'left': 41766, 'right': 41033}, 0.001533981, {'header': {'stamp': {'sec': 1650618715, 'nanosec': 99975115}, 'frame_id': 'imu_link'}, 'orientation': {'x': 0.01620631478726864, 'y': -0.014611739665269852, 'z': 0.000628924579359591, 'w': 0.9997574090957642}, 'orientation_covariance': [0.0, 0.0, 0.0, 0.0, 0.0, 0.0, 0.0, 0.0, 0.0], 'angular_velocity': {'x': 0.06065940111875534, 'y': 0.015962999314069748, 'z': -0.0713014006614685}, 'angular_velocity_covariance': [0.0, 0.0, 0.0, 0.0, 0.0, 0.0, 0.0, 0.0, 0.0], 'linear_acceleration': {'x': -0.862511157989502, 'y': 0.33339259028434753, 'z': 10.262146949768066}, 'linear_acceleration_covariance': [0.0, 0.0, 0.0, 0.0, 0.0, 0.0, 0.0, 0.0, 0.0]}, 0.044935616552088616, 4.912079334259033
{'left': 41928, 'right': 41190}, 0.001533981, {'header': {'stamp': {'sec': 1650618715, 'nanosec': 149959333}, 'frame_id': 'imu_link'}, 'orientation': {'x': 0.015665670856833458, 'y': -0.01479940302670002, 'z': 0.0022351595107465982, 'w': 0.9997609257698059}, 'orientation_covariance': [0.0, 0.0, 0.0, 0.0, 0.0, 0.0, 0.0, 0.0, 0.0], 'angular_velocity': {'x': -0.035118598490953445, 'y': -0.07449399679899216, 'z': 0.06065940111875534}, 'angular_velocity_covariance': [0.0, 0.0, 0.0, 0.0, 0.0, 0.0, 0.0, 0.0, 0.0], 'linear_acceleration': {'x': -1.6735469102859497, 'y': -0.6697779297828674, 'z': 9.227851867675781}, 'linear_acceleration_covariance': [0.0, 0.0, 0.0, 0.0, 0.0, 0.0, 0.0, 0.0, 0.0]}, 0.2296036188177571, 4.95795750617981
{'left': 42353, 'right': 41624}, 0.001533981, {'header': {'stamp': {'sec': 1650618715, 'nanosec': 200072354}, 'frame_id': 'imu_link'}, 'orientation': {'x': 0.016731221228837967, 'y': -0.015389339998364449, 'z': 0.003571080043911934, 'w': 0.9997308850288391}, 'orientation_covariance': [0.0, 0.0, 0.0, 0.0, 0.0, 0.0, 0.0, 0.0, 0.0], 'angular_velocity': {'x': -0.03724699839949608, 'y': -0.0713014006614685, 'z': 0.10109899938106537}, 'angular_velocity_covariance': [0.0, 0.0, 0.0, 0.0, 0.0, 0.0, 0.0, 0.0, 0.0], 'linear_acceleration': {'x': -1.968033790588379, 'y': -0.45070844888687134, 'z': 9.695918083190918}, 'linear_acceleration_covariance': [0.0, 0.0, 0.0, 0.0, 0.0, 0.0, 0.0, 0.0, 0.0]}, 0.37978420491548953, 5.005831241607666
