{'left': 63290, 'right': 62557}, 0.001533981, {'header': {'stamp': {'sec': 1650618886, 'nanosec': 499952445}, 'frame_id': 'imu_link'}, 'orientation': {'x': 0.0037299683317542076, 'y': -0.07270500808954239, 'z': 0.4719076156616211, 'w': 0.8786323070526123}, 'orientation_covariance': [0.0, 0.0, 0.0, 0.0, 0.0, 0.0, 0.0, 0.0, 0.0], 'angular_velocity': {'x': 0.02766920067369938, 'y': -0.059595201164484024, 'z': -0.015962999314069748}, 'angular_velocity_covariance': [0.0, 0.0, 0.0, 0.0, 0.0, 0.0, 0.0, 0.0, 0.0], 'linear_acceleration': {'x': 1.3227964639663696, 'y': -0.590170681476593, 'z': 9.986215591430664}, 'linear_acceleration_covariance': [0.0, 0.0, 0.0, 0.0, 0.0, 0.0, 0.0, 0.0, 0.0]}, 56.716214996519376, 0.0
{'left': 63290, 'right': 62557}, 0.001533981, {'header': {'stamp': {'sec': 1650618886, 'nanosec': 550112185}, 'frame_id': 'imu_link'}, 'orientation': {'x': 0.0041886488907039165, 'y': -0.07042944431304932, 'z': 0.47204673290252686, 'w': 0.8787407875061035}, 'orientation_covariance': [0.0, 0.0, 0.0, 0.0, 0.0, 0.0, 0.0, 0.0, 0.0], 'angular_velocity': {'x': 0.0, 'y': -0.07555820047855377, 'z': -0.009577799588441849}, 'angular_velocity_covariance': [0.0, 0.0, 0.0, 0.0, 0.0, 0.0, 0.0, 0.0, 0.0], 'linear_acceleration': {'x': 1.2527660131454468, 'y': -0.608127236366272, 'z': 10.052654266357422}, 'linear_acceleration_covariance': [0.0, 0.0, 0.0, 0.0, 0.0, 0.0, 0.0, 0.0, 0.0]}, 56.70692659671854, 0.044937849044799805
{'left': 63290, 'right': 62557}, 0.001533981, {'header': {'stamp': {'sec': 1650618886, 'nanosec': 550112185}, 'frame_id': 'imu_link'}, 'orientation': {'x': 0.0041886488907039165, 'y': -0.07042944431304932, 'z': 0.47204673290252686, 'w': 0.8787407875061035}, 'orientation_covariance': [0.0, 0.0, 0.0, 0.0, 0.0, 0.0, 0.0, 0.0, 0.0], 'angular_velocity': {'x': 0.0, 'y': -0.07555820047855377, 'z': -0.009577799588441849}, 'angular_velocity_covariance': [0.0, 0.0, 0.0, 0.0, 0.0, 0.0, 0.0, 0.0, 0.0], 'linear_acceleration': {'x': 1.2527660131454468, 'y': -0.608127236366272, 'z': 10.052654266357422}, 'linear_acceleration_covariance': [0.0, 0.0, 0.0, 0.0, 0.0, 0.0, 0.0, 0.0, 0.0]}, 56.83435462939267, 0.09167933464050293
{'left': 63290, 'right': 62557}, 0.001533981, {'header': {'stamp': {'sec': 1650618886, 'nanosec': 649963330}, 'frame_id': 'imu_link'}, 'orientation': {'x': 0.003171777119860053, 'y': -0.07491932064294815, 'z': 0.47259435057640076, 'w': 0.8780791759490967}, 'orientation_covariance': [0.0, 0.0, 0.0, 0.0, 0.0, 0.0, 0.0, 0.0, 0.0], 'angular_velocity': {'x': 0.05214580148458481, 'y': -0.009577799588441849, 'z': 0.0}, 'angular_velocity_covariance': [0.0, 0.0, 0.0, 0.0, 0.0, 0.0, 0.0, 0.0, 0.0], 'linear_acceleration': {'x': 1.3970166444778442, 'y': -0.67815762758255, 'z': 9.890446662902832}, 'linear_acceleration_covariance': [0.0, 0.0, 0.0, 0.0, 0.0, 0.0, 0.0, 0.0, 0.0]}, 56.83435462939267, 0.13762354850769043
{'left': 63286, 'right': 62561}, 0.001533981, {'header': {'stamp': {'sec': 1650618886, 'nanosec': 699955414}, 'frame_id': 'imu_link'}, 'orientation': {'x': 0.0011540831765159965, 'y': -0.07586050778627396, 'z': 0.4728180170059204, 'w': 0.8778828978538513}, 'orientation_covariance': [0.0, 0.0, 0.0, 0.0, 0.0, 0.0, 0.0, 0.0, 0.0], 'angular_velocity': {'x': -0.038311198353767395, 'y': 0.010641999542713165, 'z': 0.04469640180468559}, 'angular_velocity_covariance': [0.0, 0.0, 0.0, 0.0, 0.0, 0.0, 0.0, 0.0, 0.0], 'linear_acceleration': {'x': 1.1953052282333374, 'y': -0.9056068062782288, 'z': 9.910798072814941}, 'linear_acceleration_covariance': [0.0, 0.0, 0.0, 0.0, 0.0, 0.0, 0.0, 0.0, 0.0]}, 56.884608763680454, 0.1837148666381836
{'left': 63197, 'right': 62655}, 0.001533981, {'header': {'stamp': {'sec': 1650618886, 'nanosec': 749975622}, 'frame_id': 'imu_link'}, 'orientation': {'x': -0.0012032354716211557, 'y': -0.07692559063434601, 'z': 0.47329792380332947, 'w': 0.8775314688682556}, 'orientation_covariance': [0.0, 0.0, 0.0, 0.0, 0.0, 0.0, 0.0, 0.0, 0.0], 'angular_velocity': {'x': 0.005320999771356583, 'y': 0.06598039716482162, 'z': 0.0}, 'angular_velocity_covariance': [0.0, 0.0, 0.0, 0.0, 0.0, 0.0, 0.0, 0.0, 0.0], 'linear_acceleration': {'x': 1.4389152526855469, 'y': -0.8702923059463501, 'z': 10.148422241210938}, 'linear_acceleration_covariance': [0.0, 0.0, 0.0, 0.0, 0.0, 0.0, 0.0, 0.0, 0.0]}, 56.9718296727521, 0.22972702980041504
{'left': 63197, 'right': 62655}, 0.001533981, {'header': {'stamp': {'sec': 1650618886, 'nanosec': 800015518}, 'frame_id': 'imu_link'}, 'orientation': {'x': -5.2676481573143974e-05, 'y': -0.07539962977170944, 'z': 0.4729546010494232, 'w': 0.877849817276001}, 'orientation_covariance': [0.0, 0.0, 0.0, 0.0, 0.0, 0.0, 0.0, 0.0, 0.0], 'angular_velocity': {'x': 0.06704460084438324, 'y': 0.0, 'z': -0.011706200428307056}, 'angular_velocity_covariance': [0.0, 0.0, 0.0, 0.0, 0.0, 0.0, 0.0, 0.0, 0.0], 'linear_acceleration': {'x': 1.6166846752166748, 'y': -0.4189852774143219, 'z': 9.594164848327637}, 'linear_acceleration_covariance': [0.0, 0.0, 0.0, 0.0, 0.0, 0.0, 0.0, 0.0, 0.0]}, 56.90273230778103, 0.2755889892578125
{'left': 62961, 'right': 62895}, 0.001533981, {'header': {'stamp': {'sec': 1650618886, 'nanosec': 849957185}, 'frame_id': 'imu_link'}, 'orientation': {'x': 0.0030746315605938435, 'y': -0.07325905561447144, 'z': 0.4728958010673523, 'w': 0.8780574202537537}, 'orientation_covariance': [0.0, 0.0, 0.0, 0.0, 0.0, 0.0, 0.0, 0.0, 0.0], 'angular_velocity': {'x': -0.015962999314069748, 'y': -0.007449400145560503, 'z': -0.01383460033684969}, 'angular_velocity_covariance': [0.0, 0.0, 0.0, 0.0, 0.0, 0.0, 0.0, 0.0, 0.0], 'linear_acceleration': {'x': 1.4730325937271118, 'y': -0.9038110971450806, 'z': 9.289502143859863}, 'linear_acceleration_covariance': [0.0, 0.0, 0.0, 0.0, 0.0, 0.0, 0.0, 0.0, 0.0]}, 56.85500030030368, 0.32165002822875977
{'left': 62745, 'right': 63113}, 0.001533981, {'header': {'stamp': {'sec': 1650618886, 'nanosec': 849957185}, 'frame_id': 'imu_link'}, 'orientation': {'x': 0.0030746315605938435, 'y': -0.07325905561447144, 'z': 0.4728958010673523, 'w': 0.8780574202537537}, 'orientation_covariance': [0.0, 0.0, 0.0, 0.0, 0.0, 0.0, 0.0, 0.0, 0.0], 'angular_velocity': {'x': -0.015962999314069748, 'y': -0.007449400145560503, 'z': -0.01383460033684969}, 'angular_velocity_covariance': [0.0, 0.0, 0.0, 0.0, 0.0, 0.0, 0.0, 0.0, 0.0], 'linear_acceleration': {'x': 1.4730325937271118, 'y': -0.9038110971450806, 'z': 9.289502143859863}, 'linear_acceleration_covariance': [0.0, 0.0, 0.0, 0.0, 0.0, 0.0, 0.0, 0.0, 0.0]}, 56.87537368257194, 0.36830782890319824
{'left': 62580, 'right': 63284}, 0.001533981, {'header': {'stamp': {'sec': 1650618886, 'nanosec': 949962966}, 'frame_id': 'imu_link'}, 'orientation': {'x': 0.004272017627954483, 'y': -0.07291293889284134, 'z': 0.47314688563346863, 'w': 0.8779458999633789}, 'orientation_covariance': [0.0, 0.0, 0.0, 0.0, 0.0, 0.0, 0.0, 0.0, 0.0], 'angular_velocity': {'x': 0.0713014006614685, 'y': 0.005320999771356583, 'z': -0.02447660081088543}, 'angular_velocity_covariance': [0.0, 0.0, 0.0, 0.0, 0.0, 0.0, 0.0, 0.0, 0.0], 'linear_acceleration': {'x': 1.3072340488433838, 'y': -0.44651859998703003, 'z': 10.303446769714355}, 'linear_acceleration_covariance': [0.0, 0.0, 0.0, 0.0, 0.0, 0.0, 0.0, 0.0, 0.0]}, 56.87824442889121, 0.4143028259277344
{'left': 62408, 'right': 63461}, 0.001533981, {'header': {'stamp': {'sec': 1650618886, 'nanosec': 949962966}, 'frame_id': 'imu_link'}, 'orientation': {'x': 0.004272017627954483, 'y': -0.07291293889284134, 'z': 0.47314688563346863, 'w': 0.8779458999633789}, 'orientation_covariance': [0.0, 0.0, 0.0, 0.0, 0.0, 0.0, 0.0, 0.0, 0.0], 'angular_velocity': {'x': 0.0713014006614685, 'y': 0.005320999771356583, 'z': -0.02447660081088543}, 'angular_velocity_covariance': [0.0, 0.0, 0.0, 0.0, 0.0, 0.0, 0.0, 0.0, 0.0], 'linear_acceleration': {'x': 1.3072340488433838, 'y': -0.44651859998703003, 'z': 10.303446769714355}, 'linear_acceleration_covariance': [0.0, 0.0, 0.0, 0.0, 0.0, 0.0, 0.0, 0.0, 0.0]}, 56.87824442889121, 0.46028637886047363
{'left': 62408, 'right': 63461}, 0.001533981, {'header': {'stamp': {'sec': 1650618886, 'nanosec': 999970778}, 'frame_id': 'imu_link'}, 'orientation': {'x': 0.00468831742182374, 'y': -0.0735459178686142, 'z': 0.4728167653083801, 'w': 0.8780686855316162}, 'orientation_covariance': [0.0, 0.0, 0.0, 0.0, 0.0, 0.0, 0.0, 0.0, 0.0], 'angular_velocity': {'x': -0.04469640180468559, 'y': 0.028733400627970695, 'z': 0.03618279844522476}, 'angular_velocity_covariance': [0.0, 0.0, 0.0, 0.0, 0.0, 0.0, 0.0, 0.0, 0.0], 'linear_acceleration': {'x': 1.215057373046875, 'y': -0.6961141228675842, 'z': 10.919953346252441}, 'linear_acceleration_covariance': [0.0, 0.0, 0.0, 0.0, 0.0, 0.0, 0.0, 0.0, 0.0]}, 56.78162997189821, 0.5058407783508301
{'left': 62151, 'right': 63721}, 0.001533981, {'header': {'stamp': {'sec': 1650618887, 'nanosec': 49961195}, 'frame_id': 'imu_link'}, 'orientation': {'x': 0.003799096215516329, 'y': -0.07117076218128204, 'z': 0.4725414216518402, 'w': 0.8784170746803284}, 'orientation_covariance': [0.0, 0.0, 0.0, 0.0, 0.0, 0.0, 0.0, 0.0, 0.0], 'angular_velocity': {'x': -0.012770400382578373, 'y': -0.031925998628139496, 'z': -0.04469640180468559}, 'angular_velocity_covariance': [0.0, 0.0, 0.0, 0.0, 0.0, 0.0, 0.0, 0.0, 0.0], 'linear_acceleration': {'x': 0.9175778031349182, 'y': -0.8188169598579407, 'z': 10.70866584777832}, 'linear_acceleration_covariance': [0.0, 0.0, 0.0, 0.0, 0.0, 0.0, 0.0, 0.0, 0.0]}, 56.7404031530027, 0.5519030094146729
{'left': 61808, 'right': 64058}, 0.001533981, {'header': {'stamp': {'sec': 1650618887, 'nanosec': 100031039}, 'frame_id': 'imu_link'}, 'orientation': {'x': 0.004753116052597761, 'y': -0.07341433316469193, 'z': 0.4720681607723236, 'w': 0.8784822225570679}, 'orientation_covariance': [0.0, 0.0, 0.0, 0.0, 0.0, 0.0, 0.0, 0.0, 0.0], 'angular_velocity': {'x': 0.0, 'y': -0.1670794039964676, 'z': 0.0}, 'angular_velocity_covariance': [0.0, 0.0, 0.0, 0.0, 0.0, 0.0, 0.0, 0.0, 0.0], 'linear_acceleration': {'x': 1.039083480834961, 'y': -0.5063736438751221, 'z': 9.767146110534668}, 'linear_acceleration_covariance': [0.0, 0.0, 0.0, 0.0, 0.0, 0.0, 0.0, 0.0, 0.0]}, 56.7404031530027, 0.5986535549163818
{'left': 61808, 'right': 64058}, 0.001533981, {'header': {'stamp': {'sec': 1650618887, 'nanosec': 149952132}, 'frame_id': 'imu_link'}, 'orientation': {'x': 0.006559842266142368, 'y': -0.07589598745107651, 'z': 0.47240716218948364, 'w': 0.8780773282051086}, 'orientation_covariance': [0.0, 0.0, 0.0, 0.0, 0.0, 0.0, 0.0, 0.0, 0.0], 'angular_velocity': {'x': -0.017027199268341064, 'y': -0.03618279844522476, 'z': 0.03937539830803871}, 'angular_velocity_covariance': [0.0, 0.0, 0.0, 0.0, 0.0, 0.0, 0.0, 0.0, 0.0], 'linear_acceleration': {'x': 0.8978255987167358, 'y': -0.8720879554748535, 'z': 10.530896186828613}, 'linear_acceleration_covariance': [0.0, 0.0, 0.0, 0.0, 0.0, 0.0, 0.0, 0.0, 0.0]}, 57.02161753082268, 0.644554853439331
{'left': 61552, 'right': 64315}, 0.001533981, {'header': {'stamp': {'sec': 1650618887, 'nanosec': 200009111}, 'frame_id': 'imu_link'}, 'orientation': {'x': 0.007427729666233063, 'y': -0.07835791260004044, 'z': 0.47387316823005676, 'w': 0.8770636916160583}, 'orientation_covariance': [0.0, 0.0, 0.0, 0.0, 0.0, 0.0, 0.0, 0.0, 0.0], 'angular_velocity': {'x': 0.08194340020418167, 'y': 0.026605000719428062, 'z': 0.08832859992980957}, 'angular_velocity_covariance': [0.0, 0.0, 0.0, 0.0, 0.0, 0.0, 0.0, 0.0, 0.0], 'linear_acceleration': {'x': 1.556829571723938, 'y': -0.7158662676811218, 'z': 10.13286018371582}, 'linear_acceleration_covariance': [0.0, 0.0, 0.0, 0.0, 0.0, 0.0, 0.0, 0.0, 0.0]}, 57.02161753082268, 0.6906211376190186
{'left': 61393, 'right': 64475}, 0.001533981, {'header': {'stamp': {'sec': 1650618887, 'nanosec': 249956247}, 'frame_id': 'imu_link'}, 'orientation': {'x': 0.006272691767662764, 'y': -0.07692468911409378, 'z': 0.47478315234184265, 'w': 0.8767072558403015}, 'orientation_covariance': [0.0, 0.0, 0.0, 0.0, 0.0, 0.0, 0.0, 0.0, 0.0], 'angular_velocity': {'x': 0.10109899938106537, 'y': 0.053210001438856125, 'z': 0.0}, 'angular_velocity_covariance': [0.0, 0.0, 0.0, 0.0, 0.0, 0.0, 0.0, 0.0, 0.0], 'linear_acceleration': {'x': 0.9229647517204285, 'y': -0.591367781162262, 'z': 10.367491722106934}, 'linear_acceleration_covariance': [0.0, 0.0, 0.0, 0.0, 0.0, 0.0, 0.0, 0.0, 0.0]}, 57.129718081719986, 0.7370069026947021
{'left': 61222, 'right': 64647}, 0.001533981, {'header': {'stamp': {'sec': 1650618887, 'nanosec': 300114736}, 'frame_id': 'imu_link'}, 'orientation': {'x': 0.006657532881945372, 'y': -0.07652406394481659, 'z': 0.475466251373291, 'w': 0.8763692378997803}, 'orientation_covariance': [0.0, 0.0, 0.0, 0.0, 0.0, 0.0, 0.0, 0.0, 0.0], 'angular_velocity': {'x': -0.014898800291121006, 'y': 0.010641999542713165, 'z': 0.035118598490953445}, 'angular_velocity_covariance': [0.0, 0.0, 0.0, 0.0, 0.0, 0.0, 0.0, 0.0, 0.0], 'linear_acceleration': {'x': 0.9900023937225342, 'y': -0.9702502489089966, 'z': 10.882843971252441}, 'linear_acceleration_covariance': [0.0, 0.0, 0.0, 0.0, 0.0, 0.0, 0.0, 0.0, 0.0]}, 57.21267393699769, 0.7827916145324707
{'left': 60965, 'right': 64901}, 0.001533981, {'header': {'stamp': {'sec': 1650618887, 'nanosec': 349983330}, 'frame_id': 'imu_link'}, 'orientation': {'x': 0.007809587754309177, 'y': -0.07852814346551895, 'z': 0.4751262664794922, 'w': 0.8763667941093445}, 'orientation_covariance': [0.0, 0.0, 0.0, 0.0, 0.0, 0.0, 0.0, 0.0, 0.0], 'angular_velocity': {'x': 0.02447660081088543, 'y': -0.007449400145560503, 'z': -0.043632201850414276}, 'angular_velocity_covariance': [0.0, 0.0, 0.0, 0.0, 0.0, 0.0, 0.0, 0.0, 0.0], 'linear_acceleration': {'x': 1.4179658889770508, 'y': -0.9050082564353943, 'z': 10.08318042755127}, 'linear_acceleration_covariance': [0.0, 0.0, 0.0, 0.0, 0.0, 0.0, 0.0, 0.0, 0.0]}, 57.18619130669398, 0.8292882442474365
{'left': 60802, 'right': 65063}, 0.001533981, {'header': {'stamp': {'sec': 1650618887, 'nanosec': 400079216}, 'frame_id': 'imu_link'}, 'orientation': {'x': 0.007824582979083061, 'y': -0.0757671520113945, 'z': 0.4747341573238373, 'w': 0.8768221139907837}, 'orientation_covariance': [0.0, 0.0, 0.0, 0.0, 0.0, 0.0, 0.0, 0.0, 0.0], 'angular_velocity': {'x': -0.06810879707336426, 'y': -0.06065940111875534, 'z': 0.03724699839949608}, 'angular_velocity_covariance': [0.0, 0.0, 0.0, 0.0, 0.0, 0.0, 0.0, 0.0, 0.0], 'linear_acceleration': {'x': 0.8409633040428162, 'y': -0.7146691679954529, 'z': 10.724227905273438}, 'linear_acceleration_covariance': [0.0, 0.0, 0.0, 0.0, 0.0, 0.0, 0.0, 0.0, 0.0]}, 57.10181187527209, 0.8748843669891357
{'left': 60554, 'right': 65312}, 0.001533981, {'header': {'stamp': {'sec': 1650618887, 'nanosec': 400079216}, 'frame_id': 'imu_link'}, 'orientation': {'x': 0.007824582979083061, 'y': -0.0757671520113945, 'z': 0.4747341573238373, 'w': 0.8768221139907837}, 'orientation_covariance': [0.0, 0.0, 0.0, 0.0, 0.0, 0.0, 0.0, 0.0, 0.0], 'angular_velocity': {'x': -0.06810879707336426, 'y': -0.06065940111875534, 'z': 0.03724699839949608}, 'angular_velocity_covariance': [0.0, 0.0, 0.0, 0.0, 0.0, 0.0, 0.0, 0.0, 0.0], 'linear_acceleration': {'x': 0.8409633040428162, 'y': -0.7146691679954529, 'z': 10.724227905273438}, 'linear_acceleration_covariance': [0.0, 0.0, 0.0, 0.0, 0.0, 0.0, 0.0, 0.0, 0.0]}, 57.201653287287286, 0.9205598831176758
{'left': 60392, 'right': 65473}, 0.001533981, {'header': {'stamp': {'sec': 1650618887, 'nanosec': 499988122}, 'frame_id': 'imu_link'}, 'orientation': {'x': 0.005990856792777777, 'y': -0.07682060450315475, 'z': 0.47654786705970764, 'w': 0.8757604360580444}, 'orientation_covariance': [0.0, 0.0, 0.0, 0.0, 0.0, 0.0, 0.0, 0.0, 0.0], 'angular_velocity': {'x': -0.04043959826231003, 'y': -0.09897059947252274, 'z': 0.09152120351791382}, 'angular_velocity_covariance': [0.0, 0.0, 0.0, 0.0, 0.0, 0.0, 0.0, 0.0, 0.0], 'linear_acceleration': {'x': 0.9074024558067322, 'y': -0.5123591423034668, 'z': 10.925939559936523}, 'linear_acceleration_covariance': [0.0, 0.0, 0.0, 0.0, 0.0, 0.0, 0.0, 0.0, 0.0]}, 57.36159842255789, 0.9669966697692871
{'left': 60223, 'right': 65645}, 0.001533981, {'header': {'stamp': {'sec': 1650618887, 'nanosec': 499988122}, 'frame_id': 'imu_link'}, 'orientation': {'x': 0.005990856792777777, 'y': -0.07682060450315475, 'z': 0.47654786705970764, 'w': 0.8757604360580444}, 'orientation_covariance': [0.0, 0.0, 0.0, 0.0, 0.0, 0.0, 0.0, 0.0, 0.0], 'angular_velocity': {'x': -0.04043959826231003, 'y': -0.09897059947252274, 'z': 0.09152120351791382}, 'angular_velocity_covariance': [0.0, 0.0, 0.0, 0.0, 0.0, 0.0, 0.0, 0.0, 0.0], 'linear_acceleration': {'x': 0.9074024558067322, 'y': -0.5123591423034668, 'z': 10.925939559936523}, 'linear_acceleration_covariance': [0.0, 0.0, 0.0, 0.0, 0.0, 0.0, 0.0, 0.0, 0.0]}, 57.94979444081858, 1.0127191543579102
{'left': 59980, 'right': 65891}, 0.001533981, {'header': {'stamp': {'sec': 1650618887, 'nanosec': 549954372}, 'frame_id': 'imu_link'}, 'orientation': {'x': 0.010367609560489655, 'y': -0.07887890934944153, 'z': 0.48099759221076965, 'w': 0.8730999231338501}, 'orientation_covariance': [0.0, 0.0, 0.0, 0.0, 0.0, 0.0, 0.0, 0.0, 0.0], 'angular_velocity': {'x': -0.007449400145560503, 'y': -0.15218059718608856, 'z': 0.2596648037433624}, 'angular_velocity_covariance': [0.0, 0.0, 0.0, 0.0, 0.0, 0.0, 0.0, 0.0, 0.0], 'linear_acceleration': {'x': 1.9829975366592407, 'y': -0.4836287498474121, 'z': 9.818022727966309}, 'linear_acceleration_covariance': [0.0, 0.0, 0.0, 0.0, 0.0, 0.0, 0.0, 0.0, 0.0]}, 58.592820675737094, 1.0602262020111084
{'left': 59980, 'right': 65891}, 0.001533981, {'header': {'stamp': {'sec': 1650618887, 'nanosec': 600013070}, 'frame_id': 'imu_link'}, 'orientation': {'x': 0.011664803139865398, 'y': -0.07765141874551773, 'z': 0.486029714345932, 'w': 0.8704026341438293}, 'orientation_covariance': [0.0, 0.0, 0.0, 0.0, 0.0, 0.0, 0.0, 0.0, 0.0], 'angular_velocity': {'x': 0.011706200428307056, 'y': -0.08300759643316269, 'z': 0.27243518829345703}, 'angular_velocity_covariance': [0.0, 0.0, 0.0, 0.0, 0.0, 0.0, 0.0, 0.0, 0.0], 'linear_acceleration': {'x': 1.4957774877548218, 'y': -0.284311443567276, 'z': 9.711480140686035}, 'linear_acceleration_covariance': [0.0, 0.0, 0.0, 0.0, 0.0, 0.0, 0.0, 0.0, 0.0]}, 58.592820675737094, 1.106508493423462
{'left': 59816, 'right': 66050}, 0.001533981, {'header': {'stamp': {'sec': 1650618887, 'nanosec': 649956299}, 'frame_id': 'imu_link'}, 'orientation': {'x': 0.015325336717069149, 'y': -0.07834047824144363, 'z': 0.4935770332813263, 'w': 0.8660261034965515}, 'orientation_covariance': [0.0, 0.0, 0.0, 0.0, 0.0, 0.0, 0.0, 0.0, 0.0], 'angular_velocity': {'x': 0.0, 'y': -0.15218059718608856, 'z': 0.35650700330734253}, 'angular_velocity_covariance': [0.0, 0.0, 0.0, 0.0, 0.0, 0.0, 0.0, 0.0, 0.0], 'linear_acceleration': {'x': 1.6968904733657837, 'y': 0.06823474913835526, 'z': 9.361927032470703}, 'linear_acceleration_covariance': [0.0, 0.0, 0.0, 0.0, 0.0, 0.0, 0.0, 0.0, 0.0]}, 60.69211282133454, 1.1543793678283691
{'left': 59398, 'right': 66468}, 0.001533981, {'header': {'stamp': {'sec': 1650618887, 'nanosec': 700023695}, 'frame_id': 'imu_link'}, 'orientation': {'x': 0.01598993130028248, 'y': -0.07995614409446716, 'z': 0.5017640590667725, 'w': 0.8611478805541992}, 'orientation_covariance': [0.0, 0.0, 0.0, 0.0, 0.0, 0.0, 0.0, 0.0, 0.0], 'angular_velocity': {'x': -0.1670794039964676, 'y': -0.1936843991279602, 'z': 0.5257148146629333}, 'angular_velocity_covariance': [0.0, 0.0, 0.0, 0.0, 0.0, 0.0, 0.0, 0.0, 0.0], 'linear_acceleration': {'x': 1.3180080652236938, 'y': -0.2801215946674347, 'z': 9.537900924682617}, 'linear_acceleration_covariance': [0.0, 0.0, 0.0, 0.0, 0.0, 0.0, 0.0, 0.0, 0.0]}, 60.69211282133454, 1.2002582550048828
{'left': 59398, 'right': 66468}, 0.001533981, {'header': {'stamp': {'sec': 1650618887, 'nanosec': 749945309}, 'frame_id': 'imu_link'}, 'orientation': {'x': 0.012477281503379345, 'y': -0.08203080296516418, 'z': 0.5109785795211792, 'w': 0.8555744886398315}, 'orientation_covariance': [0.0, 0.0, 0.0, 0.0, 0.0, 0.0, 0.0, 0.0, 0.0], 'angular_velocity': {'x': -0.22773879766464233, 'y': -0.10854840278625488, 'z': 0.5608333945274353}, 'angular_velocity_covariance': [0.0, 0.0, 0.0, 0.0, 0.0, 0.0, 0.0, 0.0, 0.0], 'linear_acceleration': {'x': 0.8672995567321777, 'y': -0.30466216802597046, 'z': 9.955689430236816}, 'linear_acceleration_covariance': [0.0, 0.0, 0.0, 0.0, 0.0, 0.0, 0.0, 0.0, 0.0]}, 61.97305202907204, 1.2466802597045898
{'left': 59224, 'right': 66633}, 0.001533981, {'header': {'stamp': {'sec': 1650618887, 'nanosec': 799958799}, 'frame_id': 'imu_link'}, 'orientation': {'x': 0.01111717987805605, 'y': -0.08577553927898407, 'z': 0.5255720019340515, 'w': 0.8463360071182251}, 'orientation_covariance': [0.0, 0.0, 0.0, 0.0, 0.0, 0.0, 0.0, 0.0, 0.0], 'angular_velocity': {'x': 0.03618279844522476, 'y': -0.06810879707336426, 'z': 0.4576059877872467}, 'angular_velocity_covariance': [0.0, 0.0, 0.0, 0.0, 0.0, 0.0, 0.0, 0.0, 0.0], 'linear_acceleration': {'x': 1.7190368175506592, 'y': -0.5422866940498352, 'z': 9.719261169433594}, 'linear_acceleration_covariance': [0.0, 0.0, 0.0, 0.0, 0.0, 0.0, 0.0, 0.0, 0.0]}, 64.00697261494523, 1.2935223579406738
{'left': 58968, 'right': 66893}, 0.001533981, {'header': {'stamp': {'sec': 1650618887, 'nanosec': 849964424}, 'frame_id': 'imu_link'}, 'orientation': {'x': 0.017067231237888336, 'y': -0.08967938274145126, 'z': 0.5331416726112366, 'w': 0.8410813212394714}, 'orientation_covariance': [0.0, 0.0, 0.0, 0.0, 0.0, 0.0, 0.0, 0.0, 0.0], 'angular_velocity': {'x': 0.19794119894504547, 'y': -0.24902279675006866, 'z': 0.40971699357032776}, 'angular_velocity_covariance': [0.0, 0.0, 0.0, 0.0, 0.0, 0.0, 0.0, 0.0, 0.0], 'linear_acceleration': {'x': 1.5753847360610962, 'y': -0.5979518890380859, 'z': 10.950479507446289}, 'linear_acceleration_covariance': [0.0, 0.0, 0.0, 0.0, 0.0, 0.0, 0.0, 0.0, 0.0]}, 65.07042007119112, 1.339261531829834
{'left': 58807, 'right': 67056}, 0.001533981, {'header': {'stamp': {'sec': 1650618887, 'nanosec': 899978017}, 'frame_id': 'imu_link'}, 'orientation': {'x': 0.02490745484828949, 'y': -0.0942205935716629, 'z': 0.5396451354026794, 'w': 0.836227536201477}, 'orientation_covariance': [0.0, 0.0, 0.0, 0.0, 0.0, 0.0, 0.0, 0.0, 0.0], 'angular_velocity': {'x': 0.285205602645874, 'y': -0.3022328019142151, 'z': 0.37779098749160767}, 'angular_velocity_covariance': [0.0, 0.0, 0.0, 0.0, 0.0, 0.0, 0.0, 0.0, 0.0], 'linear_acceleration': {'x': 1.3198037147521973, 'y': -0.7703343629837036, 'z': 10.492588996887207}, 'linear_acceleration_covariance': [0.0, 0.0, 0.0, 0.0, 0.0, 0.0, 0.0, 0.0, 0.0]}, 65.99639497344755, 1.3843886852264404
{'left': 58637, 'right': 67225}, 0.001533981, {'header': {'stamp': {'sec': 1650618887, 'nanosec': 949965726}, 'frame_id': 'imu_link'}, 'orientation': {'x': 0.03207284212112427, 'y': -0.09772918373346329, 'z': 0.549383819103241, 'w': 0.8292099237442017}, 'orientation_covariance': [0.0, 0.0, 0.0, 0.0, 0.0, 0.0, 0.0, 0.0, 0.0], 'angular_velocity': {'x': 0.25327959656715393, 'y': -0.1553732007741928, 'z': 0.2788203954696655}, 'angular_velocity_covariance': [0.0, 0.0, 0.0, 0.0, 0.0, 0.0, 0.0, 0.0, 0.0], 'linear_acceleration': {'x': 1.6280571222305298, 'y': -0.9971849918365479, 'z': 10.080187797546387}, 'linear_acceleration_covariance': [0.0, 0.0, 0.0, 0.0, 0.0, 0.0, 0.0, 0.0, 0.0]}, 67.36739579873792, 1.431373119354248
{'left': 58383, 'right': 67479}, 0.001533981, {'header': {'stamp': {'sec': 1650618887, 'nanosec': 999978903}, 'frame_id': 'imu_link'}, 'orientation': {'x': 0.033650971949100494, 'y': -0.10223405063152313, 'z': 0.5557543635368347, 'w': 0.8243446946144104}, 'orientation_covariance': [0.0, 0.0, 0.0, 0.0, 0.0, 0.0, 0.0, 0.0, 0.0], 'angular_velocity': {'x': -0.02766920067369938, 'y': -0.15856580436229706, 'z': 0.36395639181137085}, 'angular_velocity_covariance': [0.0, 0.0, 0.0, 0.0, 0.0, 0.0, 0.0, 0.0, 0.0], 'linear_acceleration': {'x': 2.3301568031311035, 'y': -0.8092401623725891, 'z': 9.103353500366211}, 'linear_acceleration_covariance': [0.0, 0.0, 0.0, 0.0, 0.0, 0.0, 0.0, 0.0, 0.0]}, 68.32817907131619, 1.4776272773742676
{'left': 58214, 'right': 67649}, 0.001533981, {'header': {'stamp': {'sec': 1650618888, 'nanosec': 49955882}, 'frame_id': 'imu_link'}, 'orientation': {'x': 0.029040401801466942, 'y': -0.10813162475824356, 'z': 0.5630201697349548, 'w': 0.8188185691833496}, 'orientation_covariance': [0.0, 0.0, 0.0, 0.0, 0.0, 0.0, 0.0, 0.0, 0.0], 'angular_velocity': {'x': -0.22241780161857605, 'y': -0.14366699755191803, 'z': 0.46611958742141724}, 'angular_velocity_covariance': [0.0, 0.0, 0.0, 0.0, 0.0, 0.0, 0.0, 0.0, 0.0], 'linear_acceleration': {'x': 1.7944540977478027, 'y': -1.3329718112945557, 'z': 10.153210639953613}, 'linear_acceleration_covariance': [0.0, 0.0, 0.0, 0.0, 0.0, 0.0, 0.0, 0.0, 0.0]}, 69.48629757010974, 1.5253236293792725
{'left': 58052, 'right': 67813}, 0.001533981, {'header': {'stamp': {'sec': 1650618888, 'nanosec': 99963382}, 'frame_id': 'imu_link'}, 'orientation': {'x': 0.02101866900920868, 'y': -0.11688113212585449, 'z': 0.5750536918640137, 'w': 0.8094452619552612}, 'orientation_covariance': [0.0, 0.0, 0.0, 0.0, 0.0, 0.0, 0.0, 0.0, 0.0], 'angular_velocity': {'x': -0.1926202028989792, 'y': -0.08300759643316269, 'z': 0.5363568067550659}, 'angular_velocity_covariance': [0.0, 0.0, 0.0, 0.0, 0.0, 0.0, 0.0, 0.0, 0.0], 'linear_acceleration': {'x': 1.65618896484375, 'y': -1.0809820890426636, 'z': 9.634865760803223}, 'linear_acceleration_covariance': [0.0, 0.0, 0.0, 0.0, 0.0, 0.0, 0.0, 0.0, 0.0]}, 71.41897107046687, 1.5715718269348145
{'left': 57798, 'right': 68068}, 0.001533981, {'header': {'stamp': {'sec': 1650618888, 'nanosec': 149967184}, 'frame_id': 'imu_link'}, 'orientation': {'x': 0.016812510788440704, 'y': -0.12046907097101212, 'z': 0.5829042196273804, 'w': 0.8033795356750488}, 'orientation_covariance': [0.0, 0.0, 0.0, 0.0, 0.0, 0.0, 0.0, 0.0, 0.0], 'angular_velocity': {'x': -0.10216320306062698, 'y': 0.011706200428307056, 'z': 0.47889000177383423}, 'angular_velocity_covariance': [0.0, 0.0, 0.0, 0.0, 0.0, 0.0, 0.0, 0.0, 0.0], 'linear_acceleration': {'x': 2.5091233253479004, 'y': -1.0977414846420288, 'z': 8.781332969665527}, 'linear_acceleration_covariance': [0.0, 0.0, 0.0, 0.0, 0.0, 0.0, 0.0, 0.0, 0.0]}, 72.64584725120034, 1.6179046630859375
{'left': 57638, 'right': 68228}, 0.001533981, {'header': {'stamp': {'sec': 1650618888, 'nanosec': 149967184}, 'frame_id': 'imu_link'}, 'orientation': {'x': 0.016812510788440704, 'y': -0.12046907097101212, 'z': 0.5829042196273804, 'w': 0.8033795356750488}, 'orientation_covariance': [0.0, 0.0, 0.0, 0.0, 0.0, 0.0, 0.0, 0.0, 0.0], 'angular_velocity': {'x': -0.10216320306062698, 'y': 0.011706200428307056, 'z': 0.47889000177383423}, 'angular_velocity_covariance': [0.0, 0.0, 0.0, 0.0, 0.0, 0.0, 0.0, 0.0, 0.0], 'linear_acceleration': {'x': 2.5091233253479004, 'y': -1.0977414846420288, 'z': 8.781332969665527}, 'linear_acceleration_covariance': [0.0, 0.0, 0.0, 0.0, 0.0, 0.0, 0.0, 0.0, 0.0]}, 74.22316367684438, 1.6648859977722168
{'left': 57397, 'right': 68474}, 0.001533981, {'header': {'stamp': {'sec': 1650618888, 'nanosec': 199974944}, 'frame_id': 'imu_link'}, 'orientation': {'x': 0.011326758190989494, 'y': -0.11948173493146896, 'z': 0.5938231945037842, 'w': 0.7955886721611023}, 'orientation_covariance': [0.0, 0.0, 0.0, 0.0, 0.0, 0.0, 0.0, 0.0, 0.0], 'angular_velocity': {'x': 0.11493360251188278, 'y': 0.0063852001912891865, 'z': 0.3788551986217499}, 'angular_velocity_covariance': [0.0, 0.0, 0.0, 0.0, 0.0, 0.0, 0.0, 0.0, 0.0], 'linear_acceleration': {'x': 1.489791989326477, 'y': -1.6071078777313232, 'z': 10.56501293182373}, 'linear_acceleration_covariance': [0.0, 0.0, 0.0, 0.0, 0.0, 0.0, 0.0, 0.0, 0.0]}, 75.01050329656636, 1.7111973762512207
{'left': 57231, 'right': 68635}, 0.001533981, {'header': {'stamp': {'sec': 1650618888, 'nanosec': 249982549}, 'frame_id': 'imu_link'}, 'orientation': {'x': 0.011145937256515026, 'y': -0.11862964928150177, 'z': 0.5993750691413879, 'w': 0.7915450930595398}, 'orientation_covariance': [0.0, 0.0, 0.0, 0.0, 0.0, 0.0, 0.0, 0.0, 0.0], 'angular_velocity': {'x': 0.12663979828357697, 'y': 0.06810879707336426, 'z': 0.29904019832611084}, 'angular_velocity_covariance': [0.0, 0.0, 0.0, 0.0, 0.0, 0.0, 0.0, 0.0, 0.0], 'linear_acceleration': {'x': 2.3050177097320557, 'y': -1.4197615385055542, 'z': 8.860342025756836}, 'linear_acceleration_covariance': [0.0, 0.0, 0.0, 0.0, 0.0, 0.0, 0.0, 0.0, 0.0]}, 75.73077999148762, 1.7570774555206299
{'left': 57231, 'right': 68635}, 0.001533981, {'header': {'stamp': {'sec': 1650618888, 'nanosec': 299947444}, 'frame_id': 'imu_link'}, 'orientation': {'x': 0.0097458241507411, 'y': -0.11873161047697067, 'z': 0.6042563319206238, 'w': 0.7878283858299255}, 'orientation_covariance': [0.0, 0.0, 0.0, 0.0, 0.0, 0.0, 0.0, 0.0, 0.0], 'angular_velocity': {'x': -0.01383460033684969, 'y': 0.056402601301670074, 'z': 0.3150031864643097}, 'angular_velocity_covariance': [0.0, 0.0, 0.0, 0.0, 0.0, 0.0, 0.0, 0.0, 0.0], 'linear_acceleration': {'x': 2.075174331665039, 'y': -1.3982137441635132, 'z': 9.01596450805664}, 'linear_acceleration_covariance': [0.0, 0.0, 0.0, 0.0, 0.0, 0.0, 0.0, 0.0, 0.0]}, 76.63941349951638, 1.8033578395843506
{'left': 57068, 'right': 68796}, 0.001533981, {'header': {'stamp': {'sec': 1650618888, 'nanosec': 349955465}, 'frame_id': 'imu_link'}, 'orientation': {'x': 0.001984607195481658, 'y': -0.11798965930938721, 'z': 0.6103962659835815, 'w': 0.7832510471343994}, 'orientation_covariance': [0.0, 0.0, 0.0, 0.0, 0.0, 0.0, 0.0, 0.0, 0.0], 'angular_velocity': {'x': -0.05427420139312744, 'y': 0.11386939883232117, 'z': 0.17027199268341064}, 'angular_velocity_covariance': [0.0, 0.0, 0.0, 0.0, 0.0, 0.0, 0.0, 0.0, 0.0], 'linear_acceleration': {'x': 1.9979612827301025, 'y': -1.7788918018341064, 'z': 10.355521202087402}, 'linear_acceleration_covariance': [0.0, 0.0, 0.0, 0.0, 0.0, 0.0, 0.0, 0.0, 0.0]}, 76.8963770275412, 1.8493633270263672
{'left': 56648, 'right': 69213}, 0.001533981, {'header': {'stamp': {'sec': 1650618888, 'nanosec': 399948486}, 'frame_id': 'imu_link'}, 'orientation': {'x': 0.0026284141931682825, 'y': -0.1201871708035469, 'z': 0.6117920279502869, 'w': 0.7818248867988586}, 'orientation_covariance': [0.0, 0.0, 0.0, 0.0, 0.0, 0.0, 0.0, 0.0, 0.0], 'angular_velocity': {'x': -0.01383460033684969, 'y': -0.056402601301670074, 'z': 0.07449399679899216}, 'angular_velocity_covariance': [0.0, 0.0, 0.0, 0.0, 0.0, 0.0, 0.0, 0.0, 0.0], 'linear_acceleration': {'x': 1.9776105880737305, 'y': -1.2042834758758545, 'z': 9.281721115112305}, 'linear_acceleration_covariance': [0.0, 0.0, 0.0, 0.0, 0.0, 0.0, 0.0, 0.0, 0.0]}, 76.8963770275412, 1.8944034576416016
{'left': 56648, 'right': 69213}, 0.001533981, {'header': {'stamp': {'sec': 1650618888, 'nanosec': 399948486}, 'frame_id': 'imu_link'}, 'orientation': {'x': 0.0026284141931682825, 'y': -0.1201871708035469, 'z': 0.6117920279502869, 'w': 0.7818248867988586}, 'orientation_covariance': [0.0, 0.0, 0.0, 0.0, 0.0, 0.0, 0.0, 0.0, 0.0], 'angular_velocity': {'x': -0.01383460033684969, 'y': -0.056402601301670074, 'z': 0.07449399679899216}, 'angular_velocity_covariance': [0.0, 0.0, 0.0, 0.0, 0.0, 0.0, 0.0, 0.0, 0.0], 'linear_acceleration': {'x': 1.9776105880737305, 'y': -1.2042834758758545, 'z': 9.281721115112305}, 'linear_acceleration_covariance': [0.0, 0.0, 0.0, 0.0, 0.0, 0.0, 0.0, 0.0, 0.0]}, 77.195573291703, 1.9404122829437256
{'left': 56403, 'right': 69462}, 0.001533981, {'header': {'stamp': {'sec': 1650618888, 'nanosec': 499998486}, 'frame_id': 'imu_link'}, 'orientation': {'x': 0.0013523788657039404, 'y': -0.1197657436132431, 'z': 0.6149229407310486, 'w': 0.7794328331947327}, 'orientation_covariance': [0.0, 0.0, 0.0, 0.0, 0.0, 0.0, 0.0, 0.0, 0.0], 'angular_velocity': {'x': -0.025540800765156746, 'y': -0.03405439853668213, 'z': 0.06172360107302666}, 'angular_velocity_covariance': [0.0, 0.0, 0.0, 0.0, 0.0, 0.0, 0.0, 0.0, 0.0], 'linear_acceleration': {'x': 1.046864628791809, 'y': -1.3652935028076172, 'z': 11.155183792114258}, 'linear_acceleration_covariance': [0.0, 0.0, 0.0, 0.0, 0.0, 0.0, 0.0, 0.0, 0.0]}, 77.35127606322709, 1.9868113994598389
{'left': 56235, 'right': 69632}, 0.001533981, {'header': {'stamp': {'sec': 1650618888, 'nanosec': 549982913}, 'frame_id': 'imu_link'}, 'orientation': {'x': 0.0016895233420655131, 'y': -0.1197764202952385, 'z': 0.6158505082130432, 'w': 0.7786978483200073}, 'orientation_covariance': [0.0, 0.0, 0.0, 0.0, 0.0, 0.0, 0.0, 0.0, 0.0], 'angular_velocity': {'x': 0.0, 'y': 0.017027199268341064, 'z': 0.03086180053651333}, 'angular_velocity_covariance': [0.0, 0.0, 0.0, 0.0, 0.0, 0.0, 0.0, 0.0, 0.0], 'linear_acceleration': {'x': 1.746570110321045, 'y': -1.590348482131958, 'z': 9.64923095703125}, 'linear_acceleration_covariance': [0.0, 0.0, 0.0, 0.0, 0.0, 0.0, 0.0, 0.0, 0.0]}, 77.48742237828544, 2.033432960510254
{'left': 56074, 'right': 69795}, 0.001533981, {'header': {'stamp': {'sec': 1650618888, 'nanosec': 599956507}, 'frame_id': 'imu_link'}, 'orientation': {'x': 0.004321596585214138, 'y': -0.11998187005519867, 'z': 0.6151197552680969, 'w': 0.779233455657959}, 'orientation_covariance': [0.0, 0.0, 0.0, 0.0, 0.0, 0.0, 0.0, 0.0, 0.0], 'angular_velocity': {'x': -0.012770400382578373, 'y': 0.0, 'z': -0.011706200428307056}, 'angular_velocity_covariance': [0.0, 0.0, 0.0, 0.0, 0.0, 0.0, 0.0, 0.0, 0.0], 'linear_acceleration': {'x': 1.9225438833236694, 'y': -1.2258312702178955, 'z': 9.048885345458984}, 'linear_acceleration_covariance': [0.0, 0.0, 0.0, 0.0, 0.0, 0.0, 0.0, 0.0, 0.0]}, 77.37643290242619, 2.079894542694092
{'left': 55826, 'right': 70037}, 0.001533981, {'header': {'stamp': {'sec': 1650618888, 'nanosec': 650031767}, 'frame_id': 'imu_link'}, 'orientation': {'x': 0.0038037553895264864, 'y': -0.11865555495023727, 'z': 0.6151547431945801, 'w': 0.7794115543365479}, 'orientation_covariance': [0.0, 0.0, 0.0, 0.0, 0.0, 0.0, 0.0, 0.0, 0.0], 'angular_velocity': {'x': 0.007449400145560503, 'y': 0.04576060175895691, 'z': -0.017027199268341064}, 'angular_velocity_covariance': [0.0, 0.0, 0.0, 0.0, 0.0, 0.0, 0.0, 0.0, 0.0], 'linear_acceleration': {'x': 1.2234370708465576, 'y': -1.7633295059204102, 'z': 10.34953498840332}, 'linear_acceleration_covariance': [0.0, 0.0, 0.0, 0.0, 0.0, 0.0, 0.0, 0.0, 0.0]}, 77.35049165490811, 2.1259765625
{'left': 55655, 'right': 70206}, 0.001533981, {'header': {'stamp': {'sec': 1650618888, 'nanosec': 699955725}, 'frame_id': 'imu_link'}, 'orientation': {'x': 0.005172155797481537, 'y': -0.1181916743516922, 'z': 0.6149678826332092, 'w': 0.7796217203140259}, 'orientation_covariance': [0.0, 0.0, 0.0, 0.0, 0.0, 0.0, 0.0, 0.0, 0.0], 'angular_velocity': {'x': 0.0063852001912891865, 'y': -0.06385199725627899, 'z': 0.011706200428307056}, 'angular_velocity_covariance': [0.0, 0.0, 0.0, 0.0, 0.0, 0.0, 0.0, 0.0, 0.0], 'linear_acceleration': {'x': 1.4712369441986084, 'y': -1.4993687868118286, 'z': 10.247182846069336}, 'linear_acceleration_covariance': [0.0, 0.0, 0.0, 0.0, 0.0, 0.0, 0.0, 0.0, 0.0]}, 77.30728790822567, 2.171321392059326
{'left': 55485, 'right': 70378}, 0.001533981, {'header': {'stamp': {'sec': 1650618888, 'nanosec': 699955725}, 'frame_id': 'imu_link'}, 'orientation': {'x': 0.005172155797481537, 'y': -0.1181916743516922, 'z': 0.6149678826332092, 'w': 0.7796217203140259}, 'orientation_covariance': [0.0, 0.0, 0.0, 0.0, 0.0, 0.0, 0.0, 0.0, 0.0], 'angular_velocity': {'x': 0.0063852001912891865, 'y': -0.06385199725627899, 'z': 0.011706200428307056}, 'angular_velocity_covariance': [0.0, 0.0, 0.0, 0.0, 0.0, 0.0, 0.0, 0.0, 0.0], 'linear_acceleration': {'x': 1.4712369441986084, 'y': -1.4993687868118286, 'z': 10.247182846069336}, 'linear_acceleration_covariance': [0.0, 0.0, 0.0, 0.0, 0.0, 0.0, 0.0, 0.0, 0.0]}, 77.2660260713244, 2.2172915935516357
{'left': 55485, 'right': 70378}, 0.001533981, {'header': {'stamp': {'sec': 1650618888, 'nanosec': 749938642}, 'frame_id': 'imu_link'}, 'orientation': {'x': 0.0037563960067927837, 'y': -0.119906947016716, 'z': 0.6143723130226135, 'w': 0.7798373699188232}, 'orientation_covariance': [0.0, 0.0, 0.0, 0.0, 0.0, 0.0, 0.0, 0.0, 0.0], 'angular_velocity': {'x': -0.06598039716482162, 'y': 0.1096125990152359, 'z': -0.059595201164484024}, 'angular_velocity_covariance': [0.0, 0.0, 0.0, 0.0, 0.0, 0.0, 0.0, 0.0, 0.0], 'linear_acceleration': {'x': 2.2200233936309814, 'y': -1.0833762884140015, 'z': 9.075221061706543}, 'linear_acceleration_covariance': [0.0, 0.0, 0.0, 0.0, 0.0, 0.0, 0.0, 0.0, 0.0]}, 77.12062890642791, 2.263566255569458
{'left': 55238, 'right': 70627}, 0.001533981, {'header': {'stamp': {'sec': 1650618888, 'nanosec': 799994215}, 'frame_id': 'imu_link'}, 'orientation': {'x': 0.0010281521826982498, 'y': -0.11564914882183075, 'z': 0.6140315532684326, 'w': 0.7807565927505493}, 'orientation_covariance': [0.0, 0.0, 0.0, 0.0, 0.0, 0.0, 0.0, 0.0, 0.0], 'angular_velocity': {'x': -0.015962999314069748, 'y': 0.06917300075292587, 'z': -0.007449400145560503}, 'angular_velocity_covariance': [0.0, 0.0, 0.0, 0.0, 0.0, 0.0, 0.0, 0.0, 0.0], 'linear_acceleration': {'x': 1.9578584432601929, 'y': -1.6508020162582397, 'z': 9.63306999206543}, 'linear_acceleration_covariance': [0.0, 0.0, 0.0, 0.0, 0.0, 0.0, 0.0, 0.0, 0.0]}, 77.07981525771433, 2.309570074081421
{'left': 54906, 'right': 70959}, 0.001533981, {'header': {'stamp': {'sec': 1650618888, 'nanosec': 849950778}, 'frame_id': 'imu_link'}, 'orientation': {'x': 0.0031456018332391977, 'y': -0.1156633123755455, 'z': 0.6137959957122803, 'w': 0.7809341549873352}, 'orientation_covariance': [0.0, 0.0, 0.0, 0.0, 0.0, 0.0, 0.0, 0.0, 0.0], 'angular_velocity': {'x': -0.020219799131155014, 'y': 0.041503798216581345, 'z': 0.0}, 'angular_velocity_covariance': [0.0, 0.0, 0.0, 0.0, 0.0, 0.0, 0.0, 0.0, 0.0], 'linear_acceleration': {'x': 2.0883424282073975, 'y': -0.973242998123169, 'z': 8.769960403442383}, 'linear_acceleration_covariance': [0.0, 0.0, 0.0, 0.0, 0.0, 0.0, 0.0, 0.0, 0.0]}, 76.95609690120796, 2.355790853500366
{'left': 54906, 'right': 70959}, 0.001533981, {'header': {'stamp': {'sec': 1650618888, 'nanosec': 899981246}, 'frame_id': 'imu_link'}, 'orientation': {'x': 0.0035422244109213352, 'y': -0.11474671214818954, 'z': 0.613111674785614, 'w': 0.7816048860549927}, 'orientation_covariance': [0.0, 0.0, 0.0, 0.0, 0.0, 0.0, 0.0, 0.0, 0.0], 'angular_velocity': {'x': -0.043632201850414276, 'y': 0.0, 'z': -0.01383460033684969}, 'angular_velocity_covariance': [0.0, 0.0, 0.0, 0.0, 0.0, 0.0, 0.0, 0.0, 0.0], 'linear_acceleration': {'x': 1.5059528350830078, 'y': -0.9971849918365479, 'z': 9.506775856018066}, 'linear_acceleration_covariance': [0.0, 0.0, 0.0, 0.0, 0.0, 0.0, 0.0, 0.0, 0.0]}, 76.89029171358074, 2.401587724685669
{'left': 54655, 'right': 71207}, 0.001533981, {'header': {'stamp': {'sec': 1650618888, 'nanosec': 949958955}, 'frame_id': 'imu_link'}, 'orientation': {'x': 0.003917373716831207, 'y': -0.11340072751045227, 'z': 0.6128867864608765, 'w': 0.7819758057594299}, 'orientation_covariance': [0.0, 0.0, 0.0, 0.0, 0.0, 0.0, 0.0, 0.0, 0.0], 'angular_velocity': {'x': 0.03724699839949608, 'y': 0.03724699839949608, 'z': -0.029797600582242012}, 'angular_velocity_covariance': [0.0, 0.0, 0.0, 0.0, 0.0, 0.0, 0.0, 0.0, 0.0], 'linear_acceleration': {'x': 1.4065934419631958, 'y': -1.103128433227539, 'z': 9.160215377807617}, 'linear_acceleration_covariance': [0.0, 0.0, 0.0, 0.0, 0.0, 0.0, 0.0, 0.0, 0.0]}, 76.89029171358074, 2.447171688079834
{'left': 54490, 'right': 71365}, 0.001533981, {'header': {'stamp': {'sec': 1650618888, 'nanosec': 999951402}, 'frame_id': 'imu_link'}, 'orientation': {'x': 0.007250129710882902, 'y': -0.11405692994594574, 'z': 0.6120798587799072, 'w': 0.7824884653091431}, 'orientation_covariance': [0.0, 0.0, 0.0, 0.0, 0.0, 0.0, 0.0, 0.0, 0.0], 'angular_velocity': {'x': 0.05533840134739876, 'y': -0.05533840134739876, 'z': -0.04043959826231003}, 'angular_velocity_covariance': [0.0, 0.0, 0.0, 0.0, 0.0, 0.0, 0.0, 0.0, 0.0], 'linear_acceleration': {'x': 1.6274585723876953, 'y': -1.1103110313415527, 'z': 9.418190956115723}, 'linear_acceleration_covariance': [0.0, 0.0, 0.0, 0.0, 0.0, 0.0, 0.0, 0.0, 0.0]}, 76.77642372950746, 2.4932732582092285
{'left': 54247, 'right': 71611}, 0.001533981, {'header': {'stamp': {'sec': 1650618889, 'nanosec': 49977288}, 'frame_id': 'imu_link'}, 'orientation': {'x': 0.007544904947280884, 'y': -0.1136973574757576, 'z': 0.6111875176429749, 'w': 0.7832350730895996}, 'orientation_covariance': [0.0, 0.0, 0.0, 0.0, 0.0, 0.0, 0.0, 0.0, 0.0], 'angular_velocity': {'x': 0.015962999314069748, 'y': 0.017027199268341064, 'z': -0.06172360107302666}, 'angular_velocity_covariance': [0.0, 0.0, 0.0, 0.0, 0.0, 0.0, 0.0, 0.0, 0.0], 'linear_acceleration': {'x': 1.082777738571167, 'y': -0.7200561761856079, 'z': 9.828197479248047}, 'linear_acceleration_covariance': [0.0, 0.0, 0.0, 0.0, 0.0, 0.0, 0.0, 0.0, 0.0]}, 76.63587897129774, 2.538611650466919
{'left': 54077, 'right': 71781}, 0.001533981, {'header': {'stamp': {'sec': 1650618889, 'nanosec': 99973434}, 'frame_id': 'imu_link'}, 'orientation': {'x': 0.006398226134479046, 'y': -0.11250454932451248, 'z': 0.6107417941093445, 'w': 0.7837651371955872}, 'orientation_covariance': [0.0, 0.0, 0.0, 0.0, 0.0, 0.0, 0.0, 0.0, 0.0], 'angular_velocity': {'x': 0.020219799131155014, 'y': 0.0, 'z': -0.03086180053651333}, 'angular_velocity_covariance': [0.0, 0.0, 0.0, 0.0, 0.0, 0.0, 0.0, 0.0, 0.0], 'linear_acceleration': {'x': 0.9403226971626282, 'y': -0.9062053561210632, 'z': 10.214860916137695}, 'linear_acceleration_covariance': [0.0, 0.0, 0.0, 0.0, 0.0, 0.0, 0.0, 0.0, 0.0]}, 76.54653050294743, 2.5855393409729004
{'left': 53918, 'right': 71947}, 0.001533981, {'header': {'stamp': {'sec': 1650618889, 'nanosec': 149969892}, 'frame_id': 'imu_link'}, 'orientation': {'x': 0.004355618730187416, 'y': -0.1107538565993309, 'z': 0.6099461913108826, 'w': 0.7846474647521973}, 'orientation_covariance': [0.0, 0.0, 0.0, 0.0, 0.0, 0.0, 0.0, 0.0, 0.0], 'angular_velocity': {'x': -0.04576060175895691, 'y': 0.0, 'z': -0.04256799817085266}, 'angular_velocity_covariance': [0.0, 0.0, 0.0, 0.0, 0.0, 0.0, 0.0, 0.0, 0.0], 'linear_acceleration': {'x': 1.8680758476257324, 'y': -1.3551181554794312, 'z': 10.908581733703613}, 'linear_acceleration_covariance': [0.0, 0.0, 0.0, 0.0, 0.0, 0.0, 0.0, 0.0, 0.0]}, 76.39635862634796, 2.6306653022766113
{'left': 53677, 'right': 72194}, 0.001533981, {'header': {'stamp': {'sec': 1650618889, 'nanosec': 200003225}, 'frame_id': 'imu_link'}, 'orientation': {'x': 0.0022142897360026836, 'y': -0.10792093724012375, 'z': 0.6099218130111694, 'w': 0.7850701212882996}, 'orientation_covariance': [0.0, 0.0, 0.0, 0.0, 0.0, 0.0, 0.0, 0.0, 0.0], 'angular_velocity': {'x': -0.04788900166749954, 'y': 0.03618279844522476, 'z': 0.011706200428307056}, 'angular_velocity_covariance': [0.0, 0.0, 0.0, 0.0, 0.0, 0.0, 0.0, 0.0, 0.0], 'linear_acceleration': {'x': 1.499967336654663, 'y': -1.3335703611373901, 'z': 10.925939559936523}, 'linear_acceleration_covariance': [0.0, 0.0, 0.0, 0.0, 0.0, 0.0, 0.0, 0.0, 0.0]}, 76.33614401177363, 2.6771912574768066
{'left': 53516, 'right': 72353}, 0.001533981, {'header': {'stamp': {'sec': 1650618889, 'nanosec': 249949267}, 'frame_id': 'imu_link'}, 'orientation': {'x': 0.00102163793053478, 'y': -0.10386306047439575, 'z': 0.610034704208374, 'w': 0.7855320572853088}, 'orientation_covariance': [0.0, 0.0, 0.0, 0.0, 0.0, 0.0, 0.0, 0.0, 0.0], 'angular_velocity': {'x': 0.07023719698190689, 'y': 0.005320999771356583, 'z': -0.02128399908542633}, 'angular_velocity_covariance': [0.0, 0.0, 0.0, 0.0, 0.0, 0.0, 0.0, 0.0, 0.0], 'linear_acceleration': {'x': 1.3449428081512451, 'y': -1.6089035272598267, 'z': 10.526107788085938}, 'linear_acceleration_covariance': [0.0, 0.0, 0.0, 0.0, 0.0, 0.0, 0.0, 0.0, 0.0]}, 76.26848940358587, 2.724473237991333
{'left': 53266, 'right': 72597}, 0.001533981, {'header': {'stamp': {'sec': 1650618889, 'nanosec': 299957288}, 'frame_id': 'imu_link'}, 'orientation': {'x': 0.0021691631991416216, 'y': -0.10449963808059692, 'z': 0.6097896099090576, 'w': 0.7856355309486389}, 'orientation_covariance': [0.0, 0.0, 0.0, 0.0, 0.0, 0.0, 0.0, 0.0, 0.0], 'angular_velocity': {'x': 0.04895320162177086, 'y': -0.0063852001912891865, 'z': -0.02447660081088543}, 'angular_velocity_covariance': [0.0, 0.0, 0.0, 0.0, 0.0, 0.0, 0.0, 0.0, 0.0], 'linear_acceleration': {'x': 1.666364312171936, 'y': -1.334767460823059, 'z': 9.349955558776855}, 'linear_acceleration_covariance': [0.0, 0.0, 0.0, 0.0, 0.0, 0.0, 0.0, 0.0, 0.0]}, 76.24281358295565, 2.7710609436035156
{'left': 53095, 'right': 72765}, 0.001533981, {'header': {'stamp': {'sec': 1650618889, 'nanosec': 349967548}, 'frame_id': 'imu_link'}, 'orientation': {'x': 0.004386494867503643, 'y': -0.10334954410791397, 'z': 0.6092162728309631, 'w': 0.7862230539321899}, 'orientation_covariance': [0.0, 0.0, 0.0, 0.0, 0.0, 0.0, 0.0, 0.0, 0.0], 'angular_velocity': {'x': 0.007449400145560503, 'y': -0.017027199268341064, 'z': -0.029797600582242012}, 'angular_velocity_covariance': [0.0, 0.0, 0.0, 0.0, 0.0, 0.0, 0.0, 0.0, 0.0], 'linear_acceleration': {'x': 1.280897855758667, 'y': -1.9285293817520142, 'z': 10.486004829406738}, 'linear_acceleration_covariance': [0.0, 0.0, 0.0, 0.0, 0.0, 0.0, 0.0, 0.0, 0.0]}, 76.1280898799523, 2.8166544437408447
{'left': 52935, 'right': 72928}, 0.001533981, {'header': {'stamp': {'sec': 1650618889, 'nanosec': 349967548}, 'frame_id': 'imu_link'}, 'orientation': {'x': 0.004386494867503643, 'y': -0.10334954410791397, 'z': 0.6092162728309631, 'w': 0.7862230539321899}, 'orientation_covariance': [0.0, 0.0, 0.0, 0.0, 0.0, 0.0, 0.0, 0.0, 0.0], 'angular_velocity': {'x': 0.007449400145560503, 'y': -0.017027199268341064, 'z': -0.029797600582242012}, 'angular_velocity_covariance': [0.0, 0.0, 0.0, 0.0, 0.0, 0.0, 0.0, 0.0, 0.0], 'linear_acceleration': {'x': 1.280897855758667, 'y': -1.9285293817520142, 'z': 10.486004829406738}, 'linear_acceleration_covariance': [0.0, 0.0, 0.0, 0.0, 0.0, 0.0, 0.0, 0.0, 0.0]}, 76.0261734948114, 2.861901044845581
{'left': 52685, 'right': 73178}, 0.001533981, {'header': {'stamp': {'sec': 1650618889, 'nanosec': 399943746}, 'frame_id': 'imu_link'}, 'orientation': {'x': 0.0042749433778226376, 'y': -0.1026858314871788, 'z': 0.6086117625236511, 'w': 0.7867785692214966}, 'orientation_covariance': [0.0, 0.0, 0.0, 0.0, 0.0, 0.0, 0.0, 0.0, 0.0], 'angular_velocity': {'x': 0.008513599634170532, 'y': -0.004256799817085266, 'z': -0.03086180053651333}, 'angular_velocity_covariance': [0.0, 0.0, 0.0, 0.0, 0.0, 0.0, 0.0, 0.0, 0.0], 'linear_acceleration': {'x': 2.2152349948883057, 'y': -1.2892775535583496, 'z': 9.405022621154785}, 'linear_acceleration_covariance': [0.0, 0.0, 0.0, 0.0, 0.0, 0.0, 0.0, 0.0, 0.0]}, 76.0261734948114, 2.9078564643859863
{'left': 52685, 'right': 73178}, 0.001533981, {'header': {'stamp': {'sec': 1650618889, 'nanosec': 399943746}, 'frame_id': 'imu_link'}, 'orientation': {'x': 0.0042749433778226376, 'y': -0.1026858314871788, 'z': 0.6086117625236511, 'w': 0.7867785692214966}, 'orientation_covariance': [0.0, 0.0, 0.0, 0.0, 0.0, 0.0, 0.0, 0.0, 0.0], 'angular_velocity': {'x': 0.008513599634170532, 'y': -0.004256799817085266, 'z': -0.03086180053651333}, 'angular_velocity_covariance': [0.0, 0.0, 0.0, 0.0, 0.0, 0.0, 0.0, 0.0, 0.0], 'linear_acceleration': {'x': 2.2152349948883057, 'y': -1.2892775535583496, 'z': 9.405022621154785}, 'linear_acceleration_covariance': [0.0, 0.0, 0.0, 0.0, 0.0, 0.0, 0.0, 0.0, 0.0]}, 76.00441938954701, 2.9537434577941895
{'left': 52524, 'right': 73339}, 0.001533981, {'header': {'stamp': {'sec': 1650618889, 'nanosec': 499983538}, 'frame_id': 'imu_link'}, 'orientation': {'x': -0.0003152571734972298, 'y': -0.1039666160941124, 'z': 0.607539713382721, 'w': 0.7874501943588257}, 'orientation_covariance': [0.0, 0.0, 0.0, 0.0, 0.0, 0.0, 0.0, 0.0, 0.0], 'angular_velocity': {'x': -0.02447660081088543, 'y': 0.04043959826231003, 'z': -0.04043959826231003}, 'angular_velocity_covariance': [0.0, 0.0, 0.0, 0.0, 0.0, 0.0, 0.0, 0.0, 0.0], 'linear_acceleration': {'x': 1.5987281799316406, 'y': -1.2497732639312744, 'z': 10.541669845581055}, 'linear_acceleration_covariance': [0.0, 0.0, 0.0, 0.0, 0.0, 0.0, 0.0, 0.0, 0.0]}, 75.91007035370137, 3.0007612705230713
{'left': 52109, 'right': 73756}, 0.001533981, {'header': {'stamp': {'sec': 1650618889, 'nanosec': 549961611}, 'frame_id': 'imu_link'}, 'orientation': {'x': -0.00011744820221792907, 'y': -0.10416609048843384, 'z': 0.6063981652259827, 'w': 0.7883032560348511}, 'orientation_covariance': [0.0, 0.0, 0.0, 0.0, 0.0, 0.0, 0.0, 0.0, 0.0], 'angular_velocity': {'x': 0.020219799131155014, 'y': -0.029797600582242012, 'z': -0.07236559689044952}, 'angular_velocity_covariance': [0.0, 0.0, 0.0, 0.0, 0.0, 0.0, 0.0, 0.0, 0.0], 'linear_acceleration': {'x': 1.5831658840179443, 'y': -1.3628993034362793, 'z': 10.23880386352539}, 'linear_acceleration_covariance': [0.0, 0.0, 0.0, 0.0, 0.0, 0.0, 0.0, 0.0, 0.0]}, 75.74723755065486, 3.0477025508880615
{'left': 52109, 'right': 73756}, 0.001533981, {'header': {'stamp': {'sec': 1650618889, 'nanosec': 599980986}, 'frame_id': 'imu_link'}, 'orientation': {'x': -0.0015402102144435048, 'y': -0.10347947478294373, 'z': 0.6059256196022034, 'w': 0.788755476474762}, 'orientation_covariance': [0.0, 0.0, 0.0, 0.0, 0.0, 0.0, 0.0, 0.0, 0.0], 'angular_velocity': {'x': -0.03724699839949608, 'y': 0.010641999542713165, 'z': -0.02766920067369938}, 'angular_velocity_covariance': [0.0, 0.0, 0.0, 0.0, 0.0, 0.0, 0.0, 0.0, 0.0], 'linear_acceleration': {'x': 1.754351258277893, 'y': -1.302445650100708, 'z': 9.803657531738281}, 'linear_acceleration_covariance': [0.0, 0.0, 0.0, 0.0, 0.0, 0.0, 0.0, 0.0, 0.0]}, 75.6681113509529, 3.09381103515625
{'left': 51948, 'right': 73917}, 0.001533981, {'header': {'stamp': {'sec': 1650618889, 'nanosec': 649962652}, 'frame_id': 'imu_link'}, 'orientation': {'x': -0.005951849278062582, 'y': -0.10246755927801132, 'z': 0.6052438616752625, 'w': 0.7893897891044617}, 'orientation_covariance': [0.0, 0.0, 0.0, 0.0, 0.0, 0.0, 0.0, 0.0, 0.0], 'angular_velocity': {'x': -0.04043959826231003, 'y': 0.08513599634170532, 'z': 0.0}, 'angular_velocity_covariance': [0.0, 0.0, 0.0, 0.0, 0.0, 0.0, 0.0, 0.0, 0.0], 'linear_acceleration': {'x': 2.1326351165771484, 'y': -1.3563152551651, 'z': 9.240421295166016}, 'linear_acceleration_covariance': [0.0, 0.0, 0.0, 0.0, 0.0, 0.0, 0.0, 0.0, 0.0]}, 75.56041741651437, 3.1391444206237793
{'left': 51698, 'right': 74162}, 0.001533981, {'header': {'stamp': {'sec': 1650618889, 'nanosec': 699990569}, 'frame_id': 'imu_link'}, 'orientation': {'x': -0.00690082972869277, 'y': -0.10212673246860504, 'z': 0.6055973172187805, 'w': 0.7891551852226257}, 'orientation_covariance': [0.0, 0.0, 0.0, 0.0, 0.0, 0.0, 0.0, 0.0, 0.0], 'angular_velocity': {'x': 0.0063852001912891865, 'y': 0.014898800291121006, 'z': 0.010641999542713165}, 'angular_velocity_covariance': [0.0, 0.0, 0.0, 0.0, 0.0, 0.0, 0.0, 0.0, 0.0], 'linear_acceleration': {'x': 2.4426841735839844, 'y': -1.3305776119232178, 'z': 9.28531265258789}, 'linear_acceleration_covariance': [0.0, 0.0, 0.0, 0.0, 0.0, 0.0, 0.0, 0.0, 0.0]}, 75.60734868341474, 3.1852660179138184
{'left': 51541, 'right': 74319}, 0.001533981, {'header': {'stamp': {'sec': 1650618889, 'nanosec': 749968329}, 'frame_id': 'imu_link'}, 'orientation': {'x': -0.004897826351225376, 'y': -0.10342194139957428, 'z': 0.6049625277519226, 'w': 0.7894883155822754}, 'orientation_covariance': [0.0, 0.0, 0.0, 0.0, 0.0, 0.0, 0.0, 0.0, 0.0], 'angular_velocity': {'x': -0.01383460033684969, 'y': -0.007449400145560503, 'z': -0.008513599634170532}, 'angular_velocity_covariance': [0.0, 0.0, 0.0, 0.0, 0.0, 0.0, 0.0, 0.0, 0.0], 'linear_acceleration': {'x': 1.798643946647644, 'y': -1.2814964056015015, 'z': 10.292074203491211}, 'linear_acceleration_covariance': [0.0, 0.0, 0.0, 0.0, 0.0, 0.0, 0.0, 0.0, 0.0]}, 75.53654741905228, 3.2324459552764893
{'left': 51283, 'right': 74579}, 0.001533981, {'header': {'stamp': {'sec': 1650618889, 'nanosec': 799975413}, 'frame_id': 'imu_link'}, 'orientation': {'x': -0.003216322511434555, 'y': -0.10347194224596024, 'z': 0.6051160097122192, 'w': 0.7893728017807007}, 'orientation_covariance': [0.0, 0.0, 0.0, 0.0, 0.0, 0.0, 0.0, 0.0, 0.0], 'angular_velocity': {'x': -0.004256799817085266, 'y': 0.03086180053651333, 'z': 0.03299019858241081}, 'angular_velocity_covariance': [0.0, 0.0, 0.0, 0.0, 0.0, 0.0, 0.0, 0.0, 0.0], 'linear_acceleration': {'x': 2.1739351749420166, 'y': -1.449090600013733, 'z': 9.371503829956055}, 'linear_acceleration_covariance': [0.0, 0.0, 0.0, 0.0, 0.0, 0.0, 0.0, 0.0, 0.0]}, 75.55503481944146, 3.277743339538574
{'left': 51123, 'right': 74741}, 0.001533981, {'header': {'stamp': {'sec': 1650618889, 'nanosec': 849977444}, 'frame_id': 'imu_link'}, 'orientation': {'x': -0.002040347084403038, 'y': -0.10492580384016037, 'z': 0.6053330898284912, 'w': 0.7890182137489319}, 'orientation_covariance': [0.0, 0.0, 0.0, 0.0, 0.0, 0.0, 0.0, 0.0, 0.0], 'angular_velocity': {'x': 0.025540800765156746, 'y': -0.041503798216581345, 'z': 0.014898800291121006}, 'angular_velocity_covariance': [0.0, 0.0, 0.0, 0.0, 0.0, 0.0, 0.0, 0.0, 0.0], 'linear_acceleration': {'x': 1.4167687892913818, 'y': -1.4718354940414429, 'z': 10.645817756652832}, 'linear_acceleration_covariance': [0.0, 0.0, 0.0, 0.0, 0.0, 0.0, 0.0, 0.0, 0.0]}, 75.61397401999369, 3.3234810829162598
{'left': 50961, 'right': 74902}, 0.001533981, {'header': {'stamp': {'sec': 1650618889, 'nanosec': 899959840}, 'frame_id': 'imu_link'}, 'orientation': {'x': -0.0004976412747055292, 'y': -0.1079077422618866, 'z': 0.6048736572265625, 'w': 0.7889708280563354}, 'orientation_covariance': [0.0, 0.0, 0.0, 0.0, 0.0, 0.0, 0.0, 0.0, 0.0], 'angular_velocity': {'x': -0.026605000719428062, 'y': 0.008513599634170532, 'z': -0.007449400145560503}, 'angular_velocity_covariance': [0.0, 0.0, 0.0, 0.0, 0.0, 0.0, 0.0, 0.0, 0.0], 'linear_acceleration': {'x': 1.9818004369735718, 'y': -0.9690531492233276, 'z': 9.008183479309082}, 'linear_acceleration_covariance': [0.0, 0.0, 0.0, 0.0, 0.0, 0.0, 0.0, 0.0, 0.0]}, 75.60689821931379, 3.37019419670105
{'left': 50961, 'right': 74902}, 0.001533981, {'header': {'stamp': {'sec': 1650618889, 'nanosec': 949963485}, 'frame_id': 'imu_link'}, 'orientation': {'x': -0.0030037814285606146, 'y': -0.10873919725418091, 'z': 0.6048087477684021, 'w': 0.7889007925987244}, 'orientation_covariance': [0.0, 0.0, 0.0, 0.0, 0.0, 0.0, 0.0, 0.0, 0.0], 'angular_velocity': {'x': 0.0, 'y': 0.03299019858241081, 'z': -0.01383460033684969}, 'angular_velocity_covariance': [0.0, 0.0, 0.0, 0.0, 0.0, 0.0, 0.0, 0.0, 0.0], 'linear_acceleration': {'x': 2.339733600616455, 'y': -1.411980390548706, 'z': 10.02452278137207}, 'linear_acceleration_covariance': [0.0, 0.0, 0.0, 0.0, 0.0, 0.0, 0.0, 0.0, 0.0]}, 75.62352182316077, 3.4172229766845703
{'left': 50549, 'right': 75310}, 0.001533981, {'header': {'stamp': {'sec': 1650618889, 'nanosec': 949963485}, 'frame_id': 'imu_link'}, 'orientation': {'x': -0.0030037814285606146, 'y': -0.10873919725418091, 'z': 0.6048087477684021, 'w': 0.7889007925987244}, 'orientation_covariance': [0.0, 0.0, 0.0, 0.0, 0.0, 0.0, 0.0, 0.0, 0.0], 'angular_velocity': {'x': 0.0, 'y': 0.03299019858241081, 'z': -0.01383460033684969}, 'angular_velocity_covariance': [0.0, 0.0, 0.0, 0.0, 0.0, 0.0, 0.0, 0.0, 0.0], 'linear_acceleration': {'x': 2.339733600616455, 'y': -1.411980390548706, 'z': 10.02452278137207}, 'linear_acceleration_covariance': [0.0, 0.0, 0.0, 0.0, 0.0, 0.0, 0.0, 0.0, 0.0]}, 75.5828550191988, 3.4636311531066895
{'left': 50293, 'right': 75563}, 0.001533981, {'header': {'stamp': {'sec': 1650618889, 'nanosec': 999948485}, 'frame_id': 'imu_link'}, 'orientation': {'x': -0.0026364850345999002, 'y': -0.109249047935009, 'z': 0.6044594049453735, 'w': 0.789099395275116}, 'orientation_covariance': [0.0, 0.0, 0.0, 0.0, 0.0, 0.0, 0.0, 0.0, 0.0], 'angular_velocity': {'x': 0.0, 'y': -0.01383460033684969, 'z': -0.028733400627970695}, 'angular_velocity_covariance': [0.0, 0.0, 0.0, 0.0, 0.0, 0.0, 0.0, 0.0, 0.0], 'linear_acceleration': {'x': 1.3204022645950317, 'y': -1.3329718112945557, 'z': 9.97184944152832}, 'linear_acceleration_covariance': [0.0, 0.0, 0.0, 0.0, 0.0, 0.0, 0.0, 0.0, 0.0]}, 75.50796295333684, 3.509519100189209
{'left': 50293, 'right': 75563}, 0.001533981, {'header': {'stamp': {'sec': 1650618890, 'nanosec': 49970465}, 'frame_id': 'imu_link'}, 'orientation': {'x': -0.0024990574456751347, 'y': -0.10989421606063843, 'z': 0.6038488745689392, 'w': 0.789477527141571}, 'orientation_covariance': [0.0, 0.0, 0.0, 0.0, 0.0, 0.0, 0.0, 0.0, 0.0], 'angular_velocity': {'x': -0.03086180053651333, 'y': -0.020219799131155014, 'z': -0.022348200902342796}, 'angular_velocity_covariance': [0.0, 0.0, 0.0, 0.0, 0.0, 0.0, 0.0, 0.0, 0.0], 'linear_acceleration': {'x': 1.1857284307479858, 'y': -1.3545196056365967, 'z': 10.34953498840332}, 'linear_acceleration_covariance': [0.0, 0.0, 0.0, 0.0, 0.0, 0.0, 0.0, 0.0, 0.0]}, 75.44624224290179, 3.5557069778442383
{'left': 49964, 'right': 75900}, 0.001533981, {'header': {'stamp': {'sec': 1650618890, 'nanosec': 99991610}, 'frame_id': 'imu_link'}, 'orientation': {'x': -0.002410724526271224, 'y': -0.10791270434856415, 'z': 0.6037282943725586, 'w': 0.7898434400558472}, 'orientation_covariance': [0.0, 0.0, 0.0, 0.0, 0.0, 0.0, 0.0, 0.0, 0.0], 'angular_velocity': {'x': 0.019155599176883698, 'y': 0.029797600582242012, 'z': -0.017027199268341064}, 'angular_velocity_covariance': [0.0, 0.0, 0.0, 0.0, 0.0, 0.0, 0.0, 0.0, 0.0], 'linear_acceleration': {'x': 1.4047977924346924, 'y': -0.8960299491882324, 'z': 10.075399398803711}, 'linear_acceleration_covariance': [0.0, 0.0, 0.0, 0.0, 0.0, 0.0, 0.0, 0.0, 0.0]}, 75.44624224290179, 3.602168560028076
{'left': 49964, 'right': 75900}, 0.001533981, {'header': {'stamp': {'sec': 1650618890, 'nanosec': 149950412}, 'frame_id': 'imu_link'}, 'orientation': {'x': 0.0006339536048471928, 'y': -0.1065591350197792, 'z': 0.6031205654144287, 'w': 0.7904946804046631}, 'orientation_covariance': [0.0, 0.0, 0.0, 0.0, 0.0, 0.0, 0.0, 0.0, 0.0], 'angular_velocity': {'x': 0.020219799131155014, 'y': -0.05533840134739876, 'z': -0.026605000719428062}, 'angular_velocity_covariance': [0.0, 0.0, 0.0, 0.0, 0.0, 0.0, 0.0, 0.0, 0.0], 'linear_acceleration': {'x': 1.5203180313110352, 'y': -1.3162124156951904, 'z': 10.60272216796875}, 'linear_acceleration_covariance': [0.0, 0.0, 0.0, 0.0, 0.0, 0.0, 0.0, 0.0, 0.0]}, 75.27677520887481, 3.648094654083252
{'left': 49543, 'right': 76325}, 0.001533981, {'header': {'stamp': {'sec': 1650618890, 'nanosec': 199967964}, 'frame_id': 'imu_link'}, 'orientation': {'x': -9.384709301230032e-06, 'y': -0.10591370612382889, 'z': 0.6029122471809387, 'w': 0.7907405495643616}, 'orientation_covariance': [0.0, 0.0, 0.0, 0.0, 0.0, 0.0, 0.0, 0.0, 0.0], 'angular_velocity': {'x': -0.04788900166749954, 'y': 0.0, 'z': -0.014898800291121006}, 'angular_velocity_covariance': [0.0, 0.0, 0.0, 0.0, 0.0, 0.0, 0.0, 0.0, 0.0], 'linear_acceleration': {'x': 1.877652645111084, 'y': -1.0013748407363892, 'z': 9.057265281677246}, 'linear_acceleration_covariance': [0.0, 0.0, 0.0, 0.0, 0.0, 0.0, 0.0, 0.0, 0.0]}, 75.27677520887481, 3.694458246231079
{'left': 49543, 'right': 76325}, 0.001533981, {'header': {'stamp': {'sec': 1650618890, 'nanosec': 249965621}, 'frame_id': 'imu_link'}, 'orientation': {'x': 0.0011449683224782348, 'y': -0.10618633776903152, 'z': 0.6026734113693237, 'w': 0.7908852100372314}, 'orientation_covariance': [0.0, 0.0, 0.0, 0.0, 0.0, 0.0, 0.0, 0.0, 0.0], 'angular_velocity': {'x': 0.0, 'y': -0.04043959826231003, 'z': 0.011706200428307056}, 'angular_velocity_covariance': [0.0, 0.0, 0.0, 0.0, 0.0, 0.0, 0.0, 0.0, 0.0], 'linear_acceleration': {'x': 1.67893385887146, 'y': -0.9044097065925598, 'z': 9.137470245361328}, 'linear_acceleration_covariance': [0.0, 0.0, 0.0, 0.0, 0.0, 0.0, 0.0, 0.0, 0.0]}, 75.24427163123634, 3.7409214973449707
{'left': 49371, 'right': 76493}, 0.001533981, {'header': {'stamp': {'sec': 1650618890, 'nanosec': 299965517}, 'frame_id': 'imu_link'}, 'orientation': {'x': 0.0018247092375531793, 'y': -0.10597489774227142, 'z': 0.6026950478553772, 'w': 0.7908958196640015}, 'orientation_covariance': [0.0, 0.0, 0.0, 0.0, 0.0, 0.0, 0.0, 0.0, 0.0], 'angular_velocity': {'x': 0.015962999314069748, 'y': 0.0, 'z': -0.03086180053651333}, 'angular_velocity_covariance': [0.0, 0.0, 0.0, 0.0, 0.0, 0.0, 0.0, 0.0, 0.0], 'linear_acceleration': {'x': 1.8926163911819458, 'y': -0.9558849930763245, 'z': 8.961496353149414}, 'linear_acceleration_covariance': [0.0, 0.0, 0.0, 0.0, 0.0, 0.0, 0.0, 0.0, 0.0]}, 75.24072984338127, 3.7866482734680176
{'left': 49114, 'right': 76747}, 0.001533981, {'header': {'stamp': {'sec': 1650618890, 'nanosec': 349970048}, 'frame_id': 'imu_link'}, 'orientation': {'x': 0.001001486205495894, 'y': -0.10686655342578888, 'z': 0.6025522351264954, 'w': 0.7908860445022583}, 'orientation_covariance': [0.0, 0.0, 0.0, 0.0, 0.0, 0.0, 0.0, 0.0, 0.0], 'angular_velocity': {'x': -0.01809139922261238, 'y': 0.005320999771356583, 'z': 0.012770400382578373}, 'angular_velocity_covariance': [0.0, 0.0, 0.0, 0.0, 0.0, 0.0, 0.0, 0.0, 0.0], 'linear_acceleration': {'x': 1.7968482971191406, 'y': -1.2826935052871704, 'z': 9.64803409576416}, 'linear_acceleration_covariance': [0.0, 0.0, 0.0, 0.0, 0.0, 0.0, 0.0, 0.0, 0.0]}, 75.2417527798815, 3.832897186279297
{'left': 48943, 'right': 76918}, 0.001533981, {'header': {'stamp': {'sec': 1650618890, 'nanosec': 399978381}, 'frame_id': 'imu_link'}, 'orientation': {'x': 0.0016342161688953638, 'y': -0.10714594274759293, 'z': 0.6025657653808594, 'w': 0.7908369898796082}, 'orientation_covariance': [0.0, 0.0, 0.0, 0.0, 0.0, 0.0, 0.0, 0.0, 0.0], 'angular_velocity': {'x': 0.01809139922261238, 'y': -0.02128399908542633, 'z': 0.0}, 'angular_velocity_covariance': [0.0, 0.0, 0.0, 0.0, 0.0, 0.0, 0.0, 0.0, 0.0], 'linear_acceleration': {'x': 1.9835960865020752, 'y': -1.6615759134292603, 'z': 10.15141487121582}, 'linear_acceleration_covariance': [0.0, 0.0, 0.0, 0.0, 0.0, 0.0, 0.0, 0.0, 0.0]}, 75.24773630118007, 3.8792567253112793
{'left': 48773, 'right': 77091}, 0.001533981, {'header': {'stamp': {'sec': 1650618890, 'nanosec': 449966454}, 'frame_id': 'imu_link'}, 'orientation': {'x': 0.001164749264717102, 'y': -0.1069033220410347, 'z': 0.602699339389801, 'w': 0.7907687425613403}, 'orientation_covariance': [0.0, 0.0, 0.0, 0.0, 0.0, 0.0, 0.0, 0.0, 0.0], 'angular_velocity': {'x': 0.0, 'y': -0.025540800765156746, 'z': -0.01383460033684969}, 'angular_velocity_covariance': [0.0, 0.0, 0.0, 0.0, 0.0, 0.0, 0.0, 0.0, 0.0], 'linear_acceleration': {'x': 1.3353660106658936, 'y': -1.315613865852356, 'z': 10.09934139251709}, 'linear_acceleration_covariance': [0.0, 0.0, 0.0, 0.0, 0.0, 0.0, 0.0, 0.0, 0.0]}, 75.26340932782011, 3.9254088401794434
{'left': 48528, 'right': 77338}, 0.001533981, {'header': {'stamp': {'sec': 1650618890, 'nanosec': 449966454}, 'frame_id': 'imu_link'}, 'orientation': {'x': 0.001164749264717102, 'y': -0.1069033220410347, 'z': 0.602699339389801, 'w': 0.7907687425613403}, 'orientation_covariance': [0.0, 0.0, 0.0, 0.0, 0.0, 0.0, 0.0, 0.0, 0.0], 'angular_velocity': {'x': 0.0, 'y': -0.025540800765156746, 'z': -0.01383460033684969}, 'angular_velocity_covariance': [0.0, 0.0, 0.0, 0.0, 0.0, 0.0, 0.0, 0.0, 0.0], 'linear_acceleration': {'x': 1.3353660106658936, 'y': -1.315613865852356, 'z': 10.09934139251709}, 'linear_acceleration_covariance': [0.0, 0.0, 0.0, 0.0, 0.0, 0.0, 0.0, 0.0, 0.0]}, 75.23810249487279, 3.971411943435669
{'left': 48362, 'right': 77501}, 0.001533981, {'header': {'stamp': {'sec': 1650618890, 'nanosec': 549967704}, 'frame_id': 'imu_link'}, 'orientation': {'x': -0.0013688640901818871, 'y': -0.1065419614315033, 'z': 0.603041410446167, 'w': 0.7905563712120056}, 'orientation_covariance': [0.0, 0.0, 0.0, 0.0, 0.0, 0.0, 0.0, 0.0, 0.0], 'angular_velocity': {'x': 0.03405439853668213, 'y': 0.007449400145560503, 'z': -0.04469640180468559}, 'angular_velocity_covariance': [0.0, 0.0, 0.0, 0.0, 0.0, 0.0, 0.0, 0.0, 0.0], 'linear_acceleration': {'x': 1.5693992376327515, 'y': -1.3503297567367554, 'z': 10.470442771911621}, 'linear_acceleration_covariance': [0.0, 0.0, 0.0, 0.0, 0.0, 0.0, 0.0, 0.0, 0.0]}, 75.31330180005273, 4.016643524169922
{'left': 48193, 'right': 77669}, 0.001533981, {'header': {'stamp': {'sec': 1650618890, 'nanosec': 549967704}, 'frame_id': 'imu_link'}, 'orientation': {'x': -0.0013688640901818871, 'y': -0.1065419614315033, 'z': 0.603041410446167, 'w': 0.7905563712120056}, 'orientation_covariance': [0.0, 0.0, 0.0, 0.0, 0.0, 0.0, 0.0, 0.0, 0.0], 'angular_velocity': {'x': 0.03405439853668213, 'y': 0.007449400145560503, 'z': -0.04469640180468559}, 'angular_velocity_covariance': [0.0, 0.0, 0.0, 0.0, 0.0, 0.0, 0.0, 0.0, 0.0], 'linear_acceleration': {'x': 1.5693992376327515, 'y': -1.3503297567367554, 'z': 10.470442771911621}, 'linear_acceleration_covariance': [0.0, 0.0, 0.0, 0.0, 0.0, 0.0, 0.0, 0.0, 0.0]}, 75.2219202196299, 4.0626890659332275
{'left': 47936, 'right': 77924}, 0.001533981, {'header': {'stamp': {'sec': 1650618890, 'nanosec': 599947235}, 'frame_id': 'imu_link'}, 'orientation': {'x': -3.51399794453755e-05, 'y': -0.1059974655508995, 'z': 0.6025218367576599, 'w': 0.7910268306732178}, 'orientation_covariance': [0.0, 0.0, 0.0, 0.0, 0.0, 0.0, 0.0, 0.0, 0.0], 'angular_velocity': {'x': -0.050017401576042175, 'y': -0.028733400627970695, 'z': 0.011706200428307056}, 'angular_velocity_covariance': [0.0, 0.0, 0.0, 0.0, 0.0, 0.0, 0.0, 0.0, 0.0], 'linear_acceleration': {'x': 1.3239935636520386, 'y': -0.9361328482627869, 'z': 10.06043529510498}, 'linear_acceleration_covariance': [0.0, 0.0, 0.0, 0.0, 0.0, 0.0, 0.0, 0.0, 0.0]}, 75.32559167379783, 4.1086530685424805
{'left': 47936, 'right': 77924}, 0.001533981, {'header': {'stamp': {'sec': 1650618890, 'nanosec': 649970516}, 'frame_id': 'imu_link'}, 'orientation': {'x': -0.0015426146565005183, 'y': -0.10623383522033691, 'z': 0.6031680107116699, 'w': 0.7905008792877197}, 'orientation_covariance': [0.0, 0.0, 0.0, 0.0, 0.0, 0.0, 0.0, 0.0, 0.0], 'angular_velocity': {'x': -0.0776866003870964, 'y': 0.015962999314069748, 'z': 0.06278780102729797}, 'angular_velocity_covariance': [0.0, 0.0, 0.0, 0.0, 0.0, 0.0, 0.0, 0.0, 0.0], 'linear_acceleration': {'x': 1.1330559253692627, 'y': -1.3569138050079346, 'z': 10.058639526367188}, 'linear_acceleration_covariance': [0.0, 0.0, 0.0, 0.0, 0.0, 0.0, 0.0, 0.0, 0.0]}, 75.42007659205588, 4.155511140823364
{'left': 47606, 'right': 78257}, 0.001533981, {'header': {'stamp': {'sec': 1650618890, 'nanosec': 699985985}, 'frame_id': 'imu_link'}, 'orientation': {'x': -0.0019773971289396286, 'y': -0.10731234401464462, 'z': 0.6036478877067566, 'w': 0.7899879217147827}, 'orientation_covariance': [0.0, 0.0, 0.0, 0.0, 0.0, 0.0, 0.0, 0.0, 0.0], 'angular_velocity': {'x': 0.041503798216581345, 'y': -0.026605000719428062, 'z': -0.008513599634170532}, 'angular_velocity_covariance': [0.0, 0.0, 0.0, 0.0, 0.0, 0.0, 0.0, 0.0, 0.0], 'linear_acceleration': {'x': 1.6083049774169922, 'y': -1.2437877655029297, 'z': 10.562020301818848}, 'linear_acceleration_covariance': [0.0, 0.0, 0.0, 0.0, 0.0, 0.0, 0.0, 0.0, 0.0]}, 75.31689044614339, 4.201660394668579
{'left': 47355, 'right': 78513}, 0.001533981, {'header': {'stamp': {'sec': 1650618890, 'nanosec': 749953225}, 'frame_id': 'imu_link'}, 'orientation': {'x': -0.001929371035657823, 'y': -0.10579411685466766, 'z': 0.6031649708747864, 'w': 0.7905614972114563}, 'orientation_covariance': [0.0, 0.0, 0.0, 0.0, 0.0, 0.0, 0.0, 0.0, 0.0], 'angular_velocity': {'x': 0.009577799588441849, 'y': -0.038311198353767395, 'z': -0.06598039716482162}, 'angular_velocity_covariance': [0.0, 0.0, 0.0, 0.0, 0.0, 0.0, 0.0, 0.0, 0.0], 'linear_acceleration': {'x': 1.2509703636169434, 'y': -1.492186188697815, 'z': 10.774505615234375}, 'linear_acceleration_covariance': [0.0, 0.0, 0.0, 0.0, 0.0, 0.0, 0.0, 0.0, 0.0]}, 75.31689044614339, 4.247917652130127
{'left': 47355, 'right': 78513}, 0.001533981, {'header': {'stamp': {'sec': 1650618890, 'nanosec': 799994996}, 'frame_id': 'imu_link'}, 'orientation': {'x': -0.0022925434168428183, 'y': -0.10577461123466492, 'z': 0.6029131412506104, 'w': 0.7907550930976868}, 'orientation_covariance': [0.0, 0.0, 0.0, 0.0, 0.0, 0.0, 0.0, 0.0, 0.0], 'angular_velocity': {'x': -0.03299019858241081, 'y': 0.011706200428307056, 'z': 0.011706200428307056}, 'angular_velocity_covariance': [0.0, 0.0, 0.0, 0.0, 0.0, 0.0, 0.0, 0.0, 0.0], 'linear_acceleration': {'x': 1.5526397228240967, 'y': -1.4844050407409668, 'z': 10.493785858154297}, 'linear_acceleration_covariance': [0.0, 0.0, 0.0, 0.0, 0.0, 0.0, 0.0, 0.0, 0.0]}, 75.20078665333375, 4.293282747268677
{'left': 47182, 'right': 78684}, 0.001533981, {'header': {'stamp': {'sec': 1650618890, 'nanosec': 849962652}, 'frame_id': 'imu_link'}, 'orientation': {'x': -0.0016854506684467196, 'y': -0.1049824059009552, 'z': 0.6024901866912842, 'w': 0.7911844849586487}, 'orientation_covariance': [0.0, 0.0, 0.0, 0.0, 0.0, 0.0, 0.0, 0.0, 0.0], 'angular_velocity': {'x': 0.05214580148458481, 'y': -0.020219799131155014, 'z': -0.03299019858241081}, 'angular_velocity_covariance': [0.0, 0.0, 0.0, 0.0, 0.0, 0.0, 0.0, 0.0, 0.0], 'linear_acceleration': {'x': 1.7142484188079834, 'y': -1.4191629886627197, 'z': 10.781688690185547}, 'linear_acceleration_covariance': [0.0, 0.0, 0.0, 0.0, 0.0, 0.0, 0.0, 0.0, 0.0]}, 75.20078665333375, 4.340923070907593
{'left': 47017, 'right': 78844}, 0.001533981, {'header': {'stamp': {'sec': 1650618890, 'nanosec': 899971662}, 'frame_id': 'imu_link'}, 'orientation': {'x': -0.0005739677581004798, 'y': -0.1059616357088089, 'z': 0.6018003225326538, 'w': 0.7915804386138916}, 'orientation_covariance': [0.0, 0.0, 0.0, 0.0, 0.0, 0.0, 0.0, 0.0, 0.0], 'angular_velocity': {'x': 0.0, 'y': -0.020219799131155014, 'z': -0.04576060175895691}, 'angular_velocity_covariance': [0.0, 0.0, 0.0, 0.0, 0.0, 0.0, 0.0, 0.0, 0.0], 'linear_acceleration': {'x': 1.8722656965255737, 'y': -1.723825216293335, 'z': 10.493186950683594}, 'linear_acceleration_covariance': [0.0, 0.0, 0.0, 0.0, 0.0, 0.0, 0.0, 0.0, 0.0]}, 75.11806411222875, 4.388291358947754
{'left': 46759, 'right': 79097}, 0.001533981, {'header': {'stamp': {'sec': 1650618890, 'nanosec': 949981506}, 'frame_id': 'imu_link'}, 'orientation': {'x': -0.003861161647364497, 'y': -0.1050848737359047, 'z': 0.601035475730896, 'w': 0.7922689914703369}, 'orientation_covariance': [0.0, 0.0, 0.0, 0.0, 0.0, 0.0, 0.0, 0.0, 0.0], 'angular_velocity': {'x': -0.011706200428307056, 'y': 0.020219799131155014, 'z': 0.005320999771356583}, 'angular_velocity_covariance': [0.0, 0.0, 0.0, 0.0, 0.0, 0.0, 0.0, 0.0, 0.0], 'linear_acceleration': {'x': 1.4323310852050781, 'y': -1.6250643730163574, 'z': 10.69609546661377}, 'linear_acceleration_covariance': [0.0, 0.0, 0.0, 0.0, 0.0, 0.0, 0.0, 0.0, 0.0]}, 74.99862201274053, 4.436163663864136
{'left': 46586, 'right': 79271}, 0.001533981, {'header': {'stamp': {'sec': 1650618890, 'nanosec': 999963902}, 'frame_id': 'imu_link'}, 'orientation': {'x': -0.0023299267049878836, 'y': -0.10481473058462143, 'z': 0.6004965901374817, 'w': 0.7927191853523254}, 'orientation_covariance': [0.0, 0.0, 0.0, 0.0, 0.0, 0.0, 0.0, 0.0, 0.0], 'angular_velocity': {'x': 0.02447660081088543, 'y': 0.007449400145560503, 'z': -0.056402601301670074}, 'angular_velocity_covariance': [0.0, 0.0, 0.0, 0.0, 0.0, 0.0, 0.0, 0.0, 0.0], 'linear_acceleration': {'x': 2.029085874557495, 'y': -1.224035620689392, 'z': 9.5995512008667}, 'linear_acceleration_covariance': [0.0, 0.0, 0.0, 0.0, 0.0, 0.0, 0.0, 0.0, 0.0]}, 74.9100505861972, 4.484035015106201
{'left': 46337, 'right': 79516}, 0.001533981, {'header': {'stamp': {'sec': 1650618891, 'nanosec': 49959631}, 'frame_id': 'imu_link'}, 'orientation': {'x': -0.00018509090295992792, 'y': -0.10445283353328705, 'z': 0.5995894074440002, 'w': 0.7934568524360657}, 'orientation_covariance': [0.0, 0.0, 0.0, 0.0, 0.0, 0.0, 0.0, 0.0, 0.0], 'angular_velocity': {'x': -0.014898800291121006, 'y': 0.0, 'z': -0.03299019858241081}, 'angular_velocity_covariance': [0.0, 0.0, 0.0, 0.0, 0.0, 0.0, 0.0, 0.0, 0.0], 'linear_acceleration': {'x': 1.977012038230896, 'y': -1.3886369466781616, 'z': 9.242815971374512}, 'linear_acceleration_covariance': [0.0, 0.0, 0.0, 0.0, 0.0, 0.0, 0.0, 0.0, 0.0]}, 74.76423751472367, 4.530389785766602
{'left': 46168, 'right': 79688}, 0.001533981, {'header': {'stamp': {'sec': 1650618891, 'nanosec': 99970777}, 'frame_id': 'imu_link'}, 'orientation': {'x': 0.002106667263433337, 'y': -0.1037721335887909, 'z': 0.5991312861442566, 'w': 0.7938891053199768}, 'orientation_covariance': [0.0, 0.0, 0.0, 0.0, 0.0, 0.0, 0.0, 0.0, 0.0], 'angular_velocity': {'x': 0.01809139922261238, 'y': -0.03937539830803871, 'z': 0.0}, 'angular_velocity_covariance': [0.0, 0.0, 0.0, 0.0, 0.0, 0.0, 0.0, 0.0, 0.0], 'linear_acceleration': {'x': 1.2156559228897095, 'y': -1.3563152551651, 'z': 10.8690767288208}, 'linear_acceleration_covariance': [0.0, 0.0, 0.0, 0.0, 0.0, 0.0, 0.0, 0.0, 0.0]}, 74.67629611304534, 4.578295946121216
{'left': 46013, 'right': 79851}, 0.001533981, {'header': {'stamp': {'sec': 1650618891, 'nanosec': 149992443}, 'frame_id': 'imu_link'}, 'orientation': {'x': -0.0003051144303753972, 'y': -0.10273582488298416, 'z': 0.5998519062995911, 'w': 0.7934824824333191}, 'orientation_covariance': [0.0, 0.0, 0.0, 0.0, 0.0, 0.0, 0.0, 0.0, 0.0], 'angular_velocity': {'x': 0.06917300075292587, 'y': -0.043632201850414276, 'z': 0.009577799588441849}, 'angular_velocity_covariance': [0.0, 0.0, 0.0, 0.0, 0.0, 0.0, 0.0, 0.0, 0.0], 'linear_acceleration': {'x': 1.732803463935852, 'y': -1.3389573097229004, 'z': 10.487800598144531}, 'linear_acceleration_covariance': [0.0, 0.0, 0.0, 0.0, 0.0, 0.0, 0.0, 0.0, 0.0]}, 74.76684788728797, 4.624371528625488
{'left': 45770, 'right': 80099}, 0.001533981, {'header': {'stamp': {'sec': 1650618891, 'nanosec': 199977339}, 'frame_id': 'imu_link'}, 'orientation': {'x': 0.0007573604234494269, 'y': -0.10530707240104675, 'z': 0.5999086499214172, 'w': 0.7931021451950073}, 'orientation_covariance': [0.0, 0.0, 0.0, 0.0, 0.0, 0.0, 0.0, 0.0, 0.0], 'angular_velocity': {'x': 0.020219799131155014, 'y': -0.010641999542713165, 'z': 0.020219799131155014}, 'angular_velocity_covariance': [0.0, 0.0, 0.0, 0.0, 0.0, 0.0, 0.0, 0.0, 0.0], 'linear_acceleration': {'x': 1.755548357963562, 'y': -1.3251906633377075, 'z': 9.278129577636719}, 'linear_acceleration_covariance': [0.0, 0.0, 0.0, 0.0, 0.0, 0.0, 0.0, 0.0, 0.0]}, 74.82549383133237, 4.670367002487183
{'left': 45597, 'right': 80266}, 0.001533981, {'header': {'stamp': {'sec': 1650618891, 'nanosec': 249969995}, 'frame_id': 'imu_link'}, 'orientation': {'x': 0.0010313342791050673, 'y': -0.10382473468780518, 'z': 0.6005436182022095, 'w': 0.7928165793418884}, 'orientation_covariance': [0.0, 0.0, 0.0, 0.0, 0.0, 0.0, 0.0, 0.0, 0.0], 'angular_velocity': {'x': 0.005320999771356583, 'y': 0.041503798216581345, 'z': 0.011706200428307056}, 'angular_velocity_covariance': [0.0, 0.0, 0.0, 0.0, 0.0, 0.0, 0.0, 0.0, 0.0], 'linear_acceleration': {'x': 1.478419542312622, 'y': -1.0073603391647339, 'z': 9.989208221435547}, 'linear_acceleration_covariance': [0.0, 0.0, 0.0, 0.0, 0.0, 0.0, 0.0, 0.0, 0.0]}, 74.88548368621632, 4.716510772705078
{'left': 45426, 'right': 80435}, 0.001533981, {'header': {'stamp': {'sec': 1650618891, 'nanosec': 249969995}, 'frame_id': 'imu_link'}, 'orientation': {'x': 0.0010313342791050673, 'y': -0.10382473468780518, 'z': 0.6005436182022095, 'w': 0.7928165793418884}, 'orientation_covariance': [0.0, 0.0, 0.0, 0.0, 0.0, 0.0, 0.0, 0.0, 0.0], 'angular_velocity': {'x': 0.005320999771356583, 'y': 0.041503798216581345, 'z': 0.011706200428307056}, 'angular_velocity_covariance': [0.0, 0.0, 0.0, 0.0, 0.0, 0.0, 0.0, 0.0, 0.0], 'linear_acceleration': {'x': 1.478419542312622, 'y': -1.0073603391647339, 'z': 9.989208221435547}, 'linear_acceleration_covariance': [0.0, 0.0, 0.0, 0.0, 0.0, 0.0, 0.0, 0.0, 0.0]}, 74.94628311348781, 4.7625932693481445
{'left': 45180, 'right': 80681}, 0.001533981, {'header': {'stamp': {'sec': 1650618891, 'nanosec': 299941558}, 'frame_id': 'imu_link'}, 'orientation': {'x': 7.15771020622924e-05, 'y': -0.10432028770446777, 'z': 0.6008704304695129, 'w': 0.7925044298171997}, 'orientation_covariance': [0.0, 0.0, 0.0, 0.0, 0.0, 0.0, 0.0, 0.0, 0.0], 'angular_velocity': {'x': 0.0, 'y': -0.03405439853668213, 'z': 0.012770400382578373}, 'angular_velocity_covariance': [0.0, 0.0, 0.0, 0.0, 0.0, 0.0, 0.0, 0.0, 0.0], 'linear_acceleration': {'x': 1.1899182796478271, 'y': -1.7615338563919067, 'z': 10.547057151794434}, 'linear_acceleration_covariance': [0.0, 0.0, 0.0, 0.0, 0.0, 0.0, 0.0, 0.0, 0.0]}, 74.88153797373582, 4.809531927108765
{'left': 45180, 'right': 80681}, 0.001533981, {'header': {'stamp': {'sec': 1650618891, 'nanosec': 349962287}, 'frame_id': 'imu_link'}, 'orientation': {'x': 0.002239143243059516, 'y': -0.10431711375713348, 'z': 0.6004719734191895, 'w': 0.7928037047386169}, 'orientation_covariance': [0.0, 0.0, 0.0, 0.0, 0.0, 0.0, 0.0, 0.0, 0.0], 'angular_velocity': {'x': -0.029797600582242012, 'y': 0.03299019858241081, 'z': 0.0}, 'angular_velocity_covariance': [0.0, 0.0, 0.0, 0.0, 0.0, 0.0, 0.0, 0.0, 0.0], 'linear_acceleration': {'x': 2.0045454502105713, 'y': -1.390432596206665, 'z': 10.254963874816895}, 'linear_acceleration_covariance': [0.0, 0.0, 0.0, 0.0, 0.0, 0.0, 0.0, 0.0, 0.0]}, 74.86628009920756, 4.854910135269165
{'left': 44850, 'right': 81012}, 0.001533981, {'header': {'stamp': {'sec': 1650618891, 'nanosec': 399991349}, 'frame_id': 'imu_link'}, 'orientation': {'x': 0.002732922788709402, 'y': -0.1050461158156395, 'z': 0.6002721190452576, 'w': 0.79285728931427}, 'orientation_covariance': [0.0, 0.0, 0.0, 0.0, 0.0, 0.0, 0.0, 0.0, 0.0], 'angular_velocity': {'x': 0.01809139922261238, 'y': 0.03724699839949608, 'z': -0.004256799817085266}, 'angular_velocity_covariance': [0.0, 0.0, 0.0, 0.0, 0.0, 0.0, 0.0, 0.0, 0.0], 'linear_acceleration': {'x': 1.7513585090637207, 'y': -1.1450269222259521, 'z': 9.084797859191895}, 'linear_acceleration_covariance': [0.0, 0.0, 0.0, 0.0, 0.0, 0.0, 0.0, 0.0, 0.0]}, 74.82384948198049, 4.902523994445801
{'left': 44850, 'right': 81012}, 0.001533981, {'header': {'stamp': {'sec': 1650618891, 'nanosec': 449959214}, 'frame_id': 'imu_link'}, 'orientation': {'x': 0.003049116814509034, 'y': -0.10439024865627289, 'z': 0.6000816226005554, 'w': 0.7930869460105896}, 'orientation_covariance': [0.0, 0.0, 0.0, 0.0, 0.0, 0.0, 0.0, 0.0, 0.0], 'angular_velocity': {'x': 0.028733400627970695, 'y': -0.026605000719428062, 'z': -0.02447660081088543}, 'angular_velocity_covariance': [0.0, 0.0, 0.0, 0.0, 0.0, 0.0, 0.0, 0.0, 0.0], 'linear_acceleration': {'x': 2.190694570541382, 'y': -1.1414356231689453, 'z': 9.184157371520996}, 'linear_acceleration_covariance': [0.0, 0.0, 0.0, 0.0, 0.0, 0.0, 0.0, 0.0, 0.0]}, 74.82384948198049, 4.947421073913574
{'left': 44604, 'right': 81262}, 0.001533981, {'header': {'stamp': {'sec': 1650618891, 'nanosec': 500048485}, 'frame_id': 'imu_link'}, 'orientation': {'x': 0.001611780491657555, 'y': -0.10588038712739944, 'z': 0.5999521017074585, 'w': 0.792991578578949}, 'orientation_covariance': [0.0, 0.0, 0.0, 0.0, 0.0, 0.0, 0.0, 0.0, 0.0], 'angular_velocity': {'x': -0.05108160153031349, 'y': 0.04256799817085266, 'z': 0.0}, 'angular_velocity_covariance': [0.0, 0.0, 0.0, 0.0, 0.0, 0.0, 0.0, 0.0, 0.0], 'linear_acceleration': {'x': 1.5747861862182617, 'y': -1.2132617235183716, 'z': 8.739434242248535}, 'linear_acceleration_covariance': [0.0, 0.0, 0.0, 0.0, 0.0, 0.0, 0.0, 0.0, 0.0]}, 74.84119614371227, 4.99389386177063
{'left': 44433, 'right': 81429}, 0.001533981, {'header': {'stamp': {'sec': 1650618891, 'nanosec': 549976297}, 'frame_id': 'imu_link'}, 'orientation': {'x': -0.000468718382762745, 'y': -0.10405682027339935, 'z': 0.5999452471733093, 'w': 0.7932394742965698}, 'orientation_covariance': [0.0, 0.0, 0.0, 0.0, 0.0, 0.0, 0.0, 0.0, 0.0], 'angular_velocity': {'x': 0.015962999314069748, 'y': 0.06810879707336426, 'z': -0.004256799817085266}, 'angular_velocity_covariance': [0.0, 0.0, 0.0, 0.0, 0.0, 0.0, 0.0, 0.0, 0.0], 'linear_acceleration': {'x': 1.324592113494873, 'y': -1.371279001235962, 'z': 9.55825138092041}, 'linear_acceleration_covariance': [0.0, 0.0, 0.0, 0.0, 0.0, 0.0, 0.0, 0.0, 0.0]}, 74.80836458694918, 5.040586233139038
